Component,Source Plate Name,Source Well,Destination Well,Transfer Volume,Destination Plate Name,Source Plate Type
layer1-slat1-up-copy1_h2_staple_1,sw_src009,{A5;B5;C5;D5},A1,200,repeating_units_slats_regular_1,384PP_AQ_BP
layer1-slat1-up-copy1_h2_staple_2,sw_src009,{A6;B6;C6;D6},A1,200,repeating_units_slats_regular_1,384PP_AQ_BP
layer1-slat1-up-copy1_h2_staple_3,sw_src009,{A7;B7;C7;D7},A1,200,repeating_units_slats_regular_1,384PP_AQ_BP
layer1-slat1-up-copy1_h2_staple_4,sw_src009,{A8;B8;C8;D8},A1,200,repeating_units_slats_regular_1,384PP_AQ_BP
layer1-slat1-up-copy1_h2_staple_5,sw_src009,{A9;B9;C9;D9},A1,200,repeating_units_slats_regular_1,384PP_AQ_BP
layer1-slat1-up-copy1_h2_staple_6,sw_src009,{A10;B10;C10;D10},A1,200,repeating_units_slats_regular_1,384PP_AQ_BP
layer1-slat1-up-copy1_h2_staple_7,sw_src009,{A11;B11;C11;D11},A1,200,repeating_units_slats_regular_1,384PP_AQ_BP
layer1-slat1-up-copy1_h2_staple_8,sw_src009,{A12;B12;C12;D12},A1,200,repeating_units_slats_regular_1,384PP_AQ_BP
layer1-slat1-up-copy1_h2_staple_9,sw_src009,{A13;B13;C13;D13},A1,200,repeating_units_slats_regular_1,384PP_AQ_BP
layer1-slat1-up-copy1_h2_staple_10,sw_src009,{A14;B14;C14;D14},A1,200,repeating_units_slats_regular_1,384PP_AQ_BP
layer1-slat1-up-copy1_h2_staple_11,sw_src009,{A15;B15;C15;D15},A1,200,repeating_units_slats_regular_1,384PP_AQ_BP
layer1-slat1-up-copy1_h2_staple_12,sw_src009,{A16;B16;C16;D16},A1,200,repeating_units_slats_regular_1,384PP_AQ_BP
layer1-slat1-up-copy1_h2_staple_13,sw_src009,{A17;B17;C17;D17},A1,200,repeating_units_slats_regular_1,384PP_AQ_BP
layer1-slat1-up-copy1_h2_staple_14,sw_src009,{A18;B18;C18;D18},A1,200,repeating_units_slats_regular_1,384PP_AQ_BP
layer1-slat1-up-copy1_h2_staple_15,sw_src009,{A19;B19;C19;D19},A1,200,repeating_units_slats_regular_1,384PP_AQ_BP
layer1-slat1-up-copy1_h2_staple_16,sw_src009,{A20;B20;C20;D20},A1,200,repeating_units_slats_regular_1,384PP_AQ_BP
layer1-slat1-up-copy1_h2_staple_17,sw_src009,{E5;F5;G5;H5},A1,200,repeating_units_slats_regular_1,384PP_AQ_BP
layer1-slat1-up-copy1_h2_staple_18,sw_src009,{E6;F6;G6;H6},A1,200,repeating_units_slats_regular_1,384PP_AQ_BP
layer1-slat1-up-copy1_h2_staple_19,sw_src009,{E7;F7;G7;H7},A1,200,repeating_units_slats_regular_1,384PP_AQ_BP
layer1-slat1-up-copy1_h2_staple_20,sw_src009,{E8;F8;G8;H8},A1,200,repeating_units_slats_regular_1,384PP_AQ_BP
layer1-slat1-up-copy1_h2_staple_21,sw_src009,{E9;F9;G9;H9},A1,200,repeating_units_slats_regular_1,384PP_AQ_BP
layer1-slat1-up-copy1_h2_staple_22,sw_src009,{E10;F10;G10;H10},A1,200,repeating_units_slats_regular_1,384PP_AQ_BP
layer1-slat1-up-copy1_h2_staple_23,sw_src009,{E11;F11;G11;H11},A1,200,repeating_units_slats_regular_1,384PP_AQ_BP
layer1-slat1-up-copy1_h2_staple_24,sw_src009,{E12;F12;G12;H12},A1,200,repeating_units_slats_regular_1,384PP_AQ_BP
layer1-slat1-up-copy1_h2_staple_25,sw_src009,{E13;F13;G13;H13},A1,200,repeating_units_slats_regular_1,384PP_AQ_BP
layer1-slat1-up-copy1_h2_staple_26,sw_src009,{E14;F14;G14;H14},A1,200,repeating_units_slats_regular_1,384PP_AQ_BP
layer1-slat1-up-copy1_h2_staple_27,sw_src009,{E15;F15;G15;H15},A1,200,repeating_units_slats_regular_1,384PP_AQ_BP
layer1-slat1-up-copy1_h2_staple_28,sw_src009,{E16;F16;G16;H16},A1,200,repeating_units_slats_regular_1,384PP_AQ_BP
layer1-slat1-up-copy1_h2_staple_29,sw_src009,{E17;F17;G17;H17},A1,200,repeating_units_slats_regular_1,384PP_AQ_BP
layer1-slat1-up-copy1_h2_staple_30,sw_src009,{E18;F18;G18;H18},A1,200,repeating_units_slats_regular_1,384PP_AQ_BP
layer1-slat1-up-copy1_h2_staple_31,sw_src009,{E19;F19;G19;H19},A1,200,repeating_units_slats_regular_1,384PP_AQ_BP
layer1-slat1-up-copy1_h2_staple_32,sw_src009,{E20;F20;G20;H20},A1,200,repeating_units_slats_regular_1,384PP_AQ_BP
layer1-slat1-up-copy1_h5_staple_1,P3649_MA,A16,A1,375,repeating_units_slats_regular_1,384PP_AQ_BP
layer1-slat1-up-copy1_h5_staple_2,P3649_MA,C13,A1,375,repeating_units_slats_regular_1,384PP_AQ_BP
layer1-slat1-up-copy1_h5_staple_3,P3652_MA,D21,A1,375,repeating_units_slats_regular_1,384PP_AQ_BP
layer1-slat1-up-copy1_h5_staple_4,P3649_MA,E11,A1,375,repeating_units_slats_regular_1,384PP_AQ_BP
layer1-slat1-up-copy1_h5_staple_5,P3649_MA,F21,A1,375,repeating_units_slats_regular_1,384PP_AQ_BP
layer1-slat1-up-copy1_h5_staple_6,P3649_MA,H16,A1,375,repeating_units_slats_regular_1,384PP_AQ_BP
layer1-slat1-up-copy1_h5_staple_7,P3649_MA,I15,A1,375,repeating_units_slats_regular_1,384PP_AQ_BP
layer1-slat1-up-copy1_h5_staple_8,P3649_MA,J13,A1,375,repeating_units_slats_regular_1,384PP_AQ_BP
layer1-slat1-up-copy1_h5_staple_9,P3649_MA,L22,A1,375,repeating_units_slats_regular_1,384PP_AQ_BP
layer1-slat1-up-copy1_h5_staple_10,P3649_MA,N7,A1,375,repeating_units_slats_regular_1,384PP_AQ_BP
layer1-slat1-up-copy1_h5_staple_11,P3649_MA,O12,A1,375,repeating_units_slats_regular_1,384PP_AQ_BP
layer1-slat1-up-copy1_h5_staple_12,P3652_MA,P18,A1,375,repeating_units_slats_regular_1,384PP_AQ_BP
layer1-slat1-up-copy1_h5_staple_13,P3650_MA,A5,A1,375,repeating_units_slats_regular_1,384PP_AQ_BP
layer1-slat1-up-copy1_h5_staple_14,P3653_MA,B21,A1,375,repeating_units_slats_regular_1,384PP_AQ_BP
layer1-slat1-up-copy1_h5_staple_15,P3650_MA,D1,A1,375,repeating_units_slats_regular_1,384PP_AQ_BP
layer1-slat1-up-copy1_h5_staple_16,P3650_MA,E15,A1,375,repeating_units_slats_regular_1,384PP_AQ_BP
layer1-slat1-up-copy1_h5_staple_17,P3650_MA,F13,A1,375,repeating_units_slats_regular_1,384PP_AQ_BP
layer1-slat1-up-copy1_h5_staple_18,P3650_MA,H19,A1,375,repeating_units_slats_regular_1,384PP_AQ_BP
layer1-slat1-up-copy1_h5_staple_19,P3653_MA,I12,A1,375,repeating_units_slats_regular_1,384PP_AQ_BP
layer1-slat1-up-copy1_h5_staple_20,P3653_MA,J21,A1,375,repeating_units_slats_regular_1,384PP_AQ_BP
layer1-slat1-up-copy1_h5_staple_21,P3650_MA,L15,A1,375,repeating_units_slats_regular_1,384PP_AQ_BP
layer1-slat1-up-copy1_h5_staple_22,P3653_MA,N6,A1,375,repeating_units_slats_regular_1,384PP_AQ_BP
layer1-slat1-up-copy1_h5_staple_23,P3653_MA,N24,A1,375,repeating_units_slats_regular_1,384PP_AQ_BP
layer1-slat1-up-copy1_h5_staple_24,P3650_MA,P18,A1,375,repeating_units_slats_regular_1,384PP_AQ_BP
layer1-slat1-up-copy1_h5_staple_25,P3654_MA,A16,A1,375,repeating_units_slats_regular_1,384PP_AQ_BP
layer1-slat1-up-copy1_h5_staple_26,P3654_MA,B18,A1,375,repeating_units_slats_regular_1,384PP_AQ_BP
layer1-slat1-up-copy1_h5_staple_27,P3651_MA,C20,A1,375,repeating_units_slats_regular_1,384PP_AQ_BP
layer1-slat1-up-copy1_h5_staple_28,P3651_MA,E6,A1,375,repeating_units_slats_regular_1,384PP_AQ_BP
layer1-slat1-up-copy1_h5_staple_29,P3651_MA,G5,A1,375,repeating_units_slats_regular_1,384PP_AQ_BP
layer1-slat1-up-copy1_h5_staple_30,P3654_MA,H11,A1,375,repeating_units_slats_regular_1,384PP_AQ_BP
layer1-slat1-up-copy1_h5_staple_31,P3651_MA,I13,A1,375,repeating_units_slats_regular_1,384PP_AQ_BP
layer1-slat1-up-copy1_h5_staple_32,P3651_MA,K1,A1,375,repeating_units_slats_regular_1,384PP_AQ_BP
layer1-slat2-up-copy1_h2_staple_1,sw_src009,{A5;B5;C5;D5},A2,200,repeating_units_slats_regular_1,384PP_AQ_BP
layer1-slat2-up-copy1_h2_staple_2,sw_src009,{A6;B6;C6;D6},A2,200,repeating_units_slats_regular_1,384PP_AQ_BP
layer1-slat2-up-copy1_h2_staple_3,sw_src009,{A7;B7;C7;D7},A2,200,repeating_units_slats_regular_1,384PP_AQ_BP
layer1-slat2-up-copy1_h2_staple_4,sw_src009,{A8;B8;C8;D8},A2,200,repeating_units_slats_regular_1,384PP_AQ_BP
layer1-slat2-up-copy1_h2_staple_5,sw_src009,{A9;B9;C9;D9},A2,200,repeating_units_slats_regular_1,384PP_AQ_BP
layer1-slat2-up-copy1_h2_staple_6,sw_src009,{A10;B10;C10;D10},A2,200,repeating_units_slats_regular_1,384PP_AQ_BP
layer1-slat2-up-copy1_h2_staple_7,sw_src009,{A11;B11;C11;D11},A2,200,repeating_units_slats_regular_1,384PP_AQ_BP
layer1-slat2-up-copy1_h2_staple_8,sw_src009,{A12;B12;C12;D12},A2,200,repeating_units_slats_regular_1,384PP_AQ_BP
layer1-slat2-up-copy1_h2_staple_9,sw_src009,{A13;B13;C13;D13},A2,200,repeating_units_slats_regular_1,384PP_AQ_BP
layer1-slat2-up-copy1_h2_staple_10,sw_src009,{A14;B14;C14;D14},A2,200,repeating_units_slats_regular_1,384PP_AQ_BP
layer1-slat2-up-copy1_h2_staple_11,sw_src009,{A15;B15;C15;D15},A2,200,repeating_units_slats_regular_1,384PP_AQ_BP
layer1-slat2-up-copy1_h2_staple_12,sw_src009,{A16;B16;C16;D16},A2,200,repeating_units_slats_regular_1,384PP_AQ_BP
layer1-slat2-up-copy1_h2_staple_13,sw_src009,{A17;B17;C17;D17},A2,200,repeating_units_slats_regular_1,384PP_AQ_BP
layer1-slat2-up-copy1_h2_staple_14,sw_src009,{A18;B18;C18;D18},A2,200,repeating_units_slats_regular_1,384PP_AQ_BP
layer1-slat2-up-copy1_h2_staple_15,sw_src009,{A19;B19;C19;D19},A2,200,repeating_units_slats_regular_1,384PP_AQ_BP
layer1-slat2-up-copy1_h2_staple_16,sw_src009,{A20;B20;C20;D20},A2,200,repeating_units_slats_regular_1,384PP_AQ_BP
layer1-slat2-up-copy1_h2_staple_17,sw_src009,{E5;F5;G5;H5},A2,200,repeating_units_slats_regular_1,384PP_AQ_BP
layer1-slat2-up-copy1_h2_staple_18,sw_src009,{E6;F6;G6;H6},A2,200,repeating_units_slats_regular_1,384PP_AQ_BP
layer1-slat2-up-copy1_h2_staple_19,sw_src009,{E7;F7;G7;H7},A2,200,repeating_units_slats_regular_1,384PP_AQ_BP
layer1-slat2-up-copy1_h2_staple_20,sw_src009,{E8;F8;G8;H8},A2,200,repeating_units_slats_regular_1,384PP_AQ_BP
layer1-slat2-up-copy1_h2_staple_21,sw_src009,{E9;F9;G9;H9},A2,200,repeating_units_slats_regular_1,384PP_AQ_BP
layer1-slat2-up-copy1_h2_staple_22,sw_src009,{E10;F10;G10;H10},A2,200,repeating_units_slats_regular_1,384PP_AQ_BP
layer1-slat2-up-copy1_h2_staple_23,sw_src009,{E11;F11;G11;H11},A2,200,repeating_units_slats_regular_1,384PP_AQ_BP
layer1-slat2-up-copy1_h2_staple_24,sw_src009,{E12;F12;G12;H12},A2,200,repeating_units_slats_regular_1,384PP_AQ_BP
layer1-slat2-up-copy1_h2_staple_25,sw_src009,{E13;F13;G13;H13},A2,200,repeating_units_slats_regular_1,384PP_AQ_BP
layer1-slat2-up-copy1_h2_staple_26,sw_src009,{E14;F14;G14;H14},A2,200,repeating_units_slats_regular_1,384PP_AQ_BP
layer1-slat2-up-copy1_h2_staple_27,sw_src009,{E15;F15;G15;H15},A2,200,repeating_units_slats_regular_1,384PP_AQ_BP
layer1-slat2-up-copy1_h2_staple_28,sw_src009,{E16;F16;G16;H16},A2,200,repeating_units_slats_regular_1,384PP_AQ_BP
layer1-slat2-up-copy1_h2_staple_29,sw_src009,{E17;F17;G17;H17},A2,200,repeating_units_slats_regular_1,384PP_AQ_BP
layer1-slat2-up-copy1_h2_staple_30,sw_src009,{E18;F18;G18;H18},A2,200,repeating_units_slats_regular_1,384PP_AQ_BP
layer1-slat2-up-copy1_h2_staple_31,sw_src009,{E19;F19;G19;H19},A2,200,repeating_units_slats_regular_1,384PP_AQ_BP
layer1-slat2-up-copy1_h2_staple_32,sw_src009,{E20;F20;G20;H20},A2,200,repeating_units_slats_regular_1,384PP_AQ_BP
layer1-slat2-up-copy1_h5_staple_1,P3652_MA,A13,A2,375,repeating_units_slats_regular_1,384PP_AQ_BP
layer1-slat2-up-copy1_h5_staple_2,P3649_MA,B21,A2,375,repeating_units_slats_regular_1,384PP_AQ_BP
layer1-slat2-up-copy1_h5_staple_3,P3649_MA,D14,A2,375,repeating_units_slats_regular_1,384PP_AQ_BP
layer1-slat2-up-copy1_h5_staple_4,P3649_MA,E8,A2,375,repeating_units_slats_regular_1,384PP_AQ_BP
layer1-slat2-up-copy1_h5_staple_5,P3649_MA,G5,A2,375,repeating_units_slats_regular_1,384PP_AQ_BP
layer1-slat2-up-copy1_h5_staple_6,P3652_MA,H14,A2,375,repeating_units_slats_regular_1,384PP_AQ_BP
layer1-slat2-up-copy1_h5_staple_7,P3652_MA,I16,A2,375,repeating_units_slats_regular_1,384PP_AQ_BP
layer1-slat2-up-copy1_h5_staple_8,P3652_MA,J22,A2,375,repeating_units_slats_regular_1,384PP_AQ_BP
layer1-slat2-up-copy1_h5_staple_9,P3649_MA,L12,A2,375,repeating_units_slats_regular_1,384PP_AQ_BP
layer1-slat2-up-copy1_h5_staple_10,P3652_MA,M14,A2,375,repeating_units_slats_regular_1,384PP_AQ_BP
layer1-slat2-up-copy1_h5_staple_11,P3652_MA,O1,A2,375,repeating_units_slats_regular_1,384PP_AQ_BP
layer1-slat2-up-copy1_h5_staple_12,P3649_MA,P17,A2,375,repeating_units_slats_regular_1,384PP_AQ_BP
layer1-slat2-up-copy1_h5_staple_13,P3650_MA,A16,A2,375,repeating_units_slats_regular_1,384PP_AQ_BP
layer1-slat2-up-copy1_h5_staple_14,P3650_MA,B15,A2,375,repeating_units_slats_regular_1,384PP_AQ_BP
layer1-slat2-up-copy1_h5_staple_15,P3650_MA,C23,A2,375,repeating_units_slats_regular_1,384PP_AQ_BP
layer1-slat2-up-copy1_h5_staple_16,P3653_MA,E21,A2,375,repeating_units_slats_regular_1,384PP_AQ_BP
layer1-slat2-up-copy1_h5_staple_17,P3650_MA,F14,A2,375,repeating_units_slats_regular_1,384PP_AQ_BP
layer1-slat2-up-copy1_h5_staple_18,P3653_MA,H14,A2,375,repeating_units_slats_regular_1,384PP_AQ_BP
layer1-slat2-up-copy1_h5_staple_19,P3653_MA,I24,A2,375,repeating_units_slats_regular_1,384PP_AQ_BP
layer1-slat2-up-copy1_h5_staple_20,P3653_MA,K2,A2,375,repeating_units_slats_regular_1,384PP_AQ_BP
layer1-slat2-up-copy1_h5_staple_21,P3653_MA,L15,A2,375,repeating_units_slats_regular_1,384PP_AQ_BP
layer1-slat2-up-copy1_h5_staple_22,P3653_MA,N2,A2,375,repeating_units_slats_regular_1,384PP_AQ_BP
layer1-slat2-up-copy1_h5_staple_23,P3650_MA,O6,A2,375,repeating_units_slats_regular_1,384PP_AQ_BP
layer1-slat2-up-copy1_h5_staple_24,P3650_MA,O19,A2,375,repeating_units_slats_regular_1,384PP_AQ_BP
layer1-slat2-up-copy1_h5_staple_25,P3654_MA,A12,A2,375,repeating_units_slats_regular_1,384PP_AQ_BP
layer1-slat2-up-copy1_h5_staple_26,P3654_MA,B20,A2,375,repeating_units_slats_regular_1,384PP_AQ_BP
layer1-slat2-up-copy1_h5_staple_27,P3654_MA,D3,A2,375,repeating_units_slats_regular_1,384PP_AQ_BP
layer1-slat2-up-copy1_h5_staple_28,P3651_MA,E10,A2,375,repeating_units_slats_regular_1,384PP_AQ_BP
layer1-slat2-up-copy1_h5_staple_29,P3651_MA,G12,A2,375,repeating_units_slats_regular_1,384PP_AQ_BP
layer1-slat2-up-copy1_h5_staple_30,P3654_MA,H18,A2,375,repeating_units_slats_regular_1,384PP_AQ_BP
layer1-slat2-up-copy1_h5_staple_31,P3654_MA,I3,A2,375,repeating_units_slats_regular_1,384PP_AQ_BP
layer1-slat2-up-copy1_h5_staple_32,P3654_MA,J18,A2,375,repeating_units_slats_regular_1,384PP_AQ_BP
layer1-slat3-up-copy1_h2_staple_1,sw_src009,{A5;B5;C5;D5},A3,200,repeating_units_slats_regular_1,384PP_AQ_BP
layer1-slat3-up-copy1_h2_staple_2,sw_src009,{A6;B6;C6;D6},A3,200,repeating_units_slats_regular_1,384PP_AQ_BP
layer1-slat3-up-copy1_h2_staple_3,sw_src009,{A7;B7;C7;D7},A3,200,repeating_units_slats_regular_1,384PP_AQ_BP
layer1-slat3-up-copy1_h2_staple_4,sw_src009,{A8;B8;C8;D8},A3,200,repeating_units_slats_regular_1,384PP_AQ_BP
layer1-slat3-up-copy1_h2_staple_5,sw_src009,{A9;B9;C9;D9},A3,200,repeating_units_slats_regular_1,384PP_AQ_BP
layer1-slat3-up-copy1_h2_staple_6,sw_src009,{A10;B10;C10;D10},A3,200,repeating_units_slats_regular_1,384PP_AQ_BP
layer1-slat3-up-copy1_h2_staple_7,sw_src009,{A11;B11;C11;D11},A3,200,repeating_units_slats_regular_1,384PP_AQ_BP
layer1-slat3-up-copy1_h2_staple_8,sw_src009,{A12;B12;C12;D12},A3,200,repeating_units_slats_regular_1,384PP_AQ_BP
layer1-slat3-up-copy1_h2_staple_9,sw_src009,{A13;B13;C13;D13},A3,200,repeating_units_slats_regular_1,384PP_AQ_BP
layer1-slat3-up-copy1_h2_staple_10,sw_src009,{A14;B14;C14;D14},A3,200,repeating_units_slats_regular_1,384PP_AQ_BP
layer1-slat3-up-copy1_h2_staple_11,sw_src009,{A15;B15;C15;D15},A3,200,repeating_units_slats_regular_1,384PP_AQ_BP
layer1-slat3-up-copy1_h2_staple_12,sw_src009,{A16;B16;C16;D16},A3,200,repeating_units_slats_regular_1,384PP_AQ_BP
layer1-slat3-up-copy1_h2_staple_13,sw_src009,{A17;B17;C17;D17},A3,200,repeating_units_slats_regular_1,384PP_AQ_BP
layer1-slat3-up-copy1_h2_staple_14,sw_src009,{A18;B18;C18;D18},A3,200,repeating_units_slats_regular_1,384PP_AQ_BP
layer1-slat3-up-copy1_h2_staple_15,sw_src009,{A19;B19;C19;D19},A3,200,repeating_units_slats_regular_1,384PP_AQ_BP
layer1-slat3-up-copy1_h2_staple_16,sw_src009,{A20;B20;C20;D20},A3,200,repeating_units_slats_regular_1,384PP_AQ_BP
layer1-slat3-up-copy1_h2_staple_17,sw_src009,{E5;F5;G5;H5},A3,200,repeating_units_slats_regular_1,384PP_AQ_BP
layer1-slat3-up-copy1_h2_staple_18,sw_src009,{E6;F6;G6;H6},A3,200,repeating_units_slats_regular_1,384PP_AQ_BP
layer1-slat3-up-copy1_h2_staple_19,sw_src009,{E7;F7;G7;H7},A3,200,repeating_units_slats_regular_1,384PP_AQ_BP
layer1-slat3-up-copy1_h2_staple_20,sw_src009,{E8;F8;G8;H8},A3,200,repeating_units_slats_regular_1,384PP_AQ_BP
layer1-slat3-up-copy1_h2_staple_21,sw_src009,{E9;F9;G9;H9},A3,200,repeating_units_slats_regular_1,384PP_AQ_BP
layer1-slat3-up-copy1_h2_staple_22,sw_src009,{E10;F10;G10;H10},A3,200,repeating_units_slats_regular_1,384PP_AQ_BP
layer1-slat3-up-copy1_h2_staple_23,sw_src009,{E11;F11;G11;H11},A3,200,repeating_units_slats_regular_1,384PP_AQ_BP
layer1-slat3-up-copy1_h2_staple_24,sw_src009,{E12;F12;G12;H12},A3,200,repeating_units_slats_regular_1,384PP_AQ_BP
layer1-slat3-up-copy1_h2_staple_25,sw_src009,{E13;F13;G13;H13},A3,200,repeating_units_slats_regular_1,384PP_AQ_BP
layer1-slat3-up-copy1_h2_staple_26,sw_src009,{E14;F14;G14;H14},A3,200,repeating_units_slats_regular_1,384PP_AQ_BP
layer1-slat3-up-copy1_h2_staple_27,sw_src009,{E15;F15;G15;H15},A3,200,repeating_units_slats_regular_1,384PP_AQ_BP
layer1-slat3-up-copy1_h2_staple_28,sw_src009,{E16;F16;G16;H16},A3,200,repeating_units_slats_regular_1,384PP_AQ_BP
layer1-slat3-up-copy1_h2_staple_29,sw_src009,{E17;F17;G17;H17},A3,200,repeating_units_slats_regular_1,384PP_AQ_BP
layer1-slat3-up-copy1_h2_staple_30,sw_src009,{E18;F18;G18;H18},A3,200,repeating_units_slats_regular_1,384PP_AQ_BP
layer1-slat3-up-copy1_h2_staple_31,sw_src009,{E19;F19;G19;H19},A3,200,repeating_units_slats_regular_1,384PP_AQ_BP
layer1-slat3-up-copy1_h2_staple_32,sw_src009,{E20;F20;G20;H20},A3,200,repeating_units_slats_regular_1,384PP_AQ_BP
layer1-slat3-up-copy1_h5_staple_1,P3652_MA,A18,A3,375,repeating_units_slats_regular_1,384PP_AQ_BP
layer1-slat3-up-copy1_h5_staple_2,P3652_MA,B23,A3,375,repeating_units_slats_regular_1,384PP_AQ_BP
layer1-slat3-up-copy1_h5_staple_3,P3652_MA,D17,A3,375,repeating_units_slats_regular_1,384PP_AQ_BP
layer1-slat3-up-copy1_h5_staple_4,P3649_MA,F1,A3,375,repeating_units_slats_regular_1,384PP_AQ_BP
layer1-slat3-up-copy1_h5_staple_5,P3652_MA,G12,A3,375,repeating_units_slats_regular_1,384PP_AQ_BP
layer1-slat3-up-copy1_h5_staple_6,P3649_MA,H5,A3,375,repeating_units_slats_regular_1,384PP_AQ_BP
layer1-slat3-up-copy1_h5_staple_7,P3649_MA,I6,A3,375,repeating_units_slats_regular_1,384PP_AQ_BP
layer1-slat3-up-copy1_h5_staple_8,P3652_MA,J9,A3,375,repeating_units_slats_regular_1,384PP_AQ_BP
layer1-slat3-up-copy1_h5_staple_9,P3652_MA,L14,A3,375,repeating_units_slats_regular_1,384PP_AQ_BP
layer1-slat3-up-copy1_h5_staple_10,P3649_MA,M6,A3,375,repeating_units_slats_regular_1,384PP_AQ_BP
layer1-slat3-up-copy1_h5_staple_11,P3649_MA,O4,A3,375,repeating_units_slats_regular_1,384PP_AQ_BP
layer1-slat3-up-copy1_h5_staple_12,P3649_MA,P21,A3,375,repeating_units_slats_regular_1,384PP_AQ_BP
layer1-slat3-up-copy1_h5_staple_13,P3653_MA,B7,A3,375,repeating_units_slats_regular_1,384PP_AQ_BP
layer1-slat3-up-copy1_h5_staple_14,P3650_MA,C13,A3,375,repeating_units_slats_regular_1,384PP_AQ_BP
layer1-slat3-up-copy1_h5_staple_15,P3650_MA,D21,A3,375,repeating_units_slats_regular_1,384PP_AQ_BP
layer1-slat3-up-copy1_h5_staple_16,P3653_MA,E21,A3,375,repeating_units_slats_regular_1,384PP_AQ_BP
layer1-slat3-up-copy1_h5_staple_17,P3650_MA,F13,A3,375,repeating_units_slats_regular_1,384PP_AQ_BP
layer1-slat3-up-copy1_h5_staple_18,P3650_MA,G20,A3,375,repeating_units_slats_regular_1,384PP_AQ_BP
layer1-slat3-up-copy1_h5_staple_19,P3653_MA,J5,A3,375,repeating_units_slats_regular_1,384PP_AQ_BP
layer1-slat3-up-copy1_h5_staple_20,P3650_MA,K16,A3,375,repeating_units_slats_regular_1,384PP_AQ_BP
layer1-slat3-up-copy1_h5_staple_21,P3653_MA,L15,A3,375,repeating_units_slats_regular_1,384PP_AQ_BP
layer1-slat3-up-copy1_h5_staple_22,P3653_MA,M20,A3,375,repeating_units_slats_regular_1,384PP_AQ_BP
layer1-slat3-up-copy1_h5_staple_23,P3653_MA,N18,A3,375,repeating_units_slats_regular_1,384PP_AQ_BP
layer1-slat3-up-copy1_h5_staple_24,P3650_MA,P13,A3,375,repeating_units_slats_regular_1,384PP_AQ_BP
layer1-slat3-up-copy1_h5_staple_25,P3651_MA,A5,A3,375,repeating_units_slats_regular_1,384PP_AQ_BP
layer1-slat3-up-copy1_h5_staple_26,P3651_MA,B17,A3,375,repeating_units_slats_regular_1,384PP_AQ_BP
layer1-slat3-up-copy1_h5_staple_27,P3651_MA,D5,A3,375,repeating_units_slats_regular_1,384PP_AQ_BP
layer1-slat3-up-copy1_h5_staple_28,P3651_MA,E15,A3,375,repeating_units_slats_regular_1,384PP_AQ_BP
layer1-slat3-up-copy1_h5_staple_29,P3654_MA,F20,A3,375,repeating_units_slats_regular_1,384PP_AQ_BP
layer1-slat3-up-copy1_h5_staple_30,P3654_MA,H3,A3,375,repeating_units_slats_regular_1,384PP_AQ_BP
layer1-slat3-up-copy1_h5_staple_31,P3654_MA,J7,A3,375,repeating_units_slats_regular_1,384PP_AQ_BP
layer1-slat3-up-copy1_h5_staple_32,P3654_MA,K6,A3,375,repeating_units_slats_regular_1,384PP_AQ_BP
layer1-slat4-up-copy1_h2_staple_1,sw_src009,{A5;B5;C5;D5},A4,200,repeating_units_slats_regular_1,384PP_AQ_BP
layer1-slat4-up-copy1_h2_staple_2,sw_src009,{A6;B6;C6;D6},A4,200,repeating_units_slats_regular_1,384PP_AQ_BP
layer1-slat4-up-copy1_h2_staple_3,sw_src009,{A7;B7;C7;D7},A4,200,repeating_units_slats_regular_1,384PP_AQ_BP
layer1-slat4-up-copy1_h2_staple_4,sw_src009,{A8;B8;C8;D8},A4,200,repeating_units_slats_regular_1,384PP_AQ_BP
layer1-slat4-up-copy1_h2_staple_5,sw_src009,{A9;B9;C9;D9},A4,200,repeating_units_slats_regular_1,384PP_AQ_BP
layer1-slat4-up-copy1_h2_staple_6,sw_src009,{A10;B10;C10;D10},A4,200,repeating_units_slats_regular_1,384PP_AQ_BP
layer1-slat4-up-copy1_h2_staple_7,sw_src009,{A11;B11;C11;D11},A4,200,repeating_units_slats_regular_1,384PP_AQ_BP
layer1-slat4-up-copy1_h2_staple_8,sw_src009,{A12;B12;C12;D12},A4,200,repeating_units_slats_regular_1,384PP_AQ_BP
layer1-slat4-up-copy1_h2_staple_9,sw_src009,{A13;B13;C13;D13},A4,200,repeating_units_slats_regular_1,384PP_AQ_BP
layer1-slat4-up-copy1_h2_staple_10,sw_src009,{A14;B14;C14;D14},A4,200,repeating_units_slats_regular_1,384PP_AQ_BP
layer1-slat4-up-copy1_h2_staple_11,sw_src009,{A15;B15;C15;D15},A4,200,repeating_units_slats_regular_1,384PP_AQ_BP
layer1-slat4-up-copy1_h2_staple_12,sw_src009,{A16;B16;C16;D16},A4,200,repeating_units_slats_regular_1,384PP_AQ_BP
layer1-slat4-up-copy1_h2_staple_13,sw_src009,{A17;B17;C17;D17},A4,200,repeating_units_slats_regular_1,384PP_AQ_BP
layer1-slat4-up-copy1_h2_staple_14,sw_src009,{A18;B18;C18;D18},A4,200,repeating_units_slats_regular_1,384PP_AQ_BP
layer1-slat4-up-copy1_h2_staple_15,sw_src009,{A19;B19;C19;D19},A4,200,repeating_units_slats_regular_1,384PP_AQ_BP
layer1-slat4-up-copy1_h2_staple_16,sw_src009,{A20;B20;C20;D20},A4,200,repeating_units_slats_regular_1,384PP_AQ_BP
layer1-slat4-up-copy1_h2_staple_17,sw_src009,{E5;F5;G5;H5},A4,200,repeating_units_slats_regular_1,384PP_AQ_BP
layer1-slat4-up-copy1_h2_staple_18,sw_src009,{E6;F6;G6;H6},A4,200,repeating_units_slats_regular_1,384PP_AQ_BP
layer1-slat4-up-copy1_h2_staple_19,sw_src009,{E7;F7;G7;H7},A4,200,repeating_units_slats_regular_1,384PP_AQ_BP
layer1-slat4-up-copy1_h2_staple_20,sw_src009,{E8;F8;G8;H8},A4,200,repeating_units_slats_regular_1,384PP_AQ_BP
layer1-slat4-up-copy1_h2_staple_21,sw_src009,{E9;F9;G9;H9},A4,200,repeating_units_slats_regular_1,384PP_AQ_BP
layer1-slat4-up-copy1_h2_staple_22,sw_src009,{E10;F10;G10;H10},A4,200,repeating_units_slats_regular_1,384PP_AQ_BP
layer1-slat4-up-copy1_h2_staple_23,sw_src009,{E11;F11;G11;H11},A4,200,repeating_units_slats_regular_1,384PP_AQ_BP
layer1-slat4-up-copy1_h2_staple_24,sw_src009,{E12;F12;G12;H12},A4,200,repeating_units_slats_regular_1,384PP_AQ_BP
layer1-slat4-up-copy1_h2_staple_25,sw_src009,{E13;F13;G13;H13},A4,200,repeating_units_slats_regular_1,384PP_AQ_BP
layer1-slat4-up-copy1_h2_staple_26,sw_src009,{E14;F14;G14;H14},A4,200,repeating_units_slats_regular_1,384PP_AQ_BP
layer1-slat4-up-copy1_h2_staple_27,sw_src009,{E15;F15;G15;H15},A4,200,repeating_units_slats_regular_1,384PP_AQ_BP
layer1-slat4-up-copy1_h2_staple_28,sw_src009,{E16;F16;G16;H16},A4,200,repeating_units_slats_regular_1,384PP_AQ_BP
layer1-slat4-up-copy1_h2_staple_29,sw_src009,{E17;F17;G17;H17},A4,200,repeating_units_slats_regular_1,384PP_AQ_BP
layer1-slat4-up-copy1_h2_staple_30,sw_src009,{E18;F18;G18;H18},A4,200,repeating_units_slats_regular_1,384PP_AQ_BP
layer1-slat4-up-copy1_h2_staple_31,sw_src009,{E19;F19;G19;H19},A4,200,repeating_units_slats_regular_1,384PP_AQ_BP
layer1-slat4-up-copy1_h2_staple_32,sw_src009,{E20;F20;G20;H20},A4,200,repeating_units_slats_regular_1,384PP_AQ_BP
layer1-slat4-up-copy1_h5_staple_1,P3652_MA,A16,A4,375,repeating_units_slats_regular_1,384PP_AQ_BP
layer1-slat4-up-copy1_h5_staple_2,P3649_MA,C12,A4,375,repeating_units_slats_regular_1,384PP_AQ_BP
layer1-slat4-up-copy1_h5_staple_3,P3652_MA,C18,A4,375,repeating_units_slats_regular_1,384PP_AQ_BP
layer1-slat4-up-copy1_h5_staple_4,P3652_MA,E8,A4,375,repeating_units_slats_regular_1,384PP_AQ_BP
layer1-slat4-up-copy1_h5_staple_5,P3649_MA,F22,A4,375,repeating_units_slats_regular_1,384PP_AQ_BP
layer1-slat4-up-copy1_h5_staple_6,P3649_MA,H11,A4,375,repeating_units_slats_regular_1,384PP_AQ_BP
layer1-slat4-up-copy1_h5_staple_7,P3649_MA,I1,A4,375,repeating_units_slats_regular_1,384PP_AQ_BP
layer1-slat4-up-copy1_h5_staple_8,P3649_MA,J9,A4,375,repeating_units_slats_regular_1,384PP_AQ_BP
layer1-slat4-up-copy1_h5_staple_9,P3649_MA,K20,A4,375,repeating_units_slats_regular_1,384PP_AQ_BP
layer1-slat4-up-copy1_h5_staple_10,P3652_MA,M17,A4,375,repeating_units_slats_regular_1,384PP_AQ_BP
layer1-slat4-up-copy1_h5_staple_11,P3649_MA,N18,A4,375,repeating_units_slats_regular_1,384PP_AQ_BP
layer1-slat4-up-copy1_h5_staple_12,P3652_MA,O20,A4,375,repeating_units_slats_regular_1,384PP_AQ_BP
layer1-slat4-up-copy1_h5_staple_13,P3650_MA,A14,A4,375,repeating_units_slats_regular_1,384PP_AQ_BP
layer1-slat4-up-copy1_h5_staple_14,P3650_MA,C3,A4,375,repeating_units_slats_regular_1,384PP_AQ_BP
layer1-slat4-up-copy1_h5_staple_15,P3650_MA,C24,A4,375,repeating_units_slats_regular_1,384PP_AQ_BP
layer1-slat4-up-copy1_h5_staple_16,P3650_MA,E17,A4,375,repeating_units_slats_regular_1,384PP_AQ_BP
layer1-slat4-up-copy1_h5_staple_17,P3653_MA,F12,A4,375,repeating_units_slats_regular_1,384PP_AQ_BP
layer1-slat4-up-copy1_h5_staple_18,P3650_MA,H16,A4,375,repeating_units_slats_regular_1,384PP_AQ_BP
layer1-slat4-up-copy1_h5_staple_19,P3653_MA,I24,A4,375,repeating_units_slats_regular_1,384PP_AQ_BP
layer1-slat4-up-copy1_h5_staple_20,P3650_MA,J15,A4,375,repeating_units_slats_regular_1,384PP_AQ_BP
layer1-slat4-up-copy1_h5_staple_21,P3653_MA,L15,A4,375,repeating_units_slats_regular_1,384PP_AQ_BP
layer1-slat4-up-copy1_h5_staple_22,P3650_MA,M23,A4,375,repeating_units_slats_regular_1,384PP_AQ_BP
layer1-slat4-up-copy1_h5_staple_23,P3650_MA,N19,A4,375,repeating_units_slats_regular_1,384PP_AQ_BP
layer1-slat4-up-copy1_h5_staple_24,P3650_MA,P21,A4,375,repeating_units_slats_regular_1,384PP_AQ_BP
layer1-slat4-up-copy1_h5_staple_25,P3654_MA,A2,A4,375,repeating_units_slats_regular_1,384PP_AQ_BP
layer1-slat4-up-copy1_h5_staple_26,P3654_MA,B23,A4,375,repeating_units_slats_regular_1,384PP_AQ_BP
layer1-slat4-up-copy1_h5_staple_27,P3654_MA,C23,A4,375,repeating_units_slats_regular_1,384PP_AQ_BP
layer1-slat4-up-copy1_h5_staple_28,P3654_MA,E14,A4,375,repeating_units_slats_regular_1,384PP_AQ_BP
layer1-slat4-up-copy1_h5_staple_29,P3654_MA,G11,A4,375,repeating_units_slats_regular_1,384PP_AQ_BP
layer1-slat4-up-copy1_h5_staple_30,P3654_MA,H15,A4,375,repeating_units_slats_regular_1,384PP_AQ_BP
layer1-slat4-up-copy1_h5_staple_31,P3654_MA,I4,A4,375,repeating_units_slats_regular_1,384PP_AQ_BP
layer1-slat4-up-copy1_h5_staple_32,P3654_MA,J13,A4,375,repeating_units_slats_regular_1,384PP_AQ_BP
layer1-slat5-up-copy1_h2_staple_1,sw_src009,{A5;B5;C5;D5},A5,200,repeating_units_slats_regular_1,384PP_AQ_BP
layer1-slat5-up-copy1_h2_staple_2,sw_src009,{A6;B6;C6;D6},A5,200,repeating_units_slats_regular_1,384PP_AQ_BP
layer1-slat5-up-copy1_h2_staple_3,sw_src009,{A7;B7;C7;D7},A5,200,repeating_units_slats_regular_1,384PP_AQ_BP
layer1-slat5-up-copy1_h2_staple_4,sw_src009,{A8;B8;C8;D8},A5,200,repeating_units_slats_regular_1,384PP_AQ_BP
layer1-slat5-up-copy1_h2_staple_5,sw_src009,{A9;B9;C9;D9},A5,200,repeating_units_slats_regular_1,384PP_AQ_BP
layer1-slat5-up-copy1_h2_staple_6,sw_src009,{A10;B10;C10;D10},A5,200,repeating_units_slats_regular_1,384PP_AQ_BP
layer1-slat5-up-copy1_h2_staple_7,sw_src009,{A11;B11;C11;D11},A5,200,repeating_units_slats_regular_1,384PP_AQ_BP
layer1-slat5-up-copy1_h2_staple_8,sw_src009,{A12;B12;C12;D12},A5,200,repeating_units_slats_regular_1,384PP_AQ_BP
layer1-slat5-up-copy1_h2_staple_9,sw_src009,{A13;B13;C13;D13},A5,200,repeating_units_slats_regular_1,384PP_AQ_BP
layer1-slat5-up-copy1_h2_staple_10,sw_src009,{A14;B14;C14;D14},A5,200,repeating_units_slats_regular_1,384PP_AQ_BP
layer1-slat5-up-copy1_h2_staple_11,sw_src009,{A15;B15;C15;D15},A5,200,repeating_units_slats_regular_1,384PP_AQ_BP
layer1-slat5-up-copy1_h2_staple_12,sw_src009,{A16;B16;C16;D16},A5,200,repeating_units_slats_regular_1,384PP_AQ_BP
layer1-slat5-up-copy1_h2_staple_13,sw_src009,{A17;B17;C17;D17},A5,200,repeating_units_slats_regular_1,384PP_AQ_BP
layer1-slat5-up-copy1_h2_staple_14,sw_src009,{A18;B18;C18;D18},A5,200,repeating_units_slats_regular_1,384PP_AQ_BP
layer1-slat5-up-copy1_h2_staple_15,sw_src009,{A19;B19;C19;D19},A5,200,repeating_units_slats_regular_1,384PP_AQ_BP
layer1-slat5-up-copy1_h2_staple_16,sw_src009,{A20;B20;C20;D20},A5,200,repeating_units_slats_regular_1,384PP_AQ_BP
layer1-slat5-up-copy1_h2_staple_17,sw_src009,{E5;F5;G5;H5},A5,200,repeating_units_slats_regular_1,384PP_AQ_BP
layer1-slat5-up-copy1_h2_staple_18,sw_src009,{E6;F6;G6;H6},A5,200,repeating_units_slats_regular_1,384PP_AQ_BP
layer1-slat5-up-copy1_h2_staple_19,sw_src009,{E7;F7;G7;H7},A5,200,repeating_units_slats_regular_1,384PP_AQ_BP
layer1-slat5-up-copy1_h2_staple_20,sw_src009,{E8;F8;G8;H8},A5,200,repeating_units_slats_regular_1,384PP_AQ_BP
layer1-slat5-up-copy1_h2_staple_21,sw_src009,{E9;F9;G9;H9},A5,200,repeating_units_slats_regular_1,384PP_AQ_BP
layer1-slat5-up-copy1_h2_staple_22,sw_src009,{E10;F10;G10;H10},A5,200,repeating_units_slats_regular_1,384PP_AQ_BP
layer1-slat5-up-copy1_h2_staple_23,sw_src009,{E11;F11;G11;H11},A5,200,repeating_units_slats_regular_1,384PP_AQ_BP
layer1-slat5-up-copy1_h2_staple_24,sw_src009,{E12;F12;G12;H12},A5,200,repeating_units_slats_regular_1,384PP_AQ_BP
layer1-slat5-up-copy1_h2_staple_25,sw_src009,{E13;F13;G13;H13},A5,200,repeating_units_slats_regular_1,384PP_AQ_BP
layer1-slat5-up-copy1_h2_staple_26,sw_src009,{E14;F14;G14;H14},A5,200,repeating_units_slats_regular_1,384PP_AQ_BP
layer1-slat5-up-copy1_h2_staple_27,sw_src009,{E15;F15;G15;H15},A5,200,repeating_units_slats_regular_1,384PP_AQ_BP
layer1-slat5-up-copy1_h2_staple_28,sw_src009,{E16;F16;G16;H16},A5,200,repeating_units_slats_regular_1,384PP_AQ_BP
layer1-slat5-up-copy1_h2_staple_29,sw_src009,{E17;F17;G17;H17},A5,200,repeating_units_slats_regular_1,384PP_AQ_BP
layer1-slat5-up-copy1_h2_staple_30,sw_src009,{E18;F18;G18;H18},A5,200,repeating_units_slats_regular_1,384PP_AQ_BP
layer1-slat5-up-copy1_h2_staple_31,sw_src009,{E19;F19;G19;H19},A5,200,repeating_units_slats_regular_1,384PP_AQ_BP
layer1-slat5-up-copy1_h2_staple_32,sw_src009,{E20;F20;G20;H20},A5,200,repeating_units_slats_regular_1,384PP_AQ_BP
layer1-slat5-up-copy1_h5_staple_1,P3652_MA,B8,A5,375,repeating_units_slats_regular_1,384PP_AQ_BP
layer1-slat5-up-copy1_h5_staple_2,P3649_MA,C2,A5,375,repeating_units_slats_regular_1,384PP_AQ_BP
layer1-slat5-up-copy1_h5_staple_3,P3652_MA,C20,A5,375,repeating_units_slats_regular_1,384PP_AQ_BP
layer1-slat5-up-copy1_h5_staple_4,P3649_MA,E20,A5,375,repeating_units_slats_regular_1,384PP_AQ_BP
layer1-slat5-up-copy1_h5_staple_5,P3652_MA,F17,A5,375,repeating_units_slats_regular_1,384PP_AQ_BP
layer1-slat5-up-copy1_h5_staple_6,P3649_MA,H18,A5,375,repeating_units_slats_regular_1,384PP_AQ_BP
layer1-slat5-up-copy1_h5_staple_7,P3649_MA,I4,A5,375,repeating_units_slats_regular_1,384PP_AQ_BP
layer1-slat5-up-copy1_h5_staple_8,P3649_MA,K6,A5,375,repeating_units_slats_regular_1,384PP_AQ_BP
layer1-slat5-up-copy1_h5_staple_9,P3649_MA,L7,A5,375,repeating_units_slats_regular_1,384PP_AQ_BP
layer1-slat5-up-copy1_h5_staple_10,P3652_MA,N8,A5,375,repeating_units_slats_regular_1,384PP_AQ_BP
layer1-slat5-up-copy1_h5_staple_11,P3649_MA,O1,A5,375,repeating_units_slats_regular_1,384PP_AQ_BP
layer1-slat5-up-copy1_h5_staple_12,P3649_MA,P23,A5,375,repeating_units_slats_regular_1,384PP_AQ_BP
layer1-slat5-up-copy1_h5_staple_13,P3650_MA,A22,A5,375,repeating_units_slats_regular_1,384PP_AQ_BP
layer1-slat5-up-copy1_h5_staple_14,P3650_MA,B10,A5,375,repeating_units_slats_regular_1,384PP_AQ_BP
layer1-slat5-up-copy1_h5_staple_15,P3650_MA,D5,A5,375,repeating_units_slats_regular_1,384PP_AQ_BP
layer1-slat5-up-copy1_h5_staple_16,P3650_MA,E2,A5,375,repeating_units_slats_regular_1,384PP_AQ_BP
layer1-slat5-up-copy1_h5_staple_17,P3653_MA,G6,A5,375,repeating_units_slats_regular_1,384PP_AQ_BP
layer1-slat5-up-copy1_h5_staple_18,P3653_MA,H10,A5,375,repeating_units_slats_regular_1,384PP_AQ_BP
layer1-slat5-up-copy1_h5_staple_19,P3650_MA,I20,A5,375,repeating_units_slats_regular_1,384PP_AQ_BP
layer1-slat5-up-copy1_h5_staple_20,P3653_MA,K11,A5,375,repeating_units_slats_regular_1,384PP_AQ_BP
layer1-slat5-up-copy1_h5_staple_21,P3650_MA,L8,A5,375,repeating_units_slats_regular_1,384PP_AQ_BP
layer1-slat5-up-copy1_h5_staple_22,P3653_MA,M17,A5,375,repeating_units_slats_regular_1,384PP_AQ_BP
layer1-slat5-up-copy1_h5_staple_23,P3653_MA,O9,A5,375,repeating_units_slats_regular_1,384PP_AQ_BP
layer1-slat5-up-copy1_h5_staple_24,P3653_MA,P24,A5,375,repeating_units_slats_regular_1,384PP_AQ_BP
layer1-slat5-up-copy1_h5_staple_25,P3651_MA,A8,A5,375,repeating_units_slats_regular_1,384PP_AQ_BP
layer1-slat5-up-copy1_h5_staple_26,P3651_MA,C7,A5,375,repeating_units_slats_regular_1,384PP_AQ_BP
layer1-slat5-up-copy1_h5_staple_27,P3651_MA,D16,A5,375,repeating_units_slats_regular_1,384PP_AQ_BP
layer1-slat5-up-copy1_h5_staple_28,P3651_MA,E16,A5,375,repeating_units_slats_regular_1,384PP_AQ_BP
layer1-slat5-up-copy1_h5_staple_29,P3654_MA,G5,A5,375,repeating_units_slats_regular_1,384PP_AQ_BP
layer1-slat5-up-copy1_h5_staple_30,P3651_MA,G22,A5,375,repeating_units_slats_regular_1,384PP_AQ_BP
layer1-slat5-up-copy1_h5_staple_31,P3651_MA,I3,A5,375,repeating_units_slats_regular_1,384PP_AQ_BP
layer1-slat5-up-copy1_h5_staple_32,P3654_MA,K13,A5,375,repeating_units_slats_regular_1,384PP_AQ_BP
layer1-slat6-up-copy1_h2_staple_1,sw_src009,{A5;B5;C5;D5},A6,200,repeating_units_slats_regular_1,384PP_AQ_BP
layer1-slat6-up-copy1_h2_staple_2,sw_src009,{A6;B6;C6;D6},A6,200,repeating_units_slats_regular_1,384PP_AQ_BP
layer1-slat6-up-copy1_h2_staple_3,sw_src009,{A7;B7;C7;D7},A6,200,repeating_units_slats_regular_1,384PP_AQ_BP
layer1-slat6-up-copy1_h2_staple_4,sw_src009,{A8;B8;C8;D8},A6,200,repeating_units_slats_regular_1,384PP_AQ_BP
layer1-slat6-up-copy1_h2_staple_5,sw_src009,{A9;B9;C9;D9},A6,200,repeating_units_slats_regular_1,384PP_AQ_BP
layer1-slat6-up-copy1_h2_staple_6,sw_src009,{A10;B10;C10;D10},A6,200,repeating_units_slats_regular_1,384PP_AQ_BP
layer1-slat6-up-copy1_h2_staple_7,sw_src009,{A11;B11;C11;D11},A6,200,repeating_units_slats_regular_1,384PP_AQ_BP
layer1-slat6-up-copy1_h2_staple_8,sw_src009,{A12;B12;C12;D12},A6,200,repeating_units_slats_regular_1,384PP_AQ_BP
layer1-slat6-up-copy1_h2_staple_9,sw_src009,{A13;B13;C13;D13},A6,200,repeating_units_slats_regular_1,384PP_AQ_BP
layer1-slat6-up-copy1_h2_staple_10,sw_src009,{A14;B14;C14;D14},A6,200,repeating_units_slats_regular_1,384PP_AQ_BP
layer1-slat6-up-copy1_h2_staple_11,sw_src009,{A15;B15;C15;D15},A6,200,repeating_units_slats_regular_1,384PP_AQ_BP
layer1-slat6-up-copy1_h2_staple_12,sw_src009,{A16;B16;C16;D16},A6,200,repeating_units_slats_regular_1,384PP_AQ_BP
layer1-slat6-up-copy1_h2_staple_13,sw_src009,{A17;B17;C17;D17},A6,200,repeating_units_slats_regular_1,384PP_AQ_BP
layer1-slat6-up-copy1_h2_staple_14,sw_src009,{A18;B18;C18;D18},A6,200,repeating_units_slats_regular_1,384PP_AQ_BP
layer1-slat6-up-copy1_h2_staple_15,sw_src009,{A19;B19;C19;D19},A6,200,repeating_units_slats_regular_1,384PP_AQ_BP
layer1-slat6-up-copy1_h2_staple_16,sw_src009,{A20;B20;C20;D20},A6,200,repeating_units_slats_regular_1,384PP_AQ_BP
layer1-slat6-up-copy1_h2_staple_17,sw_src009,{E5;F5;G5;H5},A6,200,repeating_units_slats_regular_1,384PP_AQ_BP
layer1-slat6-up-copy1_h2_staple_18,sw_src009,{E6;F6;G6;H6},A6,200,repeating_units_slats_regular_1,384PP_AQ_BP
layer1-slat6-up-copy1_h2_staple_19,sw_src009,{E7;F7;G7;H7},A6,200,repeating_units_slats_regular_1,384PP_AQ_BP
layer1-slat6-up-copy1_h2_staple_20,sw_src009,{E8;F8;G8;H8},A6,200,repeating_units_slats_regular_1,384PP_AQ_BP
layer1-slat6-up-copy1_h2_staple_21,sw_src009,{E9;F9;G9;H9},A6,200,repeating_units_slats_regular_1,384PP_AQ_BP
layer1-slat6-up-copy1_h2_staple_22,sw_src009,{E10;F10;G10;H10},A6,200,repeating_units_slats_regular_1,384PP_AQ_BP
layer1-slat6-up-copy1_h2_staple_23,sw_src009,{E11;F11;G11;H11},A6,200,repeating_units_slats_regular_1,384PP_AQ_BP
layer1-slat6-up-copy1_h2_staple_24,sw_src009,{E12;F12;G12;H12},A6,200,repeating_units_slats_regular_1,384PP_AQ_BP
layer1-slat6-up-copy1_h2_staple_25,sw_src009,{E13;F13;G13;H13},A6,200,repeating_units_slats_regular_1,384PP_AQ_BP
layer1-slat6-up-copy1_h2_staple_26,sw_src009,{E14;F14;G14;H14},A6,200,repeating_units_slats_regular_1,384PP_AQ_BP
layer1-slat6-up-copy1_h2_staple_27,sw_src009,{E15;F15;G15;H15},A6,200,repeating_units_slats_regular_1,384PP_AQ_BP
layer1-slat6-up-copy1_h2_staple_28,sw_src009,{E16;F16;G16;H16},A6,200,repeating_units_slats_regular_1,384PP_AQ_BP
layer1-slat6-up-copy1_h2_staple_29,sw_src009,{E17;F17;G17;H17},A6,200,repeating_units_slats_regular_1,384PP_AQ_BP
layer1-slat6-up-copy1_h2_staple_30,sw_src009,{E18;F18;G18;H18},A6,200,repeating_units_slats_regular_1,384PP_AQ_BP
layer1-slat6-up-copy1_h2_staple_31,sw_src009,{E19;F19;G19;H19},A6,200,repeating_units_slats_regular_1,384PP_AQ_BP
layer1-slat6-up-copy1_h2_staple_32,sw_src009,{E20;F20;G20;H20},A6,200,repeating_units_slats_regular_1,384PP_AQ_BP
layer1-slat6-up-copy1_h5_staple_1,P3652_MA,B7,A6,375,repeating_units_slats_regular_1,384PP_AQ_BP
layer1-slat6-up-copy1_h5_staple_2,P3649_MA,B16,A6,375,repeating_units_slats_regular_1,384PP_AQ_BP
layer1-slat6-up-copy1_h5_staple_3,P3652_MA,D10,A6,375,repeating_units_slats_regular_1,384PP_AQ_BP
layer1-slat6-up-copy1_h5_staple_4,P3649_MA,E5,A6,375,repeating_units_slats_regular_1,384PP_AQ_BP
layer1-slat6-up-copy1_h5_staple_5,P3652_MA,G15,A6,375,repeating_units_slats_regular_1,384PP_AQ_BP
layer1-slat6-up-copy1_h5_staple_6,P3649_MA,H17,A6,375,repeating_units_slats_regular_1,384PP_AQ_BP
layer1-slat6-up-copy1_h5_staple_7,P3652_MA,I24,A6,375,repeating_units_slats_regular_1,384PP_AQ_BP
layer1-slat6-up-copy1_h5_staple_8,P3649_MA,K1,A6,375,repeating_units_slats_regular_1,384PP_AQ_BP
layer1-slat6-up-copy1_h5_staple_9,P3649_MA,L1,A6,375,repeating_units_slats_regular_1,384PP_AQ_BP
layer1-slat6-up-copy1_h5_staple_10,P3649_MA,M11,A6,375,repeating_units_slats_regular_1,384PP_AQ_BP
layer1-slat6-up-copy1_h5_staple_11,P3652_MA,N23,A6,375,repeating_units_slats_regular_1,384PP_AQ_BP
layer1-slat6-up-copy1_h5_staple_12,P3649_MA,P3,A6,375,repeating_units_slats_regular_1,384PP_AQ_BP
layer1-slat6-up-copy1_h5_staple_13,P3650_MA,A22,A6,375,repeating_units_slats_regular_1,384PP_AQ_BP
layer1-slat6-up-copy1_h5_staple_14,P3650_MA,B12,A6,375,repeating_units_slats_regular_1,384PP_AQ_BP
layer1-slat6-up-copy1_h5_staple_15,P3653_MA,C17,A6,375,repeating_units_slats_regular_1,384PP_AQ_BP
layer1-slat6-up-copy1_h5_staple_16,P3653_MA,E10,A6,375,repeating_units_slats_regular_1,384PP_AQ_BP
layer1-slat6-up-copy1_h5_staple_17,P3653_MA,F16,A6,375,repeating_units_slats_regular_1,384PP_AQ_BP
layer1-slat6-up-copy1_h5_staple_18,P3650_MA,G18,A6,375,repeating_units_slats_regular_1,384PP_AQ_BP
layer1-slat6-up-copy1_h5_staple_19,P3650_MA,I14,A6,375,repeating_units_slats_regular_1,384PP_AQ_BP
layer1-slat6-up-copy1_h5_staple_20,P3650_MA,J16,A6,375,repeating_units_slats_regular_1,384PP_AQ_BP
layer1-slat6-up-copy1_h5_staple_21,P3653_MA,L20,A6,375,repeating_units_slats_regular_1,384PP_AQ_BP
layer1-slat6-up-copy1_h5_staple_22,P3653_MA,M13,A6,375,repeating_units_slats_regular_1,384PP_AQ_BP
layer1-slat6-up-copy1_h5_staple_23,P3653_MA,O3,A6,375,repeating_units_slats_regular_1,384PP_AQ_BP
layer1-slat6-up-copy1_h5_staple_24,P3650_MA,O20,A6,375,repeating_units_slats_regular_1,384PP_AQ_BP
layer1-slat6-up-copy1_h5_staple_25,P3654_MA,A17,A6,375,repeating_units_slats_regular_1,384PP_AQ_BP
layer1-slat6-up-copy1_h5_staple_26,P3654_MA,C3,A6,375,repeating_units_slats_regular_1,384PP_AQ_BP
layer1-slat6-up-copy1_h5_staple_27,P3651_MA,D21,A6,375,repeating_units_slats_regular_1,384PP_AQ_BP
layer1-slat6-up-copy1_h5_staple_28,P3651_MA,E21,A6,375,repeating_units_slats_regular_1,384PP_AQ_BP
layer1-slat6-up-copy1_h5_staple_29,P3651_MA,F10,A6,375,repeating_units_slats_regular_1,384PP_AQ_BP
layer1-slat6-up-copy1_h5_staple_30,P3651_MA,H2,A6,375,repeating_units_slats_regular_1,384PP_AQ_BP
layer1-slat6-up-copy1_h5_staple_31,P3654_MA,I6,A6,375,repeating_units_slats_regular_1,384PP_AQ_BP
layer1-slat6-up-copy1_h5_staple_32,P3651_MA,K5,A6,375,repeating_units_slats_regular_1,384PP_AQ_BP
layer1-slat7-up-copy1_h2_staple_1,sw_src009,{A5;B5;C5;D5},A7,200,repeating_units_slats_regular_1,384PP_AQ_BP
layer1-slat7-up-copy1_h2_staple_2,sw_src009,{A6;B6;C6;D6},A7,200,repeating_units_slats_regular_1,384PP_AQ_BP
layer1-slat7-up-copy1_h2_staple_3,sw_src009,{A7;B7;C7;D7},A7,200,repeating_units_slats_regular_1,384PP_AQ_BP
layer1-slat7-up-copy1_h2_staple_4,sw_src009,{A8;B8;C8;D8},A7,200,repeating_units_slats_regular_1,384PP_AQ_BP
layer1-slat7-up-copy1_h2_staple_5,sw_src009,{A9;B9;C9;D9},A7,200,repeating_units_slats_regular_1,384PP_AQ_BP
layer1-slat7-up-copy1_h2_staple_6,sw_src009,{A10;B10;C10;D10},A7,200,repeating_units_slats_regular_1,384PP_AQ_BP
layer1-slat7-up-copy1_h2_staple_7,sw_src009,{A11;B11;C11;D11},A7,200,repeating_units_slats_regular_1,384PP_AQ_BP
layer1-slat7-up-copy1_h2_staple_8,sw_src009,{A12;B12;C12;D12},A7,200,repeating_units_slats_regular_1,384PP_AQ_BP
layer1-slat7-up-copy1_h2_staple_9,sw_src009,{A13;B13;C13;D13},A7,200,repeating_units_slats_regular_1,384PP_AQ_BP
layer1-slat7-up-copy1_h2_staple_10,sw_src009,{A14;B14;C14;D14},A7,200,repeating_units_slats_regular_1,384PP_AQ_BP
layer1-slat7-up-copy1_h2_staple_11,sw_src009,{A15;B15;C15;D15},A7,200,repeating_units_slats_regular_1,384PP_AQ_BP
layer1-slat7-up-copy1_h2_staple_12,sw_src009,{A16;B16;C16;D16},A7,200,repeating_units_slats_regular_1,384PP_AQ_BP
layer1-slat7-up-copy1_h2_staple_13,sw_src009,{A17;B17;C17;D17},A7,200,repeating_units_slats_regular_1,384PP_AQ_BP
layer1-slat7-up-copy1_h2_staple_14,sw_src009,{A18;B18;C18;D18},A7,200,repeating_units_slats_regular_1,384PP_AQ_BP
layer1-slat7-up-copy1_h2_staple_15,sw_src009,{A19;B19;C19;D19},A7,200,repeating_units_slats_regular_1,384PP_AQ_BP
layer1-slat7-up-copy1_h2_staple_16,sw_src009,{A20;B20;C20;D20},A7,200,repeating_units_slats_regular_1,384PP_AQ_BP
layer1-slat7-up-copy1_h2_staple_17,sw_src009,{E5;F5;G5;H5},A7,200,repeating_units_slats_regular_1,384PP_AQ_BP
layer1-slat7-up-copy1_h2_staple_18,sw_src009,{E6;F6;G6;H6},A7,200,repeating_units_slats_regular_1,384PP_AQ_BP
layer1-slat7-up-copy1_h2_staple_19,sw_src009,{E7;F7;G7;H7},A7,200,repeating_units_slats_regular_1,384PP_AQ_BP
layer1-slat7-up-copy1_h2_staple_20,sw_src009,{E8;F8;G8;H8},A7,200,repeating_units_slats_regular_1,384PP_AQ_BP
layer1-slat7-up-copy1_h2_staple_21,sw_src009,{E9;F9;G9;H9},A7,200,repeating_units_slats_regular_1,384PP_AQ_BP
layer1-slat7-up-copy1_h2_staple_22,sw_src009,{E10;F10;G10;H10},A7,200,repeating_units_slats_regular_1,384PP_AQ_BP
layer1-slat7-up-copy1_h2_staple_23,sw_src009,{E11;F11;G11;H11},A7,200,repeating_units_slats_regular_1,384PP_AQ_BP
layer1-slat7-up-copy1_h2_staple_24,sw_src009,{E12;F12;G12;H12},A7,200,repeating_units_slats_regular_1,384PP_AQ_BP
layer1-slat7-up-copy1_h2_staple_25,sw_src009,{E13;F13;G13;H13},A7,200,repeating_units_slats_regular_1,384PP_AQ_BP
layer1-slat7-up-copy1_h2_staple_26,sw_src009,{E14;F14;G14;H14},A7,200,repeating_units_slats_regular_1,384PP_AQ_BP
layer1-slat7-up-copy1_h2_staple_27,sw_src009,{E15;F15;G15;H15},A7,200,repeating_units_slats_regular_1,384PP_AQ_BP
layer1-slat7-up-copy1_h2_staple_28,sw_src009,{E16;F16;G16;H16},A7,200,repeating_units_slats_regular_1,384PP_AQ_BP
layer1-slat7-up-copy1_h2_staple_29,sw_src009,{E17;F17;G17;H17},A7,200,repeating_units_slats_regular_1,384PP_AQ_BP
layer1-slat7-up-copy1_h2_staple_30,sw_src009,{E18;F18;G18;H18},A7,200,repeating_units_slats_regular_1,384PP_AQ_BP
layer1-slat7-up-copy1_h2_staple_31,sw_src009,{E19;F19;G19;H19},A7,200,repeating_units_slats_regular_1,384PP_AQ_BP
layer1-slat7-up-copy1_h2_staple_32,sw_src009,{E20;F20;G20;H20},A7,200,repeating_units_slats_regular_1,384PP_AQ_BP
layer1-slat7-up-copy1_h5_staple_1,P3652_MA,A3,A7,375,repeating_units_slats_regular_1,384PP_AQ_BP
layer1-slat7-up-copy1_h5_staple_2,P3652_MA,B18,A7,375,repeating_units_slats_regular_1,384PP_AQ_BP
layer1-slat7-up-copy1_h5_staple_3,P3652_MA,C18,A7,375,repeating_units_slats_regular_1,384PP_AQ_BP
layer1-slat7-up-copy1_h5_staple_4,P3652_MA,E10,A7,375,repeating_units_slats_regular_1,384PP_AQ_BP
layer1-slat7-up-copy1_h5_staple_5,P3649_MA,F20,A7,375,repeating_units_slats_regular_1,384PP_AQ_BP
layer1-slat7-up-copy1_h5_staple_6,P3649_MA,H18,A7,375,repeating_units_slats_regular_1,384PP_AQ_BP
layer1-slat7-up-copy1_h5_staple_7,P3649_MA,I11,A7,375,repeating_units_slats_regular_1,384PP_AQ_BP
layer1-slat7-up-copy1_h5_staple_8,P3649_MA,J11,A7,375,repeating_units_slats_regular_1,384PP_AQ_BP
layer1-slat7-up-copy1_h5_staple_9,P3649_MA,K22,A7,375,repeating_units_slats_regular_1,384PP_AQ_BP
layer1-slat7-up-copy1_h5_staple_10,P3649_MA,M12,A7,375,repeating_units_slats_regular_1,384PP_AQ_BP
layer1-slat7-up-copy1_h5_staple_11,P3649_MA,O11,A7,375,repeating_units_slats_regular_1,384PP_AQ_BP
layer1-slat7-up-copy1_h5_staple_12,P3652_MA,O24,A7,375,repeating_units_slats_regular_1,384PP_AQ_BP
layer1-slat7-up-copy1_h5_staple_13,P3653_MA,A7,A7,375,repeating_units_slats_regular_1,384PP_AQ_BP
layer1-slat7-up-copy1_h5_staple_14,P3653_MA,C9,A7,375,repeating_units_slats_regular_1,384PP_AQ_BP
layer1-slat7-up-copy1_h5_staple_15,P3650_MA,D19,A7,375,repeating_units_slats_regular_1,384PP_AQ_BP
layer1-slat7-up-copy1_h5_staple_16,P3653_MA,E9,A7,375,repeating_units_slats_regular_1,384PP_AQ_BP
layer1-slat7-up-copy1_h5_staple_17,P3650_MA,G8,A7,375,repeating_units_slats_regular_1,384PP_AQ_BP
layer1-slat7-up-copy1_h5_staple_18,P3650_MA,H2,A7,375,repeating_units_slats_regular_1,384PP_AQ_BP
layer1-slat7-up-copy1_h5_staple_19,P3653_MA,I7,A7,375,repeating_units_slats_regular_1,384PP_AQ_BP
layer1-slat7-up-copy1_h5_staple_20,P3650_MA,J10,A7,375,repeating_units_slats_regular_1,384PP_AQ_BP
layer1-slat7-up-copy1_h5_staple_21,P3653_MA,L16,A7,375,repeating_units_slats_regular_1,384PP_AQ_BP
layer1-slat7-up-copy1_h5_staple_22,P3653_MA,M14,A7,375,repeating_units_slats_regular_1,384PP_AQ_BP
layer1-slat7-up-copy1_h5_staple_23,P3653_MA,O5,A7,375,repeating_units_slats_regular_1,384PP_AQ_BP
layer1-slat7-up-copy1_h5_staple_24,P3653_MA,P20,A7,375,repeating_units_slats_regular_1,384PP_AQ_BP
layer1-slat7-up-copy1_h5_staple_25,P3654_MA,A17,A7,375,repeating_units_slats_regular_1,384PP_AQ_BP
layer1-slat7-up-copy1_h5_staple_26,P3654_MA,B18,A7,375,repeating_units_slats_regular_1,384PP_AQ_BP
layer1-slat7-up-copy1_h5_staple_27,P3651_MA,C17,A7,375,repeating_units_slats_regular_1,384PP_AQ_BP
layer1-slat7-up-copy1_h5_staple_28,P3651_MA,E16,A7,375,repeating_units_slats_regular_1,384PP_AQ_BP
layer1-slat7-up-copy1_h5_staple_29,P3654_MA,G4,A7,375,repeating_units_slats_regular_1,384PP_AQ_BP
layer1-slat7-up-copy1_h5_staple_30,P3651_MA,H24,A7,375,repeating_units_slats_regular_1,384PP_AQ_BP
layer1-slat7-up-copy1_h5_staple_31,P3654_MA,I7,A7,375,repeating_units_slats_regular_1,384PP_AQ_BP
layer1-slat7-up-copy1_h5_staple_32,P3654_MA,J11,A7,375,repeating_units_slats_regular_1,384PP_AQ_BP
layer1-slat8-up-copy1_h2_staple_1,sw_src009,{A5;B5;C5;D5},A8,200,repeating_units_slats_regular_1,384PP_AQ_BP
layer1-slat8-up-copy1_h2_staple_2,sw_src009,{A6;B6;C6;D6},A8,200,repeating_units_slats_regular_1,384PP_AQ_BP
layer1-slat8-up-copy1_h2_staple_3,sw_src009,{A7;B7;C7;D7},A8,200,repeating_units_slats_regular_1,384PP_AQ_BP
layer1-slat8-up-copy1_h2_staple_4,sw_src009,{A8;B8;C8;D8},A8,200,repeating_units_slats_regular_1,384PP_AQ_BP
layer1-slat8-up-copy1_h2_staple_5,sw_src009,{A9;B9;C9;D9},A8,200,repeating_units_slats_regular_1,384PP_AQ_BP
layer1-slat8-up-copy1_h2_staple_6,sw_src009,{A10;B10;C10;D10},A8,200,repeating_units_slats_regular_1,384PP_AQ_BP
layer1-slat8-up-copy1_h2_staple_7,sw_src009,{A11;B11;C11;D11},A8,200,repeating_units_slats_regular_1,384PP_AQ_BP
layer1-slat8-up-copy1_h2_staple_8,sw_src009,{A12;B12;C12;D12},A8,200,repeating_units_slats_regular_1,384PP_AQ_BP
layer1-slat8-up-copy1_h2_staple_9,sw_src009,{A13;B13;C13;D13},A8,200,repeating_units_slats_regular_1,384PP_AQ_BP
layer1-slat8-up-copy1_h2_staple_10,sw_src009,{A14;B14;C14;D14},A8,200,repeating_units_slats_regular_1,384PP_AQ_BP
layer1-slat8-up-copy1_h2_staple_11,sw_src009,{A15;B15;C15;D15},A8,200,repeating_units_slats_regular_1,384PP_AQ_BP
layer1-slat8-up-copy1_h2_staple_12,sw_src009,{A16;B16;C16;D16},A8,200,repeating_units_slats_regular_1,384PP_AQ_BP
layer1-slat8-up-copy1_h2_staple_13,sw_src009,{A17;B17;C17;D17},A8,200,repeating_units_slats_regular_1,384PP_AQ_BP
layer1-slat8-up-copy1_h2_staple_14,sw_src009,{A18;B18;C18;D18},A8,200,repeating_units_slats_regular_1,384PP_AQ_BP
layer1-slat8-up-copy1_h2_staple_15,sw_src009,{A19;B19;C19;D19},A8,200,repeating_units_slats_regular_1,384PP_AQ_BP
layer1-slat8-up-copy1_h2_staple_16,sw_src009,{A20;B20;C20;D20},A8,200,repeating_units_slats_regular_1,384PP_AQ_BP
layer1-slat8-up-copy1_h2_staple_17,sw_src009,{E5;F5;G5;H5},A8,200,repeating_units_slats_regular_1,384PP_AQ_BP
layer1-slat8-up-copy1_h2_staple_18,sw_src009,{E6;F6;G6;H6},A8,200,repeating_units_slats_regular_1,384PP_AQ_BP
layer1-slat8-up-copy1_h2_staple_19,sw_src009,{E7;F7;G7;H7},A8,200,repeating_units_slats_regular_1,384PP_AQ_BP
layer1-slat8-up-copy1_h2_staple_20,sw_src009,{E8;F8;G8;H8},A8,200,repeating_units_slats_regular_1,384PP_AQ_BP
layer1-slat8-up-copy1_h2_staple_21,sw_src009,{E9;F9;G9;H9},A8,200,repeating_units_slats_regular_1,384PP_AQ_BP
layer1-slat8-up-copy1_h2_staple_22,sw_src009,{E10;F10;G10;H10},A8,200,repeating_units_slats_regular_1,384PP_AQ_BP
layer1-slat8-up-copy1_h2_staple_23,sw_src009,{E11;F11;G11;H11},A8,200,repeating_units_slats_regular_1,384PP_AQ_BP
layer1-slat8-up-copy1_h2_staple_24,sw_src009,{E12;F12;G12;H12},A8,200,repeating_units_slats_regular_1,384PP_AQ_BP
layer1-slat8-up-copy1_h2_staple_25,sw_src009,{E13;F13;G13;H13},A8,200,repeating_units_slats_regular_1,384PP_AQ_BP
layer1-slat8-up-copy1_h2_staple_26,sw_src009,{E14;F14;G14;H14},A8,200,repeating_units_slats_regular_1,384PP_AQ_BP
layer1-slat8-up-copy1_h2_staple_27,sw_src009,{E15;F15;G15;H15},A8,200,repeating_units_slats_regular_1,384PP_AQ_BP
layer1-slat8-up-copy1_h2_staple_28,sw_src009,{E16;F16;G16;H16},A8,200,repeating_units_slats_regular_1,384PP_AQ_BP
layer1-slat8-up-copy1_h2_staple_29,sw_src009,{E17;F17;G17;H17},A8,200,repeating_units_slats_regular_1,384PP_AQ_BP
layer1-slat8-up-copy1_h2_staple_30,sw_src009,{E18;F18;G18;H18},A8,200,repeating_units_slats_regular_1,384PP_AQ_BP
layer1-slat8-up-copy1_h2_staple_31,sw_src009,{E19;F19;G19;H19},A8,200,repeating_units_slats_regular_1,384PP_AQ_BP
layer1-slat8-up-copy1_h2_staple_32,sw_src009,{E20;F20;G20;H20},A8,200,repeating_units_slats_regular_1,384PP_AQ_BP
layer1-slat8-up-copy1_h5_staple_1,P3652_MA,A15,A8,375,repeating_units_slats_regular_1,384PP_AQ_BP
layer1-slat8-up-copy1_h5_staple_2,P3649_MA,C15,A8,375,repeating_units_slats_regular_1,384PP_AQ_BP
layer1-slat8-up-copy1_h5_staple_3,P3652_MA,C18,A8,375,repeating_units_slats_regular_1,384PP_AQ_BP
layer1-slat8-up-copy1_h5_staple_4,P3652_MA,F4,A8,375,repeating_units_slats_regular_1,384PP_AQ_BP
layer1-slat8-up-copy1_h5_staple_5,P3649_MA,F20,A8,375,repeating_units_slats_regular_1,384PP_AQ_BP
layer1-slat8-up-copy1_h5_staple_6,P3652_MA,G23,A8,375,repeating_units_slats_regular_1,384PP_AQ_BP
layer1-slat8-up-copy1_h5_staple_7,P3649_MA,I1,A8,375,repeating_units_slats_regular_1,384PP_AQ_BP
layer1-slat8-up-copy1_h5_staple_8,P3649_MA,K11,A8,375,repeating_units_slats_regular_1,384PP_AQ_BP
layer1-slat8-up-copy1_h5_staple_9,P3652_MA,L1,A8,375,repeating_units_slats_regular_1,384PP_AQ_BP
layer1-slat8-up-copy1_h5_staple_10,P3649_MA,M21,A8,375,repeating_units_slats_regular_1,384PP_AQ_BP
layer1-slat8-up-copy1_h5_staple_11,P3649_MA,O3,A8,375,repeating_units_slats_regular_1,384PP_AQ_BP
layer1-slat8-up-copy1_h5_staple_12,P3652_MA,P16,A8,375,repeating_units_slats_regular_1,384PP_AQ_BP
layer1-slat8-up-copy1_h5_staple_13,P3653_MA,A11,A8,375,repeating_units_slats_regular_1,384PP_AQ_BP
layer1-slat8-up-copy1_h5_staple_14,P3653_MA,B11,A8,375,repeating_units_slats_regular_1,384PP_AQ_BP
layer1-slat8-up-copy1_h5_staple_15,P3650_MA,D19,A8,375,repeating_units_slats_regular_1,384PP_AQ_BP
layer1-slat8-up-copy1_h5_staple_16,P3650_MA,E17,A8,375,repeating_units_slats_regular_1,384PP_AQ_BP
layer1-slat8-up-copy1_h5_staple_17,P3650_MA,G3,A8,375,repeating_units_slats_regular_1,384PP_AQ_BP
layer1-slat8-up-copy1_h5_staple_18,P3653_MA,G24,A8,375,repeating_units_slats_regular_1,384PP_AQ_BP
layer1-slat8-up-copy1_h5_staple_19,P3650_MA,I12,A8,375,repeating_units_slats_regular_1,384PP_AQ_BP
layer1-slat8-up-copy1_h5_staple_20,P3653_MA,J19,A8,375,repeating_units_slats_regular_1,384PP_AQ_BP
layer1-slat8-up-copy1_h5_staple_21,P3653_MA,K21,A8,375,repeating_units_slats_regular_1,384PP_AQ_BP
layer1-slat8-up-copy1_h5_staple_22,P3650_MA,N7,A8,375,repeating_units_slats_regular_1,384PP_AQ_BP
layer1-slat8-up-copy1_h5_staple_23,P3653_MA,N9,A8,375,repeating_units_slats_regular_1,384PP_AQ_BP
layer1-slat8-up-copy1_h5_staple_24,P3650_MA,P7,A8,375,repeating_units_slats_regular_1,384PP_AQ_BP
layer1-slat8-up-copy1_h5_staple_25,P3654_MA,A18,A8,375,repeating_units_slats_regular_1,384PP_AQ_BP
layer1-slat8-up-copy1_h5_staple_26,P3651_MA,C6,A8,375,repeating_units_slats_regular_1,384PP_AQ_BP
layer1-slat8-up-copy1_h5_staple_27,P3651_MA,C19,A8,375,repeating_units_slats_regular_1,384PP_AQ_BP
layer1-slat8-up-copy1_h5_staple_28,P3654_MA,E15,A8,375,repeating_units_slats_regular_1,384PP_AQ_BP
layer1-slat8-up-copy1_h5_staple_29,P3654_MA,G9,A8,375,repeating_units_slats_regular_1,384PP_AQ_BP
layer1-slat8-up-copy1_h5_staple_30,P3654_MA,G17,A8,375,repeating_units_slats_regular_1,384PP_AQ_BP
layer1-slat8-up-copy1_h5_staple_31,P3651_MA,I4,A8,375,repeating_units_slats_regular_1,384PP_AQ_BP
layer1-slat8-up-copy1_h5_staple_32,P3654_MA,J13,A8,375,repeating_units_slats_regular_1,384PP_AQ_BP
layer1-slat9-up-copy1_h2_staple_1,sw_src009,{A5;B5;C5;D5},A9,200,repeating_units_slats_regular_1,384PP_AQ_BP
layer1-slat9-up-copy1_h2_staple_2,sw_src009,{A6;B6;C6;D6},A9,200,repeating_units_slats_regular_1,384PP_AQ_BP
layer1-slat9-up-copy1_h2_staple_3,sw_src009,{A7;B7;C7;D7},A9,200,repeating_units_slats_regular_1,384PP_AQ_BP
layer1-slat9-up-copy1_h2_staple_4,sw_src009,{A8;B8;C8;D8},A9,200,repeating_units_slats_regular_1,384PP_AQ_BP
layer1-slat9-up-copy1_h2_staple_5,sw_src009,{A9;B9;C9;D9},A9,200,repeating_units_slats_regular_1,384PP_AQ_BP
layer1-slat9-up-copy1_h2_staple_6,sw_src009,{A10;B10;C10;D10},A9,200,repeating_units_slats_regular_1,384PP_AQ_BP
layer1-slat9-up-copy1_h2_staple_7,sw_src009,{A11;B11;C11;D11},A9,200,repeating_units_slats_regular_1,384PP_AQ_BP
layer1-slat9-up-copy1_h2_staple_8,sw_src009,{A12;B12;C12;D12},A9,200,repeating_units_slats_regular_1,384PP_AQ_BP
layer1-slat9-up-copy1_h2_staple_9,sw_src009,{A13;B13;C13;D13},A9,200,repeating_units_slats_regular_1,384PP_AQ_BP
layer1-slat9-up-copy1_h2_staple_10,sw_src009,{A14;B14;C14;D14},A9,200,repeating_units_slats_regular_1,384PP_AQ_BP
layer1-slat9-up-copy1_h2_staple_11,sw_src009,{A15;B15;C15;D15},A9,200,repeating_units_slats_regular_1,384PP_AQ_BP
layer1-slat9-up-copy1_h2_staple_12,sw_src009,{A16;B16;C16;D16},A9,200,repeating_units_slats_regular_1,384PP_AQ_BP
layer1-slat9-up-copy1_h2_staple_13,sw_src009,{A17;B17;C17;D17},A9,200,repeating_units_slats_regular_1,384PP_AQ_BP
layer1-slat9-up-copy1_h2_staple_14,sw_src009,{A18;B18;C18;D18},A9,200,repeating_units_slats_regular_1,384PP_AQ_BP
layer1-slat9-up-copy1_h2_staple_15,sw_src009,{A19;B19;C19;D19},A9,200,repeating_units_slats_regular_1,384PP_AQ_BP
layer1-slat9-up-copy1_h2_staple_16,sw_src009,{A20;B20;C20;D20},A9,200,repeating_units_slats_regular_1,384PP_AQ_BP
layer1-slat9-up-copy1_h2_staple_17,sw_src009,{E5;F5;G5;H5},A9,200,repeating_units_slats_regular_1,384PP_AQ_BP
layer1-slat9-up-copy1_h2_staple_18,sw_src009,{E6;F6;G6;H6},A9,200,repeating_units_slats_regular_1,384PP_AQ_BP
layer1-slat9-up-copy1_h2_staple_19,sw_src009,{E7;F7;G7;H7},A9,200,repeating_units_slats_regular_1,384PP_AQ_BP
layer1-slat9-up-copy1_h2_staple_20,sw_src009,{E8;F8;G8;H8},A9,200,repeating_units_slats_regular_1,384PP_AQ_BP
layer1-slat9-up-copy1_h2_staple_21,sw_src009,{E9;F9;G9;H9},A9,200,repeating_units_slats_regular_1,384PP_AQ_BP
layer1-slat9-up-copy1_h2_staple_22,sw_src009,{E10;F10;G10;H10},A9,200,repeating_units_slats_regular_1,384PP_AQ_BP
layer1-slat9-up-copy1_h2_staple_23,sw_src009,{E11;F11;G11;H11},A9,200,repeating_units_slats_regular_1,384PP_AQ_BP
layer1-slat9-up-copy1_h2_staple_24,sw_src009,{E12;F12;G12;H12},A9,200,repeating_units_slats_regular_1,384PP_AQ_BP
layer1-slat9-up-copy1_h2_staple_25,sw_src009,{E13;F13;G13;H13},A9,200,repeating_units_slats_regular_1,384PP_AQ_BP
layer1-slat9-up-copy1_h2_staple_26,sw_src009,{E14;F14;G14;H14},A9,200,repeating_units_slats_regular_1,384PP_AQ_BP
layer1-slat9-up-copy1_h2_staple_27,sw_src009,{E15;F15;G15;H15},A9,200,repeating_units_slats_regular_1,384PP_AQ_BP
layer1-slat9-up-copy1_h2_staple_28,sw_src009,{E16;F16;G16;H16},A9,200,repeating_units_slats_regular_1,384PP_AQ_BP
layer1-slat9-up-copy1_h2_staple_29,sw_src009,{E17;F17;G17;H17},A9,200,repeating_units_slats_regular_1,384PP_AQ_BP
layer1-slat9-up-copy1_h2_staple_30,sw_src009,{E18;F18;G18;H18},A9,200,repeating_units_slats_regular_1,384PP_AQ_BP
layer1-slat9-up-copy1_h2_staple_31,sw_src009,{E19;F19;G19;H19},A9,200,repeating_units_slats_regular_1,384PP_AQ_BP
layer1-slat9-up-copy1_h2_staple_32,sw_src009,{E20;F20;G20;H20},A9,200,repeating_units_slats_regular_1,384PP_AQ_BP
layer1-slat9-up-copy1_h5_staple_1,P3652_MA,A11,A9,375,repeating_units_slats_regular_1,384PP_AQ_BP
layer1-slat9-up-copy1_h5_staple_2,P3652_MA,B20,A9,375,repeating_units_slats_regular_1,384PP_AQ_BP
layer1-slat9-up-copy1_h5_staple_3,P3649_MA,D21,A9,375,repeating_units_slats_regular_1,384PP_AQ_BP
layer1-slat9-up-copy1_h5_staple_4,P3649_MA,E9,A9,375,repeating_units_slats_regular_1,384PP_AQ_BP
layer1-slat9-up-copy1_h5_staple_5,P3649_MA,F17,A9,375,repeating_units_slats_regular_1,384PP_AQ_BP
layer1-slat9-up-copy1_h5_staple_6,P3649_MA,H13,A9,375,repeating_units_slats_regular_1,384PP_AQ_BP
layer1-slat9-up-copy1_h5_staple_7,P3652_MA,I21,A9,375,repeating_units_slats_regular_1,384PP_AQ_BP
layer1-slat9-up-copy1_h5_staple_8,P3649_MA,J19,A9,375,repeating_units_slats_regular_1,384PP_AQ_BP
layer1-slat9-up-copy1_h5_staple_9,P3649_MA,L22,A9,375,repeating_units_slats_regular_1,384PP_AQ_BP
layer1-slat9-up-copy1_h5_staple_10,P3652_MA,M12,A9,375,repeating_units_slats_regular_1,384PP_AQ_BP
layer1-slat9-up-copy1_h5_staple_11,P3652_MA,O3,A9,375,repeating_units_slats_regular_1,384PP_AQ_BP
layer1-slat9-up-copy1_h5_staple_12,P3652_MA,P23,A9,375,repeating_units_slats_regular_1,384PP_AQ_BP
layer1-slat9-up-copy1_h5_staple_13,P3653_MA,B2,A9,375,repeating_units_slats_regular_1,384PP_AQ_BP
layer1-slat9-up-copy1_h5_staple_14,P3653_MA,B14,A9,375,repeating_units_slats_regular_1,384PP_AQ_BP
layer1-slat9-up-copy1_h5_staple_15,P3650_MA,D19,A9,375,repeating_units_slats_regular_1,384PP_AQ_BP
layer1-slat9-up-copy1_h5_staple_16,P3650_MA,F1,A9,375,repeating_units_slats_regular_1,384PP_AQ_BP
layer1-slat9-up-copy1_h5_staple_17,P3653_MA,G13,A9,375,repeating_units_slats_regular_1,384PP_AQ_BP
layer1-slat9-up-copy1_h5_staple_18,P3653_MA,H5,A9,375,repeating_units_slats_regular_1,384PP_AQ_BP
layer1-slat9-up-copy1_h5_staple_19,P3650_MA,I9,A9,375,repeating_units_slats_regular_1,384PP_AQ_BP
layer1-slat9-up-copy1_h5_staple_20,P3653_MA,K13,A9,375,repeating_units_slats_regular_1,384PP_AQ_BP
layer1-slat9-up-copy1_h5_staple_21,P3650_MA,K19,A9,375,repeating_units_slats_regular_1,384PP_AQ_BP
layer1-slat9-up-copy1_h5_staple_22,P3653_MA,N1,A9,375,repeating_units_slats_regular_1,384PP_AQ_BP
layer1-slat9-up-copy1_h5_staple_23,P3653_MA,O12,A9,375,repeating_units_slats_regular_1,384PP_AQ_BP
layer1-slat9-up-copy1_h5_staple_24,P3650_MA,P5,A9,375,repeating_units_slats_regular_1,384PP_AQ_BP
layer1-slat9-up-copy1_h5_staple_25,P3654_MA,B1,A9,375,repeating_units_slats_regular_1,384PP_AQ_BP
layer1-slat9-up-copy1_h5_staple_26,P3654_MA,B13,A9,375,repeating_units_slats_regular_1,384PP_AQ_BP
layer1-slat9-up-copy1_h5_staple_27,P3654_MA,C17,A9,375,repeating_units_slats_regular_1,384PP_AQ_BP
layer1-slat9-up-copy1_h5_staple_28,P3654_MA,F2,A9,375,repeating_units_slats_regular_1,384PP_AQ_BP
layer1-slat9-up-copy1_h5_staple_29,P3654_MA,G5,A9,375,repeating_units_slats_regular_1,384PP_AQ_BP
layer1-slat9-up-copy1_h5_staple_30,P3654_MA,H24,A9,375,repeating_units_slats_regular_1,384PP_AQ_BP
layer1-slat9-up-copy1_h5_staple_31,P3654_MA,I2,A9,375,repeating_units_slats_regular_1,384PP_AQ_BP
layer1-slat9-up-copy1_h5_staple_32,P3654_MA,K4,A9,375,repeating_units_slats_regular_1,384PP_AQ_BP
layer1-slat10-up-copy1_h2_staple_1,sw_src009,{A5;B5;C5;D5},A10,200,repeating_units_slats_regular_1,384PP_AQ_BP
layer1-slat10-up-copy1_h2_staple_2,sw_src009,{A6;B6;C6;D6},A10,200,repeating_units_slats_regular_1,384PP_AQ_BP
layer1-slat10-up-copy1_h2_staple_3,sw_src009,{A7;B7;C7;D7},A10,200,repeating_units_slats_regular_1,384PP_AQ_BP
layer1-slat10-up-copy1_h2_staple_4,sw_src009,{A8;B8;C8;D8},A10,200,repeating_units_slats_regular_1,384PP_AQ_BP
layer1-slat10-up-copy1_h2_staple_5,sw_src009,{A9;B9;C9;D9},A10,200,repeating_units_slats_regular_1,384PP_AQ_BP
layer1-slat10-up-copy1_h2_staple_6,sw_src009,{A10;B10;C10;D10},A10,200,repeating_units_slats_regular_1,384PP_AQ_BP
layer1-slat10-up-copy1_h2_staple_7,sw_src009,{A11;B11;C11;D11},A10,200,repeating_units_slats_regular_1,384PP_AQ_BP
layer1-slat10-up-copy1_h2_staple_8,sw_src009,{A12;B12;C12;D12},A10,200,repeating_units_slats_regular_1,384PP_AQ_BP
layer1-slat10-up-copy1_h2_staple_9,sw_src009,{A13;B13;C13;D13},A10,200,repeating_units_slats_regular_1,384PP_AQ_BP
layer1-slat10-up-copy1_h2_staple_10,sw_src009,{A14;B14;C14;D14},A10,200,repeating_units_slats_regular_1,384PP_AQ_BP
layer1-slat10-up-copy1_h2_staple_11,sw_src009,{A15;B15;C15;D15},A10,200,repeating_units_slats_regular_1,384PP_AQ_BP
layer1-slat10-up-copy1_h2_staple_12,sw_src009,{A16;B16;C16;D16},A10,200,repeating_units_slats_regular_1,384PP_AQ_BP
layer1-slat10-up-copy1_h2_staple_13,sw_src009,{A17;B17;C17;D17},A10,200,repeating_units_slats_regular_1,384PP_AQ_BP
layer1-slat10-up-copy1_h2_staple_14,sw_src009,{A18;B18;C18;D18},A10,200,repeating_units_slats_regular_1,384PP_AQ_BP
layer1-slat10-up-copy1_h2_staple_15,sw_src009,{A19;B19;C19;D19},A10,200,repeating_units_slats_regular_1,384PP_AQ_BP
layer1-slat10-up-copy1_h2_staple_16,sw_src009,{A20;B20;C20;D20},A10,200,repeating_units_slats_regular_1,384PP_AQ_BP
layer1-slat10-up-copy1_h2_staple_17,sw_src009,{E5;F5;G5;H5},A10,200,repeating_units_slats_regular_1,384PP_AQ_BP
layer1-slat10-up-copy1_h2_staple_18,sw_src009,{E6;F6;G6;H6},A10,200,repeating_units_slats_regular_1,384PP_AQ_BP
layer1-slat10-up-copy1_h2_staple_19,sw_src009,{E7;F7;G7;H7},A10,200,repeating_units_slats_regular_1,384PP_AQ_BP
layer1-slat10-up-copy1_h2_staple_20,sw_src009,{E8;F8;G8;H8},A10,200,repeating_units_slats_regular_1,384PP_AQ_BP
layer1-slat10-up-copy1_h2_staple_21,sw_src009,{E9;F9;G9;H9},A10,200,repeating_units_slats_regular_1,384PP_AQ_BP
layer1-slat10-up-copy1_h2_staple_22,sw_src009,{E10;F10;G10;H10},A10,200,repeating_units_slats_regular_1,384PP_AQ_BP
layer1-slat10-up-copy1_h2_staple_23,sw_src009,{E11;F11;G11;H11},A10,200,repeating_units_slats_regular_1,384PP_AQ_BP
layer1-slat10-up-copy1_h2_staple_24,sw_src009,{E12;F12;G12;H12},A10,200,repeating_units_slats_regular_1,384PP_AQ_BP
layer1-slat10-up-copy1_h2_staple_25,sw_src009,{E13;F13;G13;H13},A10,200,repeating_units_slats_regular_1,384PP_AQ_BP
layer1-slat10-up-copy1_h2_staple_26,sw_src009,{E14;F14;G14;H14},A10,200,repeating_units_slats_regular_1,384PP_AQ_BP
layer1-slat10-up-copy1_h2_staple_27,sw_src009,{E15;F15;G15;H15},A10,200,repeating_units_slats_regular_1,384PP_AQ_BP
layer1-slat10-up-copy1_h2_staple_28,sw_src009,{E16;F16;G16;H16},A10,200,repeating_units_slats_regular_1,384PP_AQ_BP
layer1-slat10-up-copy1_h2_staple_29,sw_src009,{E17;F17;G17;H17},A10,200,repeating_units_slats_regular_1,384PP_AQ_BP
layer1-slat10-up-copy1_h2_staple_30,sw_src009,{E18;F18;G18;H18},A10,200,repeating_units_slats_regular_1,384PP_AQ_BP
layer1-slat10-up-copy1_h2_staple_31,sw_src009,{E19;F19;G19;H19},A10,200,repeating_units_slats_regular_1,384PP_AQ_BP
layer1-slat10-up-copy1_h2_staple_32,sw_src009,{E20;F20;G20;H20},A10,200,repeating_units_slats_regular_1,384PP_AQ_BP
layer1-slat10-up-copy1_h5_staple_1,P3652_MA,A6,A10,375,repeating_units_slats_regular_1,384PP_AQ_BP
layer1-slat10-up-copy1_h5_staple_2,P3652_MA,B17,A10,375,repeating_units_slats_regular_1,384PP_AQ_BP
layer1-slat10-up-copy1_h5_staple_3,P3652_MA,D22,A10,375,repeating_units_slats_regular_1,384PP_AQ_BP
layer1-slat10-up-copy1_h5_staple_4,P3649_MA,F2,A10,375,repeating_units_slats_regular_1,384PP_AQ_BP
layer1-slat10-up-copy1_h5_staple_5,P3649_MA,F15,A10,375,repeating_units_slats_regular_1,384PP_AQ_BP
layer1-slat10-up-copy1_h5_staple_6,P3652_MA,H17,A10,375,repeating_units_slats_regular_1,384PP_AQ_BP
layer1-slat10-up-copy1_h5_staple_7,P3649_MA,I3,A10,375,repeating_units_slats_regular_1,384PP_AQ_BP
layer1-slat10-up-copy1_h5_staple_8,P3652_MA,J14,A10,375,repeating_units_slats_regular_1,384PP_AQ_BP
layer1-slat10-up-copy1_h5_staple_9,P3652_MA,L11,A10,375,repeating_units_slats_regular_1,384PP_AQ_BP
layer1-slat10-up-copy1_h5_staple_10,P3649_MA,M8,A10,375,repeating_units_slats_regular_1,384PP_AQ_BP
layer1-slat10-up-copy1_h5_staple_11,P3652_MA,N24,A10,375,repeating_units_slats_regular_1,384PP_AQ_BP
layer1-slat10-up-copy1_h5_staple_12,P3649_MA,P4,A10,375,repeating_units_slats_regular_1,384PP_AQ_BP
layer1-slat10-up-copy1_h5_staple_13,P3653_MA,A1,A10,375,repeating_units_slats_regular_1,384PP_AQ_BP
layer1-slat10-up-copy1_h5_staple_14,P3653_MA,B18,A10,375,repeating_units_slats_regular_1,384PP_AQ_BP
layer1-slat10-up-copy1_h5_staple_15,P3650_MA,D15,A10,375,repeating_units_slats_regular_1,384PP_AQ_BP
layer1-slat10-up-copy1_h5_staple_16,P3653_MA,E4,A10,375,repeating_units_slats_regular_1,384PP_AQ_BP
layer1-slat10-up-copy1_h5_staple_17,P3650_MA,G2,A10,375,repeating_units_slats_regular_1,384PP_AQ_BP
layer1-slat10-up-copy1_h5_staple_18,P3653_MA,H15,A10,375,repeating_units_slats_regular_1,384PP_AQ_BP
layer1-slat10-up-copy1_h5_staple_19,P3650_MA,J2,A10,375,repeating_units_slats_regular_1,384PP_AQ_BP
layer1-slat10-up-copy1_h5_staple_20,P3653_MA,J17,A10,375,repeating_units_slats_regular_1,384PP_AQ_BP
layer1-slat10-up-copy1_h5_staple_21,P3653_MA,L12,A10,375,repeating_units_slats_regular_1,384PP_AQ_BP
layer1-slat10-up-copy1_h5_staple_22,P3650_MA,M11,A10,375,repeating_units_slats_regular_1,384PP_AQ_BP
layer1-slat10-up-copy1_h5_staple_23,P3650_MA,O4,A10,375,repeating_units_slats_regular_1,384PP_AQ_BP
layer1-slat10-up-copy1_h5_staple_24,P3653_MA,P19,A10,375,repeating_units_slats_regular_1,384PP_AQ_BP
layer1-slat10-up-copy1_h5_staple_25,P3654_MA,A19,A10,375,repeating_units_slats_regular_1,384PP_AQ_BP
layer1-slat10-up-copy1_h5_staple_26,P3651_MA,C10,A10,375,repeating_units_slats_regular_1,384PP_AQ_BP
layer1-slat10-up-copy1_h5_staple_27,P3654_MA,D22,A10,375,repeating_units_slats_regular_1,384PP_AQ_BP
layer1-slat10-up-copy1_h5_staple_28,P3654_MA,E11,A10,375,repeating_units_slats_regular_1,384PP_AQ_BP
layer1-slat10-up-copy1_h5_staple_29,P3651_MA,G12,A10,375,repeating_units_slats_regular_1,384PP_AQ_BP
layer1-slat10-up-copy1_h5_staple_30,P3651_MA,H17,A10,375,repeating_units_slats_regular_1,384PP_AQ_BP
layer1-slat10-up-copy1_h5_staple_31,P3654_MA,J5,A10,375,repeating_units_slats_regular_1,384PP_AQ_BP
layer1-slat10-up-copy1_h5_staple_32,P3651_MA,J23,A10,375,repeating_units_slats_regular_1,384PP_AQ_BP
layer1-slat11-up-copy1_h2_staple_1,sw_src009,{A5;B5;C5;D5},A11,200,repeating_units_slats_regular_1,384PP_AQ_BP
layer1-slat11-up-copy1_h2_staple_2,sw_src009,{A6;B6;C6;D6},A11,200,repeating_units_slats_regular_1,384PP_AQ_BP
layer1-slat11-up-copy1_h2_staple_3,sw_src009,{A7;B7;C7;D7},A11,200,repeating_units_slats_regular_1,384PP_AQ_BP
layer1-slat11-up-copy1_h2_staple_4,sw_src009,{A8;B8;C8;D8},A11,200,repeating_units_slats_regular_1,384PP_AQ_BP
layer1-slat11-up-copy1_h2_staple_5,sw_src009,{A9;B9;C9;D9},A11,200,repeating_units_slats_regular_1,384PP_AQ_BP
layer1-slat11-up-copy1_h2_staple_6,sw_src009,{A10;B10;C10;D10},A11,200,repeating_units_slats_regular_1,384PP_AQ_BP
layer1-slat11-up-copy1_h2_staple_7,sw_src009,{A11;B11;C11;D11},A11,200,repeating_units_slats_regular_1,384PP_AQ_BP
layer1-slat11-up-copy1_h2_staple_8,sw_src009,{A12;B12;C12;D12},A11,200,repeating_units_slats_regular_1,384PP_AQ_BP
layer1-slat11-up-copy1_h2_staple_9,sw_src009,{A13;B13;C13;D13},A11,200,repeating_units_slats_regular_1,384PP_AQ_BP
layer1-slat11-up-copy1_h2_staple_10,sw_src009,{A14;B14;C14;D14},A11,200,repeating_units_slats_regular_1,384PP_AQ_BP
layer1-slat11-up-copy1_h2_staple_11,sw_src009,{A15;B15;C15;D15},A11,200,repeating_units_slats_regular_1,384PP_AQ_BP
layer1-slat11-up-copy1_h2_staple_12,sw_src009,{A16;B16;C16;D16},A11,200,repeating_units_slats_regular_1,384PP_AQ_BP
layer1-slat11-up-copy1_h2_staple_13,sw_src009,{A17;B17;C17;D17},A11,200,repeating_units_slats_regular_1,384PP_AQ_BP
layer1-slat11-up-copy1_h2_staple_14,sw_src009,{A18;B18;C18;D18},A11,200,repeating_units_slats_regular_1,384PP_AQ_BP
layer1-slat11-up-copy1_h2_staple_15,sw_src009,{A19;B19;C19;D19},A11,200,repeating_units_slats_regular_1,384PP_AQ_BP
layer1-slat11-up-copy1_h2_staple_16,sw_src009,{A20;B20;C20;D20},A11,200,repeating_units_slats_regular_1,384PP_AQ_BP
layer1-slat11-up-copy1_h2_staple_17,sw_src009,{E5;F5;G5;H5},A11,200,repeating_units_slats_regular_1,384PP_AQ_BP
layer1-slat11-up-copy1_h2_staple_18,sw_src009,{E6;F6;G6;H6},A11,200,repeating_units_slats_regular_1,384PP_AQ_BP
layer1-slat11-up-copy1_h2_staple_19,sw_src009,{E7;F7;G7;H7},A11,200,repeating_units_slats_regular_1,384PP_AQ_BP
layer1-slat11-up-copy1_h2_staple_20,sw_src009,{E8;F8;G8;H8},A11,200,repeating_units_slats_regular_1,384PP_AQ_BP
layer1-slat11-up-copy1_h2_staple_21,sw_src009,{E9;F9;G9;H9},A11,200,repeating_units_slats_regular_1,384PP_AQ_BP
layer1-slat11-up-copy1_h2_staple_22,sw_src009,{E10;F10;G10;H10},A11,200,repeating_units_slats_regular_1,384PP_AQ_BP
layer1-slat11-up-copy1_h2_staple_23,sw_src009,{E11;F11;G11;H11},A11,200,repeating_units_slats_regular_1,384PP_AQ_BP
layer1-slat11-up-copy1_h2_staple_24,sw_src009,{E12;F12;G12;H12},A11,200,repeating_units_slats_regular_1,384PP_AQ_BP
layer1-slat11-up-copy1_h2_staple_25,sw_src009,{E13;F13;G13;H13},A11,200,repeating_units_slats_regular_1,384PP_AQ_BP
layer1-slat11-up-copy1_h2_staple_26,sw_src009,{E14;F14;G14;H14},A11,200,repeating_units_slats_regular_1,384PP_AQ_BP
layer1-slat11-up-copy1_h2_staple_27,sw_src009,{E15;F15;G15;H15},A11,200,repeating_units_slats_regular_1,384PP_AQ_BP
layer1-slat11-up-copy1_h2_staple_28,sw_src009,{E16;F16;G16;H16},A11,200,repeating_units_slats_regular_1,384PP_AQ_BP
layer1-slat11-up-copy1_h2_staple_29,sw_src009,{E17;F17;G17;H17},A11,200,repeating_units_slats_regular_1,384PP_AQ_BP
layer1-slat11-up-copy1_h2_staple_30,sw_src009,{E18;F18;G18;H18},A11,200,repeating_units_slats_regular_1,384PP_AQ_BP
layer1-slat11-up-copy1_h2_staple_31,sw_src009,{E19;F19;G19;H19},A11,200,repeating_units_slats_regular_1,384PP_AQ_BP
layer1-slat11-up-copy1_h2_staple_32,sw_src009,{E20;F20;G20;H20},A11,200,repeating_units_slats_regular_1,384PP_AQ_BP
layer1-slat11-up-copy1_h5_staple_1,P3649_MA,A2,A11,375,repeating_units_slats_regular_1,384PP_AQ_BP
layer1-slat11-up-copy1_h5_staple_2,P3652_MA,C7,A11,375,repeating_units_slats_regular_1,384PP_AQ_BP
layer1-slat11-up-copy1_h5_staple_3,P3649_MA,C23,A11,375,repeating_units_slats_regular_1,384PP_AQ_BP
layer1-slat11-up-copy1_h5_staple_4,P3652_MA,F7,A11,375,repeating_units_slats_regular_1,384PP_AQ_BP
layer1-slat11-up-copy1_h5_staple_5,P3649_MA,G8,A11,375,repeating_units_slats_regular_1,384PP_AQ_BP
layer1-slat11-up-copy1_h5_staple_6,P3649_MA,H9,A11,375,repeating_units_slats_regular_1,384PP_AQ_BP
layer1-slat11-up-copy1_h5_staple_7,P3649_MA,J7,A11,375,repeating_units_slats_regular_1,384PP_AQ_BP
layer1-slat11-up-copy1_h5_staple_8,P3652_MA,J12,A11,375,repeating_units_slats_regular_1,384PP_AQ_BP
layer1-slat11-up-copy1_h5_staple_9,P3649_MA,L11,A11,375,repeating_units_slats_regular_1,384PP_AQ_BP
layer1-slat11-up-copy1_h5_staple_10,P3649_MA,N8,A11,375,repeating_units_slats_regular_1,384PP_AQ_BP
layer1-slat11-up-copy1_h5_staple_11,P3652_MA,O12,A11,375,repeating_units_slats_regular_1,384PP_AQ_BP
layer1-slat11-up-copy1_h5_staple_12,P3652_MA,P12,A11,375,repeating_units_slats_regular_1,384PP_AQ_BP
layer1-slat11-up-copy1_h5_staple_13,P3650_MA,B1,A11,375,repeating_units_slats_regular_1,384PP_AQ_BP
layer1-slat11-up-copy1_h5_staple_14,P3650_MA,B14,A11,375,repeating_units_slats_regular_1,384PP_AQ_BP
layer1-slat11-up-copy1_h5_staple_15,P3650_MA,D18,A11,375,repeating_units_slats_regular_1,384PP_AQ_BP
layer1-slat11-up-copy1_h5_staple_16,P3650_MA,F4,A11,375,repeating_units_slats_regular_1,384PP_AQ_BP
layer1-slat11-up-copy1_h5_staple_17,P3650_MA,F18,A11,375,repeating_units_slats_regular_1,384PP_AQ_BP
layer1-slat11-up-copy1_h5_staple_18,P3653_MA,H12,A11,375,repeating_units_slats_regular_1,384PP_AQ_BP
layer1-slat11-up-copy1_h5_staple_19,P3650_MA,I18,A11,375,repeating_units_slats_regular_1,384PP_AQ_BP
layer1-slat11-up-copy1_h5_staple_20,P3653_MA,K11,A11,375,repeating_units_slats_regular_1,384PP_AQ_BP
layer1-slat11-up-copy1_h5_staple_21,P3650_MA,K17,A11,375,repeating_units_slats_regular_1,384PP_AQ_BP
layer1-slat11-up-copy1_h5_staple_22,P3653_MA,M17,A11,375,repeating_units_slats_regular_1,384PP_AQ_BP
layer1-slat11-up-copy1_h5_staple_23,P3653_MA,N14,A11,375,repeating_units_slats_regular_1,384PP_AQ_BP
layer1-slat11-up-copy1_h5_staple_24,P3653_MA,P1,A11,375,repeating_units_slats_regular_1,384PP_AQ_BP
layer1-slat11-up-copy1_h5_staple_25,P3654_MA,A17,A11,375,repeating_units_slats_regular_1,384PP_AQ_BP
layer1-slat11-up-copy1_h5_staple_26,P3651_MA,C2,A11,375,repeating_units_slats_regular_1,384PP_AQ_BP
layer1-slat11-up-copy1_h5_staple_27,P3651_MA,D6,A11,375,repeating_units_slats_regular_1,384PP_AQ_BP
layer1-slat11-up-copy1_h5_staple_28,P3651_MA,F2,A11,375,repeating_units_slats_regular_1,384PP_AQ_BP
layer1-slat11-up-copy1_h5_staple_29,P3654_MA,F17,A11,375,repeating_units_slats_regular_1,384PP_AQ_BP
layer1-slat11-up-copy1_h5_staple_30,P3651_MA,H2,A11,375,repeating_units_slats_regular_1,384PP_AQ_BP
layer1-slat11-up-copy1_h5_staple_31,P3654_MA,I18,A11,375,repeating_units_slats_regular_1,384PP_AQ_BP
layer1-slat11-up-copy1_h5_staple_32,P3651_MA,K9,A11,375,repeating_units_slats_regular_1,384PP_AQ_BP
layer1-slat12-up-copy1_h2_staple_1,sw_src009,{A5;B5;C5;D5},A12,200,repeating_units_slats_regular_1,384PP_AQ_BP
layer1-slat12-up-copy1_h2_staple_2,sw_src009,{A6;B6;C6;D6},A12,200,repeating_units_slats_regular_1,384PP_AQ_BP
layer1-slat12-up-copy1_h2_staple_3,sw_src009,{A7;B7;C7;D7},A12,200,repeating_units_slats_regular_1,384PP_AQ_BP
layer1-slat12-up-copy1_h2_staple_4,sw_src009,{A8;B8;C8;D8},A12,200,repeating_units_slats_regular_1,384PP_AQ_BP
layer1-slat12-up-copy1_h2_staple_5,sw_src009,{A9;B9;C9;D9},A12,200,repeating_units_slats_regular_1,384PP_AQ_BP
layer1-slat12-up-copy1_h2_staple_6,sw_src009,{A10;B10;C10;D10},A12,200,repeating_units_slats_regular_1,384PP_AQ_BP
layer1-slat12-up-copy1_h2_staple_7,sw_src009,{A11;B11;C11;D11},A12,200,repeating_units_slats_regular_1,384PP_AQ_BP
layer1-slat12-up-copy1_h2_staple_8,sw_src009,{A12;B12;C12;D12},A12,200,repeating_units_slats_regular_1,384PP_AQ_BP
layer1-slat12-up-copy1_h2_staple_9,sw_src009,{A13;B13;C13;D13},A12,200,repeating_units_slats_regular_1,384PP_AQ_BP
layer1-slat12-up-copy1_h2_staple_10,sw_src009,{A14;B14;C14;D14},A12,200,repeating_units_slats_regular_1,384PP_AQ_BP
layer1-slat12-up-copy1_h2_staple_11,sw_src009,{A15;B15;C15;D15},A12,200,repeating_units_slats_regular_1,384PP_AQ_BP
layer1-slat12-up-copy1_h2_staple_12,sw_src009,{A16;B16;C16;D16},A12,200,repeating_units_slats_regular_1,384PP_AQ_BP
layer1-slat12-up-copy1_h2_staple_13,sw_src009,{A17;B17;C17;D17},A12,200,repeating_units_slats_regular_1,384PP_AQ_BP
layer1-slat12-up-copy1_h2_staple_14,sw_src009,{A18;B18;C18;D18},A12,200,repeating_units_slats_regular_1,384PP_AQ_BP
layer1-slat12-up-copy1_h2_staple_15,sw_src009,{A19;B19;C19;D19},A12,200,repeating_units_slats_regular_1,384PP_AQ_BP
layer1-slat12-up-copy1_h2_staple_16,sw_src009,{A20;B20;C20;D20},A12,200,repeating_units_slats_regular_1,384PP_AQ_BP
layer1-slat12-up-copy1_h2_staple_17,sw_src009,{E5;F5;G5;H5},A12,200,repeating_units_slats_regular_1,384PP_AQ_BP
layer1-slat12-up-copy1_h2_staple_18,sw_src009,{E6;F6;G6;H6},A12,200,repeating_units_slats_regular_1,384PP_AQ_BP
layer1-slat12-up-copy1_h2_staple_19,sw_src009,{E7;F7;G7;H7},A12,200,repeating_units_slats_regular_1,384PP_AQ_BP
layer1-slat12-up-copy1_h2_staple_20,sw_src009,{E8;F8;G8;H8},A12,200,repeating_units_slats_regular_1,384PP_AQ_BP
layer1-slat12-up-copy1_h2_staple_21,sw_src009,{E9;F9;G9;H9},A12,200,repeating_units_slats_regular_1,384PP_AQ_BP
layer1-slat12-up-copy1_h2_staple_22,sw_src009,{E10;F10;G10;H10},A12,200,repeating_units_slats_regular_1,384PP_AQ_BP
layer1-slat12-up-copy1_h2_staple_23,sw_src009,{E11;F11;G11;H11},A12,200,repeating_units_slats_regular_1,384PP_AQ_BP
layer1-slat12-up-copy1_h2_staple_24,sw_src009,{E12;F12;G12;H12},A12,200,repeating_units_slats_regular_1,384PP_AQ_BP
layer1-slat12-up-copy1_h2_staple_25,sw_src009,{E13;F13;G13;H13},A12,200,repeating_units_slats_regular_1,384PP_AQ_BP
layer1-slat12-up-copy1_h2_staple_26,sw_src009,{E14;F14;G14;H14},A12,200,repeating_units_slats_regular_1,384PP_AQ_BP
layer1-slat12-up-copy1_h2_staple_27,sw_src009,{E15;F15;G15;H15},A12,200,repeating_units_slats_regular_1,384PP_AQ_BP
layer1-slat12-up-copy1_h2_staple_28,sw_src009,{E16;F16;G16;H16},A12,200,repeating_units_slats_regular_1,384PP_AQ_BP
layer1-slat12-up-copy1_h2_staple_29,sw_src009,{E17;F17;G17;H17},A12,200,repeating_units_slats_regular_1,384PP_AQ_BP
layer1-slat12-up-copy1_h2_staple_30,sw_src009,{E18;F18;G18;H18},A12,200,repeating_units_slats_regular_1,384PP_AQ_BP
layer1-slat12-up-copy1_h2_staple_31,sw_src009,{E19;F19;G19;H19},A12,200,repeating_units_slats_regular_1,384PP_AQ_BP
layer1-slat12-up-copy1_h2_staple_32,sw_src009,{E20;F20;G20;H20},A12,200,repeating_units_slats_regular_1,384PP_AQ_BP
layer1-slat12-up-copy1_h5_staple_1,P3652_MA,A14,A12,375,repeating_units_slats_regular_1,384PP_AQ_BP
layer1-slat12-up-copy1_h5_staple_2,P3649_MA,C16,A12,375,repeating_units_slats_regular_1,384PP_AQ_BP
layer1-slat12-up-copy1_h5_staple_3,P3649_MA,D17,A12,375,repeating_units_slats_regular_1,384PP_AQ_BP
layer1-slat12-up-copy1_h5_staple_4,P3649_MA,F7,A12,375,repeating_units_slats_regular_1,384PP_AQ_BP
layer1-slat12-up-copy1_h5_staple_5,P3649_MA,G8,A12,375,repeating_units_slats_regular_1,384PP_AQ_BP
layer1-slat12-up-copy1_h5_staple_6,P3649_MA,H1,A12,375,repeating_units_slats_regular_1,384PP_AQ_BP
layer1-slat12-up-copy1_h5_staple_7,P3652_MA,J1,A12,375,repeating_units_slats_regular_1,384PP_AQ_BP
layer1-slat12-up-copy1_h5_staple_8,P3649_MA,J22,A12,375,repeating_units_slats_regular_1,384PP_AQ_BP
layer1-slat12-up-copy1_h5_staple_9,P3652_MA,L13,A12,375,repeating_units_slats_regular_1,384PP_AQ_BP
layer1-slat12-up-copy1_h5_staple_10,P3649_MA,M4,A12,375,repeating_units_slats_regular_1,384PP_AQ_BP
layer1-slat12-up-copy1_h5_staple_11,P3652_MA,O13,A12,375,repeating_units_slats_regular_1,384PP_AQ_BP
layer1-slat12-up-copy1_h5_staple_12,P3652_MA,O22,A12,375,repeating_units_slats_regular_1,384PP_AQ_BP
layer1-slat12-up-copy1_h5_staple_13,P3653_MA,A11,A12,375,repeating_units_slats_regular_1,384PP_AQ_BP
layer1-slat12-up-copy1_h5_staple_14,P3650_MA,C8,A12,375,repeating_units_slats_regular_1,384PP_AQ_BP
layer1-slat12-up-copy1_h5_staple_15,P3650_MA,D7,A12,375,repeating_units_slats_regular_1,384PP_AQ_BP
layer1-slat12-up-copy1_h5_staple_16,P3650_MA,E16,A12,375,repeating_units_slats_regular_1,384PP_AQ_BP
layer1-slat12-up-copy1_h5_staple_17,P3650_MA,G15,A12,375,repeating_units_slats_regular_1,384PP_AQ_BP
layer1-slat12-up-copy1_h5_staple_18,P3650_MA,G17,A12,375,repeating_units_slats_regular_1,384PP_AQ_BP
layer1-slat12-up-copy1_h5_staple_19,P3650_MA,J6,A12,375,repeating_units_slats_regular_1,384PP_AQ_BP
layer1-slat12-up-copy1_h5_staple_20,P3653_MA,J17,A12,375,repeating_units_slats_regular_1,384PP_AQ_BP
layer1-slat12-up-copy1_h5_staple_21,P3653_MA,K22,A12,375,repeating_units_slats_regular_1,384PP_AQ_BP
layer1-slat12-up-copy1_h5_staple_22,P3653_MA,N8,A12,375,repeating_units_slats_regular_1,384PP_AQ_BP
layer1-slat12-up-copy1_h5_staple_23,P3650_MA,O7,A12,375,repeating_units_slats_regular_1,384PP_AQ_BP
layer1-slat12-up-copy1_h5_staple_24,P3653_MA,P6,A12,375,repeating_units_slats_regular_1,384PP_AQ_BP
layer1-slat12-up-copy1_h5_staple_25,P3651_MA,A1,A12,375,repeating_units_slats_regular_1,384PP_AQ_BP
layer1-slat12-up-copy1_h5_staple_26,P3651_MA,B14,A12,375,repeating_units_slats_regular_1,384PP_AQ_BP
layer1-slat12-up-copy1_h5_staple_27,P3654_MA,C23,A12,375,repeating_units_slats_regular_1,384PP_AQ_BP
layer1-slat12-up-copy1_h5_staple_28,P3654_MA,F2,A12,375,repeating_units_slats_regular_1,384PP_AQ_BP
layer1-slat12-up-copy1_h5_staple_29,P3651_MA,F15,A12,375,repeating_units_slats_regular_1,384PP_AQ_BP
layer1-slat12-up-copy1_h5_staple_30,P3654_MA,G21,A12,375,repeating_units_slats_regular_1,384PP_AQ_BP
layer1-slat12-up-copy1_h5_staple_31,P3654_MA,J5,A12,375,repeating_units_slats_regular_1,384PP_AQ_BP
layer1-slat12-up-copy1_h5_staple_32,P3651_MA,J19,A12,375,repeating_units_slats_regular_1,384PP_AQ_BP
layer1-slat13-up-copy1_h2_staple_1,sw_src009,{A5;B5;C5;D5},B1,200,repeating_units_slats_regular_1,384PP_AQ_BP
layer1-slat13-up-copy1_h2_staple_2,sw_src009,{A6;B6;C6;D6},B1,200,repeating_units_slats_regular_1,384PP_AQ_BP
layer1-slat13-up-copy1_h2_staple_3,sw_src009,{A7;B7;C7;D7},B1,200,repeating_units_slats_regular_1,384PP_AQ_BP
layer1-slat13-up-copy1_h2_staple_4,sw_src009,{A8;B8;C8;D8},B1,200,repeating_units_slats_regular_1,384PP_AQ_BP
layer1-slat13-up-copy1_h2_staple_5,sw_src009,{A9;B9;C9;D9},B1,200,repeating_units_slats_regular_1,384PP_AQ_BP
layer1-slat13-up-copy1_h2_staple_6,sw_src009,{A10;B10;C10;D10},B1,200,repeating_units_slats_regular_1,384PP_AQ_BP
layer1-slat13-up-copy1_h2_staple_7,sw_src009,{A11;B11;C11;D11},B1,200,repeating_units_slats_regular_1,384PP_AQ_BP
layer1-slat13-up-copy1_h2_staple_8,sw_src009,{A12;B12;C12;D12},B1,200,repeating_units_slats_regular_1,384PP_AQ_BP
layer1-slat13-up-copy1_h2_staple_9,sw_src009,{A13;B13;C13;D13},B1,200,repeating_units_slats_regular_1,384PP_AQ_BP
layer1-slat13-up-copy1_h2_staple_10,sw_src009,{A14;B14;C14;D14},B1,200,repeating_units_slats_regular_1,384PP_AQ_BP
layer1-slat13-up-copy1_h2_staple_11,sw_src009,{A15;B15;C15;D15},B1,200,repeating_units_slats_regular_1,384PP_AQ_BP
layer1-slat13-up-copy1_h2_staple_12,sw_src009,{A16;B16;C16;D16},B1,200,repeating_units_slats_regular_1,384PP_AQ_BP
layer1-slat13-up-copy1_h2_staple_13,sw_src009,{A17;B17;C17;D17},B1,200,repeating_units_slats_regular_1,384PP_AQ_BP
layer1-slat13-up-copy1_h2_staple_14,sw_src009,{A18;B18;C18;D18},B1,200,repeating_units_slats_regular_1,384PP_AQ_BP
layer1-slat13-up-copy1_h2_staple_15,sw_src009,{A19;B19;C19;D19},B1,200,repeating_units_slats_regular_1,384PP_AQ_BP
layer1-slat13-up-copy1_h2_staple_16,sw_src009,{A20;B20;C20;D20},B1,200,repeating_units_slats_regular_1,384PP_AQ_BP
layer1-slat13-up-copy1_h2_staple_17,sw_src009,{E5;F5;G5;H5},B1,200,repeating_units_slats_regular_1,384PP_AQ_BP
layer1-slat13-up-copy1_h2_staple_18,sw_src009,{E6;F6;G6;H6},B1,200,repeating_units_slats_regular_1,384PP_AQ_BP
layer1-slat13-up-copy1_h2_staple_19,sw_src009,{E7;F7;G7;H7},B1,200,repeating_units_slats_regular_1,384PP_AQ_BP
layer1-slat13-up-copy1_h2_staple_20,sw_src009,{E8;F8;G8;H8},B1,200,repeating_units_slats_regular_1,384PP_AQ_BP
layer1-slat13-up-copy1_h2_staple_21,sw_src009,{E9;F9;G9;H9},B1,200,repeating_units_slats_regular_1,384PP_AQ_BP
layer1-slat13-up-copy1_h2_staple_22,sw_src009,{E10;F10;G10;H10},B1,200,repeating_units_slats_regular_1,384PP_AQ_BP
layer1-slat13-up-copy1_h2_staple_23,sw_src009,{E11;F11;G11;H11},B1,200,repeating_units_slats_regular_1,384PP_AQ_BP
layer1-slat13-up-copy1_h2_staple_24,sw_src009,{E12;F12;G12;H12},B1,200,repeating_units_slats_regular_1,384PP_AQ_BP
layer1-slat13-up-copy1_h2_staple_25,sw_src009,{E13;F13;G13;H13},B1,200,repeating_units_slats_regular_1,384PP_AQ_BP
layer1-slat13-up-copy1_h2_staple_26,sw_src009,{E14;F14;G14;H14},B1,200,repeating_units_slats_regular_1,384PP_AQ_BP
layer1-slat13-up-copy1_h2_staple_27,sw_src009,{E15;F15;G15;H15},B1,200,repeating_units_slats_regular_1,384PP_AQ_BP
layer1-slat13-up-copy1_h2_staple_28,sw_src009,{E16;F16;G16;H16},B1,200,repeating_units_slats_regular_1,384PP_AQ_BP
layer1-slat13-up-copy1_h2_staple_29,sw_src009,{E17;F17;G17;H17},B1,200,repeating_units_slats_regular_1,384PP_AQ_BP
layer1-slat13-up-copy1_h2_staple_30,sw_src009,{E18;F18;G18;H18},B1,200,repeating_units_slats_regular_1,384PP_AQ_BP
layer1-slat13-up-copy1_h2_staple_31,sw_src009,{E19;F19;G19;H19},B1,200,repeating_units_slats_regular_1,384PP_AQ_BP
layer1-slat13-up-copy1_h2_staple_32,sw_src009,{E20;F20;G20;H20},B1,200,repeating_units_slats_regular_1,384PP_AQ_BP
layer1-slat13-up-copy1_h5_staple_1,P3649_MA,A18,B1,375,repeating_units_slats_regular_1,384PP_AQ_BP
layer1-slat13-up-copy1_h5_staple_2,P3652_MA,B13,B1,375,repeating_units_slats_regular_1,384PP_AQ_BP
layer1-slat13-up-copy1_h5_staple_3,P3649_MA,D21,B1,375,repeating_units_slats_regular_1,384PP_AQ_BP
layer1-slat13-up-copy1_h5_staple_4,P3649_MA,F3,B1,375,repeating_units_slats_regular_1,384PP_AQ_BP
layer1-slat13-up-copy1_h5_staple_5,P3649_MA,G12,B1,375,repeating_units_slats_regular_1,384PP_AQ_BP
layer1-slat13-up-copy1_h5_staple_6,P3652_MA,G23,B1,375,repeating_units_slats_regular_1,384PP_AQ_BP
layer1-slat13-up-copy1_h5_staple_7,P3649_MA,J3,B1,375,repeating_units_slats_regular_1,384PP_AQ_BP
layer1-slat13-up-copy1_h5_staple_8,P3652_MA,K4,B1,375,repeating_units_slats_regular_1,384PP_AQ_BP
layer1-slat13-up-copy1_h5_staple_9,P3652_MA,L7,B1,375,repeating_units_slats_regular_1,384PP_AQ_BP
layer1-slat13-up-copy1_h5_staple_10,P3652_MA,N1,B1,375,repeating_units_slats_regular_1,384PP_AQ_BP
layer1-slat13-up-copy1_h5_staple_11,P3652_MA,O14,B1,375,repeating_units_slats_regular_1,384PP_AQ_BP
layer1-slat13-up-copy1_h5_staple_12,P3652_MA,P14,B1,375,repeating_units_slats_regular_1,384PP_AQ_BP
layer1-slat13-up-copy1_h5_staple_13,P3650_MA,A6,B1,375,repeating_units_slats_regular_1,384PP_AQ_BP
layer1-slat13-up-copy1_h5_staple_14,P3653_MA,C5,B1,375,repeating_units_slats_regular_1,384PP_AQ_BP
layer1-slat13-up-copy1_h5_staple_15,P3650_MA,D15,B1,375,repeating_units_slats_regular_1,384PP_AQ_BP
layer1-slat13-up-copy1_h5_staple_16,P3653_MA,F6,B1,375,repeating_units_slats_regular_1,384PP_AQ_BP
layer1-slat13-up-copy1_h5_staple_17,P3653_MA,F19,B1,375,repeating_units_slats_regular_1,384PP_AQ_BP
layer1-slat13-up-copy1_h5_staple_18,P3650_MA,H2,B1,375,repeating_units_slats_regular_1,384PP_AQ_BP
layer1-slat13-up-copy1_h5_staple_19,P3650_MA,I16,B1,375,repeating_units_slats_regular_1,384PP_AQ_BP
layer1-slat13-up-copy1_h5_staple_20,P3650_MA,J11,B1,375,repeating_units_slats_regular_1,384PP_AQ_BP
layer1-slat13-up-copy1_h5_staple_21,P3650_MA,L11,B1,375,repeating_units_slats_regular_1,384PP_AQ_BP
layer1-slat13-up-copy1_h5_staple_22,P3653_MA,N6,B1,375,repeating_units_slats_regular_1,384PP_AQ_BP
layer1-slat13-up-copy1_h5_staple_23,P3650_MA,N14,B1,375,repeating_units_slats_regular_1,384PP_AQ_BP
layer1-slat13-up-copy1_h5_staple_24,P3653_MA,P4,B1,375,repeating_units_slats_regular_1,384PP_AQ_BP
layer1-slat13-up-copy1_h5_staple_25,P3654_MA,A5,B1,375,repeating_units_slats_regular_1,384PP_AQ_BP
layer1-slat13-up-copy1_h5_staple_26,P3654_MA,C11,B1,375,repeating_units_slats_regular_1,384PP_AQ_BP
layer1-slat13-up-copy1_h5_staple_27,P3651_MA,D5,B1,375,repeating_units_slats_regular_1,384PP_AQ_BP
layer1-slat13-up-copy1_h5_staple_28,P3654_MA,E22,B1,375,repeating_units_slats_regular_1,384PP_AQ_BP
layer1-slat13-up-copy1_h5_staple_29,P3654_MA,G16,B1,375,repeating_units_slats_regular_1,384PP_AQ_BP
layer1-slat13-up-copy1_h5_staple_30,P3654_MA,H24,B1,375,repeating_units_slats_regular_1,384PP_AQ_BP
layer1-slat13-up-copy1_h5_staple_31,P3654_MA,I8,B1,375,repeating_units_slats_regular_1,384PP_AQ_BP
layer1-slat13-up-copy1_h5_staple_32,P3654_MA,K2,B1,375,repeating_units_slats_regular_1,384PP_AQ_BP
layer1-slat14-up-copy1_h2_staple_1,sw_src009,{A5;B5;C5;D5},B2,200,repeating_units_slats_regular_1,384PP_AQ_BP
layer1-slat14-up-copy1_h2_staple_2,sw_src009,{A6;B6;C6;D6},B2,200,repeating_units_slats_regular_1,384PP_AQ_BP
layer1-slat14-up-copy1_h2_staple_3,sw_src009,{A7;B7;C7;D7},B2,200,repeating_units_slats_regular_1,384PP_AQ_BP
layer1-slat14-up-copy1_h2_staple_4,sw_src009,{A8;B8;C8;D8},B2,200,repeating_units_slats_regular_1,384PP_AQ_BP
layer1-slat14-up-copy1_h2_staple_5,sw_src009,{A9;B9;C9;D9},B2,200,repeating_units_slats_regular_1,384PP_AQ_BP
layer1-slat14-up-copy1_h2_staple_6,sw_src009,{A10;B10;C10;D10},B2,200,repeating_units_slats_regular_1,384PP_AQ_BP
layer1-slat14-up-copy1_h2_staple_7,sw_src009,{A11;B11;C11;D11},B2,200,repeating_units_slats_regular_1,384PP_AQ_BP
layer1-slat14-up-copy1_h2_staple_8,sw_src009,{A12;B12;C12;D12},B2,200,repeating_units_slats_regular_1,384PP_AQ_BP
layer1-slat14-up-copy1_h2_staple_9,sw_src009,{A13;B13;C13;D13},B2,200,repeating_units_slats_regular_1,384PP_AQ_BP
layer1-slat14-up-copy1_h2_staple_10,sw_src009,{A14;B14;C14;D14},B2,200,repeating_units_slats_regular_1,384PP_AQ_BP
layer1-slat14-up-copy1_h2_staple_11,sw_src009,{A15;B15;C15;D15},B2,200,repeating_units_slats_regular_1,384PP_AQ_BP
layer1-slat14-up-copy1_h2_staple_12,sw_src009,{A16;B16;C16;D16},B2,200,repeating_units_slats_regular_1,384PP_AQ_BP
layer1-slat14-up-copy1_h2_staple_13,sw_src009,{A17;B17;C17;D17},B2,200,repeating_units_slats_regular_1,384PP_AQ_BP
layer1-slat14-up-copy1_h2_staple_14,sw_src009,{A18;B18;C18;D18},B2,200,repeating_units_slats_regular_1,384PP_AQ_BP
layer1-slat14-up-copy1_h2_staple_15,sw_src009,{A19;B19;C19;D19},B2,200,repeating_units_slats_regular_1,384PP_AQ_BP
layer1-slat14-up-copy1_h2_staple_16,sw_src009,{A20;B20;C20;D20},B2,200,repeating_units_slats_regular_1,384PP_AQ_BP
layer1-slat14-up-copy1_h2_staple_17,sw_src009,{E5;F5;G5;H5},B2,200,repeating_units_slats_regular_1,384PP_AQ_BP
layer1-slat14-up-copy1_h2_staple_18,sw_src009,{E6;F6;G6;H6},B2,200,repeating_units_slats_regular_1,384PP_AQ_BP
layer1-slat14-up-copy1_h2_staple_19,sw_src009,{E7;F7;G7;H7},B2,200,repeating_units_slats_regular_1,384PP_AQ_BP
layer1-slat14-up-copy1_h2_staple_20,sw_src009,{E8;F8;G8;H8},B2,200,repeating_units_slats_regular_1,384PP_AQ_BP
layer1-slat14-up-copy1_h2_staple_21,sw_src009,{E9;F9;G9;H9},B2,200,repeating_units_slats_regular_1,384PP_AQ_BP
layer1-slat14-up-copy1_h2_staple_22,sw_src009,{E10;F10;G10;H10},B2,200,repeating_units_slats_regular_1,384PP_AQ_BP
layer1-slat14-up-copy1_h2_staple_23,sw_src009,{E11;F11;G11;H11},B2,200,repeating_units_slats_regular_1,384PP_AQ_BP
layer1-slat14-up-copy1_h2_staple_24,sw_src009,{E12;F12;G12;H12},B2,200,repeating_units_slats_regular_1,384PP_AQ_BP
layer1-slat14-up-copy1_h2_staple_25,sw_src009,{E13;F13;G13;H13},B2,200,repeating_units_slats_regular_1,384PP_AQ_BP
layer1-slat14-up-copy1_h2_staple_26,sw_src009,{E14;F14;G14;H14},B2,200,repeating_units_slats_regular_1,384PP_AQ_BP
layer1-slat14-up-copy1_h2_staple_27,sw_src009,{E15;F15;G15;H15},B2,200,repeating_units_slats_regular_1,384PP_AQ_BP
layer1-slat14-up-copy1_h2_staple_28,sw_src009,{E16;F16;G16;H16},B2,200,repeating_units_slats_regular_1,384PP_AQ_BP
layer1-slat14-up-copy1_h2_staple_29,sw_src009,{E17;F17;G17;H17},B2,200,repeating_units_slats_regular_1,384PP_AQ_BP
layer1-slat14-up-copy1_h2_staple_30,sw_src009,{E18;F18;G18;H18},B2,200,repeating_units_slats_regular_1,384PP_AQ_BP
layer1-slat14-up-copy1_h2_staple_31,sw_src009,{E19;F19;G19;H19},B2,200,repeating_units_slats_regular_1,384PP_AQ_BP
layer1-slat14-up-copy1_h2_staple_32,sw_src009,{E20;F20;G20;H20},B2,200,repeating_units_slats_regular_1,384PP_AQ_BP
layer1-slat14-up-copy1_h5_staple_1,P3652_MA,A12,B2,375,repeating_units_slats_regular_1,384PP_AQ_BP
layer1-slat14-up-copy1_h5_staple_2,P3649_MA,C4,B2,375,repeating_units_slats_regular_1,384PP_AQ_BP
layer1-slat14-up-copy1_h5_staple_3,P3649_MA,D20,B2,375,repeating_units_slats_regular_1,384PP_AQ_BP
layer1-slat14-up-copy1_h5_staple_4,P3652_MA,F3,B2,375,repeating_units_slats_regular_1,384PP_AQ_BP
layer1-slat14-up-copy1_h5_staple_5,P3652_MA,G12,B2,375,repeating_units_slats_regular_1,384PP_AQ_BP
layer1-slat14-up-copy1_h5_staple_6,P3649_MA,H14,B2,375,repeating_units_slats_regular_1,384PP_AQ_BP
layer1-slat14-up-copy1_h5_staple_7,P3649_MA,I18,B2,375,repeating_units_slats_regular_1,384PP_AQ_BP
layer1-slat14-up-copy1_h5_staple_8,P3649_MA,K3,B2,375,repeating_units_slats_regular_1,384PP_AQ_BP
layer1-slat14-up-copy1_h5_staple_9,P3652_MA,L14,B2,375,repeating_units_slats_regular_1,384PP_AQ_BP
layer1-slat14-up-copy1_h5_staple_10,P3652_MA,M19,B2,375,repeating_units_slats_regular_1,384PP_AQ_BP
layer1-slat14-up-copy1_h5_staple_11,P3649_MA,N19,B2,375,repeating_units_slats_regular_1,384PP_AQ_BP
layer1-slat14-up-copy1_h5_staple_12,P3649_MA,P22,B2,375,repeating_units_slats_regular_1,384PP_AQ_BP
layer1-slat14-up-copy1_h5_staple_13,P3653_MA,A20,B2,375,repeating_units_slats_regular_1,384PP_AQ_BP
layer1-slat14-up-copy1_h5_staple_14,P3650_MA,C2,B2,375,repeating_units_slats_regular_1,384PP_AQ_BP
layer1-slat14-up-copy1_h5_staple_15,P3650_MA,D24,B2,375,repeating_units_slats_regular_1,384PP_AQ_BP
layer1-slat14-up-copy1_h5_staple_16,P3653_MA,F3,B2,375,repeating_units_slats_regular_1,384PP_AQ_BP
layer1-slat14-up-copy1_h5_staple_17,P3650_MA,F16,B2,375,repeating_units_slats_regular_1,384PP_AQ_BP
layer1-slat14-up-copy1_h5_staple_18,P3653_MA,G18,B2,375,repeating_units_slats_regular_1,384PP_AQ_BP
layer1-slat14-up-copy1_h5_staple_19,P3653_MA,J6,B2,375,repeating_units_slats_regular_1,384PP_AQ_BP
layer1-slat14-up-copy1_h5_staple_20,P3653_MA,J16,B2,375,repeating_units_slats_regular_1,384PP_AQ_BP
layer1-slat14-up-copy1_h5_staple_21,P3650_MA,L11,B2,375,repeating_units_slats_regular_1,384PP_AQ_BP
layer1-slat14-up-copy1_h5_staple_22,P3653_MA,M19,B2,375,repeating_units_slats_regular_1,384PP_AQ_BP
layer1-slat14-up-copy1_h5_staple_23,P3653_MA,O8,B2,375,repeating_units_slats_regular_1,384PP_AQ_BP
layer1-slat14-up-copy1_h5_staple_24,P3650_MA,P24,B2,375,repeating_units_slats_regular_1,384PP_AQ_BP
layer1-slat14-up-copy1_h5_staple_25,P3651_MA,A17,B2,375,repeating_units_slats_regular_1,384PP_AQ_BP
layer1-slat14-up-copy1_h5_staple_26,P3654_MA,B23,B2,375,repeating_units_slats_regular_1,384PP_AQ_BP
layer1-slat14-up-copy1_h5_staple_27,P3654_MA,D6,B2,375,repeating_units_slats_regular_1,384PP_AQ_BP
layer1-slat14-up-copy1_h5_staple_28,P3654_MA,E16,B2,375,repeating_units_slats_regular_1,384PP_AQ_BP
layer1-slat14-up-copy1_h5_staple_29,P3654_MA,G7,B2,375,repeating_units_slats_regular_1,384PP_AQ_BP
layer1-slat14-up-copy1_h5_staple_30,P3654_MA,H7,B2,375,repeating_units_slats_regular_1,384PP_AQ_BP
layer1-slat14-up-copy1_h5_staple_31,P3654_MA,I16,B2,375,repeating_units_slats_regular_1,384PP_AQ_BP
layer1-slat14-up-copy1_h5_staple_32,P3654_MA,K5,B2,375,repeating_units_slats_regular_1,384PP_AQ_BP
layer1-slat15-up-copy1_h2_staple_1,sw_src009,{A5;B5;C5;D5},B3,200,repeating_units_slats_regular_1,384PP_AQ_BP
layer1-slat15-up-copy1_h2_staple_2,sw_src009,{A6;B6;C6;D6},B3,200,repeating_units_slats_regular_1,384PP_AQ_BP
layer1-slat15-up-copy1_h2_staple_3,sw_src009,{A7;B7;C7;D7},B3,200,repeating_units_slats_regular_1,384PP_AQ_BP
layer1-slat15-up-copy1_h2_staple_4,sw_src009,{A8;B8;C8;D8},B3,200,repeating_units_slats_regular_1,384PP_AQ_BP
layer1-slat15-up-copy1_h2_staple_5,sw_src009,{A9;B9;C9;D9},B3,200,repeating_units_slats_regular_1,384PP_AQ_BP
layer1-slat15-up-copy1_h2_staple_6,sw_src009,{A10;B10;C10;D10},B3,200,repeating_units_slats_regular_1,384PP_AQ_BP
layer1-slat15-up-copy1_h2_staple_7,sw_src009,{A11;B11;C11;D11},B3,200,repeating_units_slats_regular_1,384PP_AQ_BP
layer1-slat15-up-copy1_h2_staple_8,sw_src009,{A12;B12;C12;D12},B3,200,repeating_units_slats_regular_1,384PP_AQ_BP
layer1-slat15-up-copy1_h2_staple_9,sw_src009,{A13;B13;C13;D13},B3,200,repeating_units_slats_regular_1,384PP_AQ_BP
layer1-slat15-up-copy1_h2_staple_10,sw_src009,{A14;B14;C14;D14},B3,200,repeating_units_slats_regular_1,384PP_AQ_BP
layer1-slat15-up-copy1_h2_staple_11,sw_src009,{A15;B15;C15;D15},B3,200,repeating_units_slats_regular_1,384PP_AQ_BP
layer1-slat15-up-copy1_h2_staple_12,sw_src009,{A16;B16;C16;D16},B3,200,repeating_units_slats_regular_1,384PP_AQ_BP
layer1-slat15-up-copy1_h2_staple_13,sw_src009,{A17;B17;C17;D17},B3,200,repeating_units_slats_regular_1,384PP_AQ_BP
layer1-slat15-up-copy1_h2_staple_14,sw_src009,{A18;B18;C18;D18},B3,200,repeating_units_slats_regular_1,384PP_AQ_BP
layer1-slat15-up-copy1_h2_staple_15,sw_src009,{A19;B19;C19;D19},B3,200,repeating_units_slats_regular_1,384PP_AQ_BP
layer1-slat15-up-copy1_h2_staple_16,sw_src009,{A20;B20;C20;D20},B3,200,repeating_units_slats_regular_1,384PP_AQ_BP
layer1-slat15-up-copy1_h2_staple_17,sw_src009,{E5;F5;G5;H5},B3,200,repeating_units_slats_regular_1,384PP_AQ_BP
layer1-slat15-up-copy1_h2_staple_18,sw_src009,{E6;F6;G6;H6},B3,200,repeating_units_slats_regular_1,384PP_AQ_BP
layer1-slat15-up-copy1_h2_staple_19,sw_src009,{E7;F7;G7;H7},B3,200,repeating_units_slats_regular_1,384PP_AQ_BP
layer1-slat15-up-copy1_h2_staple_20,sw_src009,{E8;F8;G8;H8},B3,200,repeating_units_slats_regular_1,384PP_AQ_BP
layer1-slat15-up-copy1_h2_staple_21,sw_src009,{E9;F9;G9;H9},B3,200,repeating_units_slats_regular_1,384PP_AQ_BP
layer1-slat15-up-copy1_h2_staple_22,sw_src009,{E10;F10;G10;H10},B3,200,repeating_units_slats_regular_1,384PP_AQ_BP
layer1-slat15-up-copy1_h2_staple_23,sw_src009,{E11;F11;G11;H11},B3,200,repeating_units_slats_regular_1,384PP_AQ_BP
layer1-slat15-up-copy1_h2_staple_24,sw_src009,{E12;F12;G12;H12},B3,200,repeating_units_slats_regular_1,384PP_AQ_BP
layer1-slat15-up-copy1_h2_staple_25,sw_src009,{E13;F13;G13;H13},B3,200,repeating_units_slats_regular_1,384PP_AQ_BP
layer1-slat15-up-copy1_h2_staple_26,sw_src009,{E14;F14;G14;H14},B3,200,repeating_units_slats_regular_1,384PP_AQ_BP
layer1-slat15-up-copy1_h2_staple_27,sw_src009,{E15;F15;G15;H15},B3,200,repeating_units_slats_regular_1,384PP_AQ_BP
layer1-slat15-up-copy1_h2_staple_28,sw_src009,{E16;F16;G16;H16},B3,200,repeating_units_slats_regular_1,384PP_AQ_BP
layer1-slat15-up-copy1_h2_staple_29,sw_src009,{E17;F17;G17;H17},B3,200,repeating_units_slats_regular_1,384PP_AQ_BP
layer1-slat15-up-copy1_h2_staple_30,sw_src009,{E18;F18;G18;H18},B3,200,repeating_units_slats_regular_1,384PP_AQ_BP
layer1-slat15-up-copy1_h2_staple_31,sw_src009,{E19;F19;G19;H19},B3,200,repeating_units_slats_regular_1,384PP_AQ_BP
layer1-slat15-up-copy1_h2_staple_32,sw_src009,{E20;F20;G20;H20},B3,200,repeating_units_slats_regular_1,384PP_AQ_BP
layer1-slat15-up-copy1_h5_staple_1,P3649_MA,A19,B3,375,repeating_units_slats_regular_1,384PP_AQ_BP
layer1-slat15-up-copy1_h5_staple_2,P3652_MA,B24,B3,375,repeating_units_slats_regular_1,384PP_AQ_BP
layer1-slat15-up-copy1_h5_staple_3,P3649_MA,D24,B3,375,repeating_units_slats_regular_1,384PP_AQ_BP
layer1-slat15-up-copy1_h5_staple_4,P3649_MA,E14,B3,375,repeating_units_slats_regular_1,384PP_AQ_BP
layer1-slat15-up-copy1_h5_staple_5,P3649_MA,G7,B3,375,repeating_units_slats_regular_1,384PP_AQ_BP
layer1-slat15-up-copy1_h5_staple_6,P3649_MA,G21,B3,375,repeating_units_slats_regular_1,384PP_AQ_BP
layer1-slat15-up-copy1_h5_staple_7,P3652_MA,I6,B3,375,repeating_units_slats_regular_1,384PP_AQ_BP
layer1-slat15-up-copy1_h5_staple_8,P3649_MA,K9,B3,375,repeating_units_slats_regular_1,384PP_AQ_BP
layer1-slat15-up-copy1_h5_staple_9,P3652_MA,K21,B3,375,repeating_units_slats_regular_1,384PP_AQ_BP
layer1-slat15-up-copy1_h5_staple_10,P3649_MA,M1,B3,375,repeating_units_slats_regular_1,384PP_AQ_BP
layer1-slat15-up-copy1_h5_staple_11,P3652_MA,O11,B3,375,repeating_units_slats_regular_1,384PP_AQ_BP
layer1-slat15-up-copy1_h5_staple_12,P3649_MA,P24,B3,375,repeating_units_slats_regular_1,384PP_AQ_BP
layer1-slat15-up-copy1_h5_staple_13,P3650_MA,A21,B3,375,repeating_units_slats_regular_1,384PP_AQ_BP
layer1-slat15-up-copy1_h5_staple_14,P3653_MA,B14,B3,375,repeating_units_slats_regular_1,384PP_AQ_BP
layer1-slat15-up-copy1_h5_staple_15,P3653_MA,D21,B3,375,repeating_units_slats_regular_1,384PP_AQ_BP
layer1-slat15-up-copy1_h5_staple_16,P3650_MA,E17,B3,375,repeating_units_slats_regular_1,384PP_AQ_BP
layer1-slat15-up-copy1_h5_staple_17,P3653_MA,F9,B3,375,repeating_units_slats_regular_1,384PP_AQ_BP
layer1-slat15-up-copy1_h5_staple_18,P3653_MA,G23,B3,375,repeating_units_slats_regular_1,384PP_AQ_BP
layer1-slat15-up-copy1_h5_staple_19,P3650_MA,I7,B3,375,repeating_units_slats_regular_1,384PP_AQ_BP
layer1-slat15-up-copy1_h5_staple_20,P3650_MA,J23,B3,375,repeating_units_slats_regular_1,384PP_AQ_BP
layer1-slat15-up-copy1_h5_staple_21,P3653_MA,L22,B3,375,repeating_units_slats_regular_1,384PP_AQ_BP
layer1-slat15-up-copy1_h5_staple_22,P3653_MA,M4,B3,375,repeating_units_slats_regular_1,384PP_AQ_BP
layer1-slat15-up-copy1_h5_staple_23,P3653_MA,N16,B3,375,repeating_units_slats_regular_1,384PP_AQ_BP
layer1-slat15-up-copy1_h5_staple_24,P3653_MA,P18,B3,375,repeating_units_slats_regular_1,384PP_AQ_BP
layer1-slat15-up-copy1_h5_staple_25,P3654_MA,A7,B3,375,repeating_units_slats_regular_1,384PP_AQ_BP
layer1-slat15-up-copy1_h5_staple_26,P3654_MA,C7,B3,375,repeating_units_slats_regular_1,384PP_AQ_BP
layer1-slat15-up-copy1_h5_staple_27,P3654_MA,C19,B3,375,repeating_units_slats_regular_1,384PP_AQ_BP
layer1-slat15-up-copy1_h5_staple_28,P3651_MA,E11,B3,375,repeating_units_slats_regular_1,384PP_AQ_BP
layer1-slat15-up-copy1_h5_staple_29,P3651_MA,F24,B3,375,repeating_units_slats_regular_1,384PP_AQ_BP
layer1-slat15-up-copy1_h5_staple_30,P3654_MA,H5,B3,375,repeating_units_slats_regular_1,384PP_AQ_BP
layer1-slat15-up-copy1_h5_staple_31,P3654_MA,I4,B3,375,repeating_units_slats_regular_1,384PP_AQ_BP
layer1-slat15-up-copy1_h5_staple_32,P3651_MA,J20,B3,375,repeating_units_slats_regular_1,384PP_AQ_BP
layer1-slat16-up-copy1_h2_staple_1,sw_src009,{A5;B5;C5;D5},B4,200,repeating_units_slats_regular_1,384PP_AQ_BP
layer1-slat16-up-copy1_h2_staple_2,sw_src009,{A6;B6;C6;D6},B4,200,repeating_units_slats_regular_1,384PP_AQ_BP
layer1-slat16-up-copy1_h2_staple_3,sw_src009,{A7;B7;C7;D7},B4,200,repeating_units_slats_regular_1,384PP_AQ_BP
layer1-slat16-up-copy1_h2_staple_4,sw_src009,{A8;B8;C8;D8},B4,200,repeating_units_slats_regular_1,384PP_AQ_BP
layer1-slat16-up-copy1_h2_staple_5,sw_src009,{A9;B9;C9;D9},B4,200,repeating_units_slats_regular_1,384PP_AQ_BP
layer1-slat16-up-copy1_h2_staple_6,sw_src009,{A10;B10;C10;D10},B4,200,repeating_units_slats_regular_1,384PP_AQ_BP
layer1-slat16-up-copy1_h2_staple_7,sw_src009,{A11;B11;C11;D11},B4,200,repeating_units_slats_regular_1,384PP_AQ_BP
layer1-slat16-up-copy1_h2_staple_8,sw_src009,{A12;B12;C12;D12},B4,200,repeating_units_slats_regular_1,384PP_AQ_BP
layer1-slat16-up-copy1_h2_staple_9,sw_src009,{A13;B13;C13;D13},B4,200,repeating_units_slats_regular_1,384PP_AQ_BP
layer1-slat16-up-copy1_h2_staple_10,sw_src009,{A14;B14;C14;D14},B4,200,repeating_units_slats_regular_1,384PP_AQ_BP
layer1-slat16-up-copy1_h2_staple_11,sw_src009,{A15;B15;C15;D15},B4,200,repeating_units_slats_regular_1,384PP_AQ_BP
layer1-slat16-up-copy1_h2_staple_12,sw_src009,{A16;B16;C16;D16},B4,200,repeating_units_slats_regular_1,384PP_AQ_BP
layer1-slat16-up-copy1_h2_staple_13,sw_src009,{A17;B17;C17;D17},B4,200,repeating_units_slats_regular_1,384PP_AQ_BP
layer1-slat16-up-copy1_h2_staple_14,sw_src009,{A18;B18;C18;D18},B4,200,repeating_units_slats_regular_1,384PP_AQ_BP
layer1-slat16-up-copy1_h2_staple_15,sw_src009,{A19;B19;C19;D19},B4,200,repeating_units_slats_regular_1,384PP_AQ_BP
layer1-slat16-up-copy1_h2_staple_16,sw_src009,{A20;B20;C20;D20},B4,200,repeating_units_slats_regular_1,384PP_AQ_BP
layer1-slat16-up-copy1_h2_staple_17,sw_src009,{E5;F5;G5;H5},B4,200,repeating_units_slats_regular_1,384PP_AQ_BP
layer1-slat16-up-copy1_h2_staple_18,sw_src009,{E6;F6;G6;H6},B4,200,repeating_units_slats_regular_1,384PP_AQ_BP
layer1-slat16-up-copy1_h2_staple_19,sw_src009,{E7;F7;G7;H7},B4,200,repeating_units_slats_regular_1,384PP_AQ_BP
layer1-slat16-up-copy1_h2_staple_20,sw_src009,{E8;F8;G8;H8},B4,200,repeating_units_slats_regular_1,384PP_AQ_BP
layer1-slat16-up-copy1_h2_staple_21,sw_src009,{E9;F9;G9;H9},B4,200,repeating_units_slats_regular_1,384PP_AQ_BP
layer1-slat16-up-copy1_h2_staple_22,sw_src009,{E10;F10;G10;H10},B4,200,repeating_units_slats_regular_1,384PP_AQ_BP
layer1-slat16-up-copy1_h2_staple_23,sw_src009,{E11;F11;G11;H11},B4,200,repeating_units_slats_regular_1,384PP_AQ_BP
layer1-slat16-up-copy1_h2_staple_24,sw_src009,{E12;F12;G12;H12},B4,200,repeating_units_slats_regular_1,384PP_AQ_BP
layer1-slat16-up-copy1_h2_staple_25,sw_src009,{E13;F13;G13;H13},B4,200,repeating_units_slats_regular_1,384PP_AQ_BP
layer1-slat16-up-copy1_h2_staple_26,sw_src009,{E14;F14;G14;H14},B4,200,repeating_units_slats_regular_1,384PP_AQ_BP
layer1-slat16-up-copy1_h2_staple_27,sw_src009,{E15;F15;G15;H15},B4,200,repeating_units_slats_regular_1,384PP_AQ_BP
layer1-slat16-up-copy1_h2_staple_28,sw_src009,{E16;F16;G16;H16},B4,200,repeating_units_slats_regular_1,384PP_AQ_BP
layer1-slat16-up-copy1_h2_staple_29,sw_src009,{E17;F17;G17;H17},B4,200,repeating_units_slats_regular_1,384PP_AQ_BP
layer1-slat16-up-copy1_h2_staple_30,sw_src009,{E18;F18;G18;H18},B4,200,repeating_units_slats_regular_1,384PP_AQ_BP
layer1-slat16-up-copy1_h2_staple_31,sw_src009,{E19;F19;G19;H19},B4,200,repeating_units_slats_regular_1,384PP_AQ_BP
layer1-slat16-up-copy1_h2_staple_32,sw_src009,{E20;F20;G20;H20},B4,200,repeating_units_slats_regular_1,384PP_AQ_BP
layer1-slat16-up-copy1_h5_staple_1,P3649_MA,B6,B4,375,repeating_units_slats_regular_1,384PP_AQ_BP
layer1-slat16-up-copy1_h5_staple_2,P3649_MA,B20,B4,375,repeating_units_slats_regular_1,384PP_AQ_BP
layer1-slat16-up-copy1_h5_staple_3,P3652_MA,D7,B4,375,repeating_units_slats_regular_1,384PP_AQ_BP
layer1-slat16-up-copy1_h5_staple_4,P3649_MA,F6,B4,375,repeating_units_slats_regular_1,384PP_AQ_BP
layer1-slat16-up-copy1_h5_staple_5,P3652_MA,G2,B4,375,repeating_units_slats_regular_1,384PP_AQ_BP
layer1-slat16-up-copy1_h5_staple_6,P3649_MA,H23,B4,375,repeating_units_slats_regular_1,384PP_AQ_BP
layer1-slat16-up-copy1_h5_staple_7,P3649_MA,I24,B4,375,repeating_units_slats_regular_1,384PP_AQ_BP
layer1-slat16-up-copy1_h5_staple_8,P3649_MA,J13,B4,375,repeating_units_slats_regular_1,384PP_AQ_BP
layer1-slat16-up-copy1_h5_staple_9,P3649_MA,K19,B4,375,repeating_units_slats_regular_1,384PP_AQ_BP
layer1-slat16-up-copy1_h5_staple_10,P3649_MA,M11,B4,375,repeating_units_slats_regular_1,384PP_AQ_BP
layer1-slat16-up-copy1_h5_staple_11,P3652_MA,N15,B4,375,repeating_units_slats_regular_1,384PP_AQ_BP
layer1-slat16-up-copy1_h5_staple_12,P3649_MA,O18,B4,375,repeating_units_slats_regular_1,384PP_AQ_BP
layer1-slat16-up-copy1_h5_staple_13,P3650_MA,A16,B4,375,repeating_units_slats_regular_1,384PP_AQ_BP
layer1-slat16-up-copy1_h5_staple_14,P3653_MA,C15,B4,375,repeating_units_slats_regular_1,384PP_AQ_BP
layer1-slat16-up-copy1_h5_staple_15,P3653_MA,C24,B4,375,repeating_units_slats_regular_1,384PP_AQ_BP
layer1-slat16-up-copy1_h5_staple_16,P3653_MA,F6,B4,375,repeating_units_slats_regular_1,384PP_AQ_BP
layer1-slat16-up-copy1_h5_staple_17,P3650_MA,F15,B4,375,repeating_units_slats_regular_1,384PP_AQ_BP
layer1-slat16-up-copy1_h5_staple_18,P3653_MA,G21,B4,375,repeating_units_slats_regular_1,384PP_AQ_BP
layer1-slat16-up-copy1_h5_staple_19,P3650_MA,I20,B4,375,repeating_units_slats_regular_1,384PP_AQ_BP
layer1-slat16-up-copy1_h5_staple_20,P3653_MA,J11,B4,375,repeating_units_slats_regular_1,384PP_AQ_BP
layer1-slat16-up-copy1_h5_staple_21,P3650_MA,K18,B4,375,repeating_units_slats_regular_1,384PP_AQ_BP
layer1-slat16-up-copy1_h5_staple_22,P3650_MA,M9,B4,375,repeating_units_slats_regular_1,384PP_AQ_BP
layer1-slat16-up-copy1_h5_staple_23,P3653_MA,N22,B4,375,repeating_units_slats_regular_1,384PP_AQ_BP
layer1-slat16-up-copy1_h5_staple_24,P3653_MA,P22,B4,375,repeating_units_slats_regular_1,384PP_AQ_BP
layer1-slat16-up-copy1_h5_staple_25,P3654_MA,B7,B4,375,repeating_units_slats_regular_1,384PP_AQ_BP
layer1-slat16-up-copy1_h5_staple_26,P3651_MA,B16,B4,375,repeating_units_slats_regular_1,384PP_AQ_BP
layer1-slat16-up-copy1_h5_staple_27,P3654_MA,D5,B4,375,repeating_units_slats_regular_1,384PP_AQ_BP
layer1-slat16-up-copy1_h5_staple_28,P3654_MA,F8,B4,375,repeating_units_slats_regular_1,384PP_AQ_BP
layer1-slat16-up-copy1_h5_staple_29,P3654_MA,F10,B4,375,repeating_units_slats_regular_1,384PP_AQ_BP
layer1-slat16-up-copy1_h5_staple_30,P3654_MA,G22,B4,375,repeating_units_slats_regular_1,384PP_AQ_BP
layer1-slat16-up-copy1_h5_staple_31,P3654_MA,I17,B4,375,repeating_units_slats_regular_1,384PP_AQ_BP
layer1-slat16-up-copy1_h5_staple_32,P3654_MA,J15,B4,375,repeating_units_slats_regular_1,384PP_AQ_BP
layer1-slat1-up-copy2_h2_staple_1,sw_src009,{A5;B5;C5;D5},B5,200,repeating_units_slats_regular_1,384PP_AQ_BP
layer1-slat1-up-copy2_h2_staple_2,sw_src009,{A6;B6;C6;D6},B5,200,repeating_units_slats_regular_1,384PP_AQ_BP
layer1-slat1-up-copy2_h2_staple_3,sw_src009,{A7;B7;C7;D7},B5,200,repeating_units_slats_regular_1,384PP_AQ_BP
layer1-slat1-up-copy2_h2_staple_4,sw_src009,{A8;B8;C8;D8},B5,200,repeating_units_slats_regular_1,384PP_AQ_BP
layer1-slat1-up-copy2_h2_staple_5,sw_src009,{A9;B9;C9;D9},B5,200,repeating_units_slats_regular_1,384PP_AQ_BP
layer1-slat1-up-copy2_h2_staple_6,sw_src009,{A10;B10;C10;D10},B5,200,repeating_units_slats_regular_1,384PP_AQ_BP
layer1-slat1-up-copy2_h2_staple_7,sw_src009,{A11;B11;C11;D11},B5,200,repeating_units_slats_regular_1,384PP_AQ_BP
layer1-slat1-up-copy2_h2_staple_8,sw_src009,{A12;B12;C12;D12},B5,200,repeating_units_slats_regular_1,384PP_AQ_BP
layer1-slat1-up-copy2_h2_staple_9,sw_src009,{A13;B13;C13;D13},B5,200,repeating_units_slats_regular_1,384PP_AQ_BP
layer1-slat1-up-copy2_h2_staple_10,sw_src009,{A14;B14;C14;D14},B5,200,repeating_units_slats_regular_1,384PP_AQ_BP
layer1-slat1-up-copy2_h2_staple_11,sw_src009,{A15;B15;C15;D15},B5,200,repeating_units_slats_regular_1,384PP_AQ_BP
layer1-slat1-up-copy2_h2_staple_12,sw_src009,{A16;B16;C16;D16},B5,200,repeating_units_slats_regular_1,384PP_AQ_BP
layer1-slat1-up-copy2_h2_staple_13,sw_src009,{A17;B17;C17;D17},B5,200,repeating_units_slats_regular_1,384PP_AQ_BP
layer1-slat1-up-copy2_h2_staple_14,sw_src009,{A18;B18;C18;D18},B5,200,repeating_units_slats_regular_1,384PP_AQ_BP
layer1-slat1-up-copy2_h2_staple_15,sw_src009,{A19;B19;C19;D19},B5,200,repeating_units_slats_regular_1,384PP_AQ_BP
layer1-slat1-up-copy2_h2_staple_16,sw_src009,{A20;B20;C20;D20},B5,200,repeating_units_slats_regular_1,384PP_AQ_BP
layer1-slat1-up-copy2_h2_staple_17,sw_src009,{E5;F5;G5;H5},B5,200,repeating_units_slats_regular_1,384PP_AQ_BP
layer1-slat1-up-copy2_h2_staple_18,sw_src009,{E6;F6;G6;H6},B5,200,repeating_units_slats_regular_1,384PP_AQ_BP
layer1-slat1-up-copy2_h2_staple_19,sw_src009,{E7;F7;G7;H7},B5,200,repeating_units_slats_regular_1,384PP_AQ_BP
layer1-slat1-up-copy2_h2_staple_20,sw_src009,{E8;F8;G8;H8},B5,200,repeating_units_slats_regular_1,384PP_AQ_BP
layer1-slat1-up-copy2_h2_staple_21,sw_src009,{E9;F9;G9;H9},B5,200,repeating_units_slats_regular_1,384PP_AQ_BP
layer1-slat1-up-copy2_h2_staple_22,sw_src009,{E10;F10;G10;H10},B5,200,repeating_units_slats_regular_1,384PP_AQ_BP
layer1-slat1-up-copy2_h2_staple_23,sw_src009,{E11;F11;G11;H11},B5,200,repeating_units_slats_regular_1,384PP_AQ_BP
layer1-slat1-up-copy2_h2_staple_24,sw_src009,{E12;F12;G12;H12},B5,200,repeating_units_slats_regular_1,384PP_AQ_BP
layer1-slat1-up-copy2_h2_staple_25,sw_src009,{E13;F13;G13;H13},B5,200,repeating_units_slats_regular_1,384PP_AQ_BP
layer1-slat1-up-copy2_h2_staple_26,sw_src009,{E14;F14;G14;H14},B5,200,repeating_units_slats_regular_1,384PP_AQ_BP
layer1-slat1-up-copy2_h2_staple_27,sw_src009,{E15;F15;G15;H15},B5,200,repeating_units_slats_regular_1,384PP_AQ_BP
layer1-slat1-up-copy2_h2_staple_28,sw_src009,{E16;F16;G16;H16},B5,200,repeating_units_slats_regular_1,384PP_AQ_BP
layer1-slat1-up-copy2_h2_staple_29,sw_src009,{E17;F17;G17;H17},B5,200,repeating_units_slats_regular_1,384PP_AQ_BP
layer1-slat1-up-copy2_h2_staple_30,sw_src009,{E18;F18;G18;H18},B5,200,repeating_units_slats_regular_1,384PP_AQ_BP
layer1-slat1-up-copy2_h2_staple_31,sw_src009,{E19;F19;G19;H19},B5,200,repeating_units_slats_regular_1,384PP_AQ_BP
layer1-slat1-up-copy2_h2_staple_32,sw_src009,{E20;F20;G20;H20},B5,200,repeating_units_slats_regular_1,384PP_AQ_BP
layer1-slat1-up-copy2_h5_staple_1,P3649_MA,A16,B5,375,repeating_units_slats_regular_1,384PP_AQ_BP
layer1-slat1-up-copy2_h5_staple_2,P3649_MA,C13,B5,375,repeating_units_slats_regular_1,384PP_AQ_BP
layer1-slat1-up-copy2_h5_staple_3,P3652_MA,D21,B5,375,repeating_units_slats_regular_1,384PP_AQ_BP
layer1-slat1-up-copy2_h5_staple_4,P3649_MA,E11,B5,375,repeating_units_slats_regular_1,384PP_AQ_BP
layer1-slat1-up-copy2_h5_staple_5,P3649_MA,F21,B5,375,repeating_units_slats_regular_1,384PP_AQ_BP
layer1-slat1-up-copy2_h5_staple_6,P3649_MA,H16,B5,375,repeating_units_slats_regular_1,384PP_AQ_BP
layer1-slat1-up-copy2_h5_staple_7,P3649_MA,I15,B5,375,repeating_units_slats_regular_1,384PP_AQ_BP
layer1-slat1-up-copy2_h5_staple_8,P3649_MA,J13,B5,375,repeating_units_slats_regular_1,384PP_AQ_BP
layer1-slat1-up-copy2_h5_staple_9,P3649_MA,L22,B5,375,repeating_units_slats_regular_1,384PP_AQ_BP
layer1-slat1-up-copy2_h5_staple_10,P3649_MA,N7,B5,375,repeating_units_slats_regular_1,384PP_AQ_BP
layer1-slat1-up-copy2_h5_staple_11,P3649_MA,O12,B5,375,repeating_units_slats_regular_1,384PP_AQ_BP
layer1-slat1-up-copy2_h5_staple_12,P3652_MA,P18,B5,375,repeating_units_slats_regular_1,384PP_AQ_BP
layer1-slat1-up-copy2_h5_staple_13,P3650_MA,A5,B5,375,repeating_units_slats_regular_1,384PP_AQ_BP
layer1-slat1-up-copy2_h5_staple_14,P3653_MA,B21,B5,375,repeating_units_slats_regular_1,384PP_AQ_BP
layer1-slat1-up-copy2_h5_staple_15,P3650_MA,D1,B5,375,repeating_units_slats_regular_1,384PP_AQ_BP
layer1-slat1-up-copy2_h5_staple_16,P3650_MA,E15,B5,375,repeating_units_slats_regular_1,384PP_AQ_BP
layer1-slat1-up-copy2_h5_staple_17,P3650_MA,F13,B5,375,repeating_units_slats_regular_1,384PP_AQ_BP
layer1-slat1-up-copy2_h5_staple_18,P3650_MA,H19,B5,375,repeating_units_slats_regular_1,384PP_AQ_BP
layer1-slat1-up-copy2_h5_staple_19,P3653_MA,I12,B5,375,repeating_units_slats_regular_1,384PP_AQ_BP
layer1-slat1-up-copy2_h5_staple_20,P3653_MA,J21,B5,375,repeating_units_slats_regular_1,384PP_AQ_BP
layer1-slat1-up-copy2_h5_staple_21,P3650_MA,L15,B5,375,repeating_units_slats_regular_1,384PP_AQ_BP
layer1-slat1-up-copy2_h5_staple_22,P3653_MA,N6,B5,375,repeating_units_slats_regular_1,384PP_AQ_BP
layer1-slat1-up-copy2_h5_staple_23,P3653_MA,N24,B5,375,repeating_units_slats_regular_1,384PP_AQ_BP
layer1-slat1-up-copy2_h5_staple_24,P3650_MA,P18,B5,375,repeating_units_slats_regular_1,384PP_AQ_BP
layer1-slat1-up-copy2_h5_staple_25,P3654_MA,A16,B5,375,repeating_units_slats_regular_1,384PP_AQ_BP
layer1-slat1-up-copy2_h5_staple_26,P3654_MA,B18,B5,375,repeating_units_slats_regular_1,384PP_AQ_BP
layer1-slat1-up-copy2_h5_staple_27,P3651_MA,C20,B5,375,repeating_units_slats_regular_1,384PP_AQ_BP
layer1-slat1-up-copy2_h5_staple_28,P3651_MA,E6,B5,375,repeating_units_slats_regular_1,384PP_AQ_BP
layer1-slat1-up-copy2_h5_staple_29,P3651_MA,G5,B5,375,repeating_units_slats_regular_1,384PP_AQ_BP
layer1-slat1-up-copy2_h5_staple_30,P3654_MA,H11,B5,375,repeating_units_slats_regular_1,384PP_AQ_BP
layer1-slat1-up-copy2_h5_staple_31,P3651_MA,I13,B5,375,repeating_units_slats_regular_1,384PP_AQ_BP
layer1-slat1-up-copy2_h5_staple_32,P3651_MA,K1,B5,375,repeating_units_slats_regular_1,384PP_AQ_BP
layer1-slat2-up-copy2_h2_staple_1,sw_src009,{A5;B5;C5;D5},B6,200,repeating_units_slats_regular_1,384PP_AQ_BP
layer1-slat2-up-copy2_h2_staple_2,sw_src009,{A6;B6;C6;D6},B6,200,repeating_units_slats_regular_1,384PP_AQ_BP
layer1-slat2-up-copy2_h2_staple_3,sw_src009,{A7;B7;C7;D7},B6,200,repeating_units_slats_regular_1,384PP_AQ_BP
layer1-slat2-up-copy2_h2_staple_4,sw_src009,{A8;B8;C8;D8},B6,200,repeating_units_slats_regular_1,384PP_AQ_BP
layer1-slat2-up-copy2_h2_staple_5,sw_src009,{A9;B9;C9;D9},B6,200,repeating_units_slats_regular_1,384PP_AQ_BP
layer1-slat2-up-copy2_h2_staple_6,sw_src009,{A10;B10;C10;D10},B6,200,repeating_units_slats_regular_1,384PP_AQ_BP
layer1-slat2-up-copy2_h2_staple_7,sw_src009,{A11;B11;C11;D11},B6,200,repeating_units_slats_regular_1,384PP_AQ_BP
layer1-slat2-up-copy2_h2_staple_8,sw_src009,{A12;B12;C12;D12},B6,200,repeating_units_slats_regular_1,384PP_AQ_BP
layer1-slat2-up-copy2_h2_staple_9,sw_src009,{A13;B13;C13;D13},B6,200,repeating_units_slats_regular_1,384PP_AQ_BP
layer1-slat2-up-copy2_h2_staple_10,sw_src009,{A14;B14;C14;D14},B6,200,repeating_units_slats_regular_1,384PP_AQ_BP
layer1-slat2-up-copy2_h2_staple_11,sw_src009,{A15;B15;C15;D15},B6,200,repeating_units_slats_regular_1,384PP_AQ_BP
layer1-slat2-up-copy2_h2_staple_12,sw_src009,{A16;B16;C16;D16},B6,200,repeating_units_slats_regular_1,384PP_AQ_BP
layer1-slat2-up-copy2_h2_staple_13,sw_src009,{A17;B17;C17;D17},B6,200,repeating_units_slats_regular_1,384PP_AQ_BP
layer1-slat2-up-copy2_h2_staple_14,sw_src009,{A18;B18;C18;D18},B6,200,repeating_units_slats_regular_1,384PP_AQ_BP
layer1-slat2-up-copy2_h2_staple_15,sw_src009,{A19;B19;C19;D19},B6,200,repeating_units_slats_regular_1,384PP_AQ_BP
layer1-slat2-up-copy2_h2_staple_16,sw_src009,{A20;B20;C20;D20},B6,200,repeating_units_slats_regular_1,384PP_AQ_BP
layer1-slat2-up-copy2_h2_staple_17,sw_src009,{E5;F5;G5;H5},B6,200,repeating_units_slats_regular_1,384PP_AQ_BP
layer1-slat2-up-copy2_h2_staple_18,sw_src009,{E6;F6;G6;H6},B6,200,repeating_units_slats_regular_1,384PP_AQ_BP
layer1-slat2-up-copy2_h2_staple_19,sw_src009,{E7;F7;G7;H7},B6,200,repeating_units_slats_regular_1,384PP_AQ_BP
layer1-slat2-up-copy2_h2_staple_20,sw_src009,{E8;F8;G8;H8},B6,200,repeating_units_slats_regular_1,384PP_AQ_BP
layer1-slat2-up-copy2_h2_staple_21,sw_src009,{E9;F9;G9;H9},B6,200,repeating_units_slats_regular_1,384PP_AQ_BP
layer1-slat2-up-copy2_h2_staple_22,sw_src009,{E10;F10;G10;H10},B6,200,repeating_units_slats_regular_1,384PP_AQ_BP
layer1-slat2-up-copy2_h2_staple_23,sw_src009,{E11;F11;G11;H11},B6,200,repeating_units_slats_regular_1,384PP_AQ_BP
layer1-slat2-up-copy2_h2_staple_24,sw_src009,{E12;F12;G12;H12},B6,200,repeating_units_slats_regular_1,384PP_AQ_BP
layer1-slat2-up-copy2_h2_staple_25,sw_src009,{E13;F13;G13;H13},B6,200,repeating_units_slats_regular_1,384PP_AQ_BP
layer1-slat2-up-copy2_h2_staple_26,sw_src009,{E14;F14;G14;H14},B6,200,repeating_units_slats_regular_1,384PP_AQ_BP
layer1-slat2-up-copy2_h2_staple_27,sw_src009,{E15;F15;G15;H15},B6,200,repeating_units_slats_regular_1,384PP_AQ_BP
layer1-slat2-up-copy2_h2_staple_28,sw_src009,{E16;F16;G16;H16},B6,200,repeating_units_slats_regular_1,384PP_AQ_BP
layer1-slat2-up-copy2_h2_staple_29,sw_src009,{E17;F17;G17;H17},B6,200,repeating_units_slats_regular_1,384PP_AQ_BP
layer1-slat2-up-copy2_h2_staple_30,sw_src009,{E18;F18;G18;H18},B6,200,repeating_units_slats_regular_1,384PP_AQ_BP
layer1-slat2-up-copy2_h2_staple_31,sw_src009,{E19;F19;G19;H19},B6,200,repeating_units_slats_regular_1,384PP_AQ_BP
layer1-slat2-up-copy2_h2_staple_32,sw_src009,{E20;F20;G20;H20},B6,200,repeating_units_slats_regular_1,384PP_AQ_BP
layer1-slat2-up-copy2_h5_staple_1,P3652_MA,A13,B6,375,repeating_units_slats_regular_1,384PP_AQ_BP
layer1-slat2-up-copy2_h5_staple_2,P3649_MA,B21,B6,375,repeating_units_slats_regular_1,384PP_AQ_BP
layer1-slat2-up-copy2_h5_staple_3,P3649_MA,D14,B6,375,repeating_units_slats_regular_1,384PP_AQ_BP
layer1-slat2-up-copy2_h5_staple_4,P3649_MA,E8,B6,375,repeating_units_slats_regular_1,384PP_AQ_BP
layer1-slat2-up-copy2_h5_staple_5,P3649_MA,G5,B6,375,repeating_units_slats_regular_1,384PP_AQ_BP
layer1-slat2-up-copy2_h5_staple_6,P3652_MA,H14,B6,375,repeating_units_slats_regular_1,384PP_AQ_BP
layer1-slat2-up-copy2_h5_staple_7,P3652_MA,I16,B6,375,repeating_units_slats_regular_1,384PP_AQ_BP
layer1-slat2-up-copy2_h5_staple_8,P3652_MA,J22,B6,375,repeating_units_slats_regular_1,384PP_AQ_BP
layer1-slat2-up-copy2_h5_staple_9,P3649_MA,L12,B6,375,repeating_units_slats_regular_1,384PP_AQ_BP
layer1-slat2-up-copy2_h5_staple_10,P3652_MA,M14,B6,375,repeating_units_slats_regular_1,384PP_AQ_BP
layer1-slat2-up-copy2_h5_staple_11,P3652_MA,O1,B6,375,repeating_units_slats_regular_1,384PP_AQ_BP
layer1-slat2-up-copy2_h5_staple_12,P3649_MA,P17,B6,375,repeating_units_slats_regular_1,384PP_AQ_BP
layer1-slat2-up-copy2_h5_staple_13,P3650_MA,A16,B6,375,repeating_units_slats_regular_1,384PP_AQ_BP
layer1-slat2-up-copy2_h5_staple_14,P3650_MA,B15,B6,375,repeating_units_slats_regular_1,384PP_AQ_BP
layer1-slat2-up-copy2_h5_staple_15,P3650_MA,C23,B6,375,repeating_units_slats_regular_1,384PP_AQ_BP
layer1-slat2-up-copy2_h5_staple_16,P3653_MA,E21,B6,375,repeating_units_slats_regular_1,384PP_AQ_BP
layer1-slat2-up-copy2_h5_staple_17,P3650_MA,F14,B6,375,repeating_units_slats_regular_1,384PP_AQ_BP
layer1-slat2-up-copy2_h5_staple_18,P3653_MA,H14,B6,375,repeating_units_slats_regular_1,384PP_AQ_BP
layer1-slat2-up-copy2_h5_staple_19,P3653_MA,I24,B6,375,repeating_units_slats_regular_1,384PP_AQ_BP
layer1-slat2-up-copy2_h5_staple_20,P3653_MA,K2,B6,375,repeating_units_slats_regular_1,384PP_AQ_BP
layer1-slat2-up-copy2_h5_staple_21,P3653_MA,L15,B6,375,repeating_units_slats_regular_1,384PP_AQ_BP
layer1-slat2-up-copy2_h5_staple_22,P3653_MA,N2,B6,375,repeating_units_slats_regular_1,384PP_AQ_BP
layer1-slat2-up-copy2_h5_staple_23,P3650_MA,O6,B6,375,repeating_units_slats_regular_1,384PP_AQ_BP
layer1-slat2-up-copy2_h5_staple_24,P3650_MA,O19,B6,375,repeating_units_slats_regular_1,384PP_AQ_BP
layer1-slat2-up-copy2_h5_staple_25,P3654_MA,A12,B6,375,repeating_units_slats_regular_1,384PP_AQ_BP
layer1-slat2-up-copy2_h5_staple_26,P3654_MA,B20,B6,375,repeating_units_slats_regular_1,384PP_AQ_BP
layer1-slat2-up-copy2_h5_staple_27,P3654_MA,D3,B6,375,repeating_units_slats_regular_1,384PP_AQ_BP
layer1-slat2-up-copy2_h5_staple_28,P3651_MA,E10,B6,375,repeating_units_slats_regular_1,384PP_AQ_BP
layer1-slat2-up-copy2_h5_staple_29,P3651_MA,G12,B6,375,repeating_units_slats_regular_1,384PP_AQ_BP
layer1-slat2-up-copy2_h5_staple_30,P3654_MA,H18,B6,375,repeating_units_slats_regular_1,384PP_AQ_BP
layer1-slat2-up-copy2_h5_staple_31,P3654_MA,I3,B6,375,repeating_units_slats_regular_1,384PP_AQ_BP
layer1-slat2-up-copy2_h5_staple_32,P3654_MA,J18,B6,375,repeating_units_slats_regular_1,384PP_AQ_BP
layer1-slat3-up-copy2_h2_staple_1,sw_src009,{A5;B5;C5;D5},B7,200,repeating_units_slats_regular_1,384PP_AQ_BP
layer1-slat3-up-copy2_h2_staple_2,sw_src009,{A6;B6;C6;D6},B7,200,repeating_units_slats_regular_1,384PP_AQ_BP
layer1-slat3-up-copy2_h2_staple_3,sw_src009,{A7;B7;C7;D7},B7,200,repeating_units_slats_regular_1,384PP_AQ_BP
layer1-slat3-up-copy2_h2_staple_4,sw_src009,{A8;B8;C8;D8},B7,200,repeating_units_slats_regular_1,384PP_AQ_BP
layer1-slat3-up-copy2_h2_staple_5,sw_src009,{A9;B9;C9;D9},B7,200,repeating_units_slats_regular_1,384PP_AQ_BP
layer1-slat3-up-copy2_h2_staple_6,sw_src009,{A10;B10;C10;D10},B7,200,repeating_units_slats_regular_1,384PP_AQ_BP
layer1-slat3-up-copy2_h2_staple_7,sw_src009,{A11;B11;C11;D11},B7,200,repeating_units_slats_regular_1,384PP_AQ_BP
layer1-slat3-up-copy2_h2_staple_8,sw_src009,{A12;B12;C12;D12},B7,200,repeating_units_slats_regular_1,384PP_AQ_BP
layer1-slat3-up-copy2_h2_staple_9,sw_src009,{A13;B13;C13;D13},B7,200,repeating_units_slats_regular_1,384PP_AQ_BP
layer1-slat3-up-copy2_h2_staple_10,sw_src009,{A14;B14;C14;D14},B7,200,repeating_units_slats_regular_1,384PP_AQ_BP
layer1-slat3-up-copy2_h2_staple_11,sw_src009,{A15;B15;C15;D15},B7,200,repeating_units_slats_regular_1,384PP_AQ_BP
layer1-slat3-up-copy2_h2_staple_12,sw_src009,{A16;B16;C16;D16},B7,200,repeating_units_slats_regular_1,384PP_AQ_BP
layer1-slat3-up-copy2_h2_staple_13,sw_src009,{A17;B17;C17;D17},B7,200,repeating_units_slats_regular_1,384PP_AQ_BP
layer1-slat3-up-copy2_h2_staple_14,sw_src009,{A18;B18;C18;D18},B7,200,repeating_units_slats_regular_1,384PP_AQ_BP
layer1-slat3-up-copy2_h2_staple_15,sw_src009,{A19;B19;C19;D19},B7,200,repeating_units_slats_regular_1,384PP_AQ_BP
layer1-slat3-up-copy2_h2_staple_16,sw_src009,{A20;B20;C20;D20},B7,200,repeating_units_slats_regular_1,384PP_AQ_BP
layer1-slat3-up-copy2_h2_staple_17,sw_src009,{E5;F5;G5;H5},B7,200,repeating_units_slats_regular_1,384PP_AQ_BP
layer1-slat3-up-copy2_h2_staple_18,sw_src009,{E6;F6;G6;H6},B7,200,repeating_units_slats_regular_1,384PP_AQ_BP
layer1-slat3-up-copy2_h2_staple_19,sw_src009,{E7;F7;G7;H7},B7,200,repeating_units_slats_regular_1,384PP_AQ_BP
layer1-slat3-up-copy2_h2_staple_20,sw_src009,{E8;F8;G8;H8},B7,200,repeating_units_slats_regular_1,384PP_AQ_BP
layer1-slat3-up-copy2_h2_staple_21,sw_src009,{E9;F9;G9;H9},B7,200,repeating_units_slats_regular_1,384PP_AQ_BP
layer1-slat3-up-copy2_h2_staple_22,sw_src009,{E10;F10;G10;H10},B7,200,repeating_units_slats_regular_1,384PP_AQ_BP
layer1-slat3-up-copy2_h2_staple_23,sw_src009,{E11;F11;G11;H11},B7,200,repeating_units_slats_regular_1,384PP_AQ_BP
layer1-slat3-up-copy2_h2_staple_24,sw_src009,{E12;F12;G12;H12},B7,200,repeating_units_slats_regular_1,384PP_AQ_BP
layer1-slat3-up-copy2_h2_staple_25,sw_src009,{E13;F13;G13;H13},B7,200,repeating_units_slats_regular_1,384PP_AQ_BP
layer1-slat3-up-copy2_h2_staple_26,sw_src009,{E14;F14;G14;H14},B7,200,repeating_units_slats_regular_1,384PP_AQ_BP
layer1-slat3-up-copy2_h2_staple_27,sw_src009,{E15;F15;G15;H15},B7,200,repeating_units_slats_regular_1,384PP_AQ_BP
layer1-slat3-up-copy2_h2_staple_28,sw_src009,{E16;F16;G16;H16},B7,200,repeating_units_slats_regular_1,384PP_AQ_BP
layer1-slat3-up-copy2_h2_staple_29,sw_src009,{E17;F17;G17;H17},B7,200,repeating_units_slats_regular_1,384PP_AQ_BP
layer1-slat3-up-copy2_h2_staple_30,sw_src009,{E18;F18;G18;H18},B7,200,repeating_units_slats_regular_1,384PP_AQ_BP
layer1-slat3-up-copy2_h2_staple_31,sw_src009,{E19;F19;G19;H19},B7,200,repeating_units_slats_regular_1,384PP_AQ_BP
layer1-slat3-up-copy2_h2_staple_32,sw_src009,{E20;F20;G20;H20},B7,200,repeating_units_slats_regular_1,384PP_AQ_BP
layer1-slat3-up-copy2_h5_staple_1,P3652_MA,A18,B7,375,repeating_units_slats_regular_1,384PP_AQ_BP
layer1-slat3-up-copy2_h5_staple_2,P3652_MA,B23,B7,375,repeating_units_slats_regular_1,384PP_AQ_BP
layer1-slat3-up-copy2_h5_staple_3,P3652_MA,D17,B7,375,repeating_units_slats_regular_1,384PP_AQ_BP
layer1-slat3-up-copy2_h5_staple_4,P3649_MA,F1,B7,375,repeating_units_slats_regular_1,384PP_AQ_BP
layer1-slat3-up-copy2_h5_staple_5,P3652_MA,G12,B7,375,repeating_units_slats_regular_1,384PP_AQ_BP
layer1-slat3-up-copy2_h5_staple_6,P3649_MA,H5,B7,375,repeating_units_slats_regular_1,384PP_AQ_BP
layer1-slat3-up-copy2_h5_staple_7,P3649_MA,I6,B7,375,repeating_units_slats_regular_1,384PP_AQ_BP
layer1-slat3-up-copy2_h5_staple_8,P3652_MA,J9,B7,375,repeating_units_slats_regular_1,384PP_AQ_BP
layer1-slat3-up-copy2_h5_staple_9,P3652_MA,L14,B7,375,repeating_units_slats_regular_1,384PP_AQ_BP
layer1-slat3-up-copy2_h5_staple_10,P3649_MA,M6,B7,375,repeating_units_slats_regular_1,384PP_AQ_BP
layer1-slat3-up-copy2_h5_staple_11,P3649_MA,O4,B7,375,repeating_units_slats_regular_1,384PP_AQ_BP
layer1-slat3-up-copy2_h5_staple_12,P3649_MA,P21,B7,375,repeating_units_slats_regular_1,384PP_AQ_BP
layer1-slat3-up-copy2_h5_staple_13,P3653_MA,B7,B7,375,repeating_units_slats_regular_1,384PP_AQ_BP
layer1-slat3-up-copy2_h5_staple_14,P3650_MA,C13,B7,375,repeating_units_slats_regular_1,384PP_AQ_BP
layer1-slat3-up-copy2_h5_staple_15,P3650_MA,D21,B7,375,repeating_units_slats_regular_1,384PP_AQ_BP
layer1-slat3-up-copy2_h5_staple_16,P3653_MA,E21,B7,375,repeating_units_slats_regular_1,384PP_AQ_BP
layer1-slat3-up-copy2_h5_staple_17,P3650_MA,F13,B7,375,repeating_units_slats_regular_1,384PP_AQ_BP
layer1-slat3-up-copy2_h5_staple_18,P3650_MA,G20,B7,375,repeating_units_slats_regular_1,384PP_AQ_BP
layer1-slat3-up-copy2_h5_staple_19,P3653_MA,J5,B7,375,repeating_units_slats_regular_1,384PP_AQ_BP
layer1-slat3-up-copy2_h5_staple_20,P3650_MA,K16,B7,375,repeating_units_slats_regular_1,384PP_AQ_BP
layer1-slat3-up-copy2_h5_staple_21,P3653_MA,L15,B7,375,repeating_units_slats_regular_1,384PP_AQ_BP
layer1-slat3-up-copy2_h5_staple_22,P3653_MA,M20,B7,375,repeating_units_slats_regular_1,384PP_AQ_BP
layer1-slat3-up-copy2_h5_staple_23,P3653_MA,N18,B7,375,repeating_units_slats_regular_1,384PP_AQ_BP
layer1-slat3-up-copy2_h5_staple_24,P3650_MA,P13,B7,375,repeating_units_slats_regular_1,384PP_AQ_BP
layer1-slat3-up-copy2_h5_staple_25,P3651_MA,A5,B7,375,repeating_units_slats_regular_1,384PP_AQ_BP
layer1-slat3-up-copy2_h5_staple_26,P3651_MA,B17,B7,375,repeating_units_slats_regular_1,384PP_AQ_BP
layer1-slat3-up-copy2_h5_staple_27,P3651_MA,D5,B7,375,repeating_units_slats_regular_1,384PP_AQ_BP
layer1-slat3-up-copy2_h5_staple_28,P3651_MA,E15,B7,375,repeating_units_slats_regular_1,384PP_AQ_BP
layer1-slat3-up-copy2_h5_staple_29,P3654_MA,F20,B7,375,repeating_units_slats_regular_1,384PP_AQ_BP
layer1-slat3-up-copy2_h5_staple_30,P3654_MA,H3,B7,375,repeating_units_slats_regular_1,384PP_AQ_BP
layer1-slat3-up-copy2_h5_staple_31,P3654_MA,J7,B7,375,repeating_units_slats_regular_1,384PP_AQ_BP
layer1-slat3-up-copy2_h5_staple_32,P3654_MA,K6,B7,375,repeating_units_slats_regular_1,384PP_AQ_BP
layer1-slat4-up-copy2_h2_staple_1,sw_src009,{A5;B5;C5;D5},B8,200,repeating_units_slats_regular_1,384PP_AQ_BP
layer1-slat4-up-copy2_h2_staple_2,sw_src009,{A6;B6;C6;D6},B8,200,repeating_units_slats_regular_1,384PP_AQ_BP
layer1-slat4-up-copy2_h2_staple_3,sw_src009,{A7;B7;C7;D7},B8,200,repeating_units_slats_regular_1,384PP_AQ_BP
layer1-slat4-up-copy2_h2_staple_4,sw_src009,{A8;B8;C8;D8},B8,200,repeating_units_slats_regular_1,384PP_AQ_BP
layer1-slat4-up-copy2_h2_staple_5,sw_src009,{A9;B9;C9;D9},B8,200,repeating_units_slats_regular_1,384PP_AQ_BP
layer1-slat4-up-copy2_h2_staple_6,sw_src009,{A10;B10;C10;D10},B8,200,repeating_units_slats_regular_1,384PP_AQ_BP
layer1-slat4-up-copy2_h2_staple_7,sw_src009,{A11;B11;C11;D11},B8,200,repeating_units_slats_regular_1,384PP_AQ_BP
layer1-slat4-up-copy2_h2_staple_8,sw_src009,{A12;B12;C12;D12},B8,200,repeating_units_slats_regular_1,384PP_AQ_BP
layer1-slat4-up-copy2_h2_staple_9,sw_src009,{A13;B13;C13;D13},B8,200,repeating_units_slats_regular_1,384PP_AQ_BP
layer1-slat4-up-copy2_h2_staple_10,sw_src009,{A14;B14;C14;D14},B8,200,repeating_units_slats_regular_1,384PP_AQ_BP
layer1-slat4-up-copy2_h2_staple_11,sw_src009,{A15;B15;C15;D15},B8,200,repeating_units_slats_regular_1,384PP_AQ_BP
layer1-slat4-up-copy2_h2_staple_12,sw_src009,{A16;B16;C16;D16},B8,200,repeating_units_slats_regular_1,384PP_AQ_BP
layer1-slat4-up-copy2_h2_staple_13,sw_src009,{A17;B17;C17;D17},B8,200,repeating_units_slats_regular_1,384PP_AQ_BP
layer1-slat4-up-copy2_h2_staple_14,sw_src009,{A18;B18;C18;D18},B8,200,repeating_units_slats_regular_1,384PP_AQ_BP
layer1-slat4-up-copy2_h2_staple_15,sw_src009,{A19;B19;C19;D19},B8,200,repeating_units_slats_regular_1,384PP_AQ_BP
layer1-slat4-up-copy2_h2_staple_16,sw_src009,{A20;B20;C20;D20},B8,200,repeating_units_slats_regular_1,384PP_AQ_BP
layer1-slat4-up-copy2_h2_staple_17,sw_src009,{E5;F5;G5;H5},B8,200,repeating_units_slats_regular_1,384PP_AQ_BP
layer1-slat4-up-copy2_h2_staple_18,sw_src009,{E6;F6;G6;H6},B8,200,repeating_units_slats_regular_1,384PP_AQ_BP
layer1-slat4-up-copy2_h2_staple_19,sw_src009,{E7;F7;G7;H7},B8,200,repeating_units_slats_regular_1,384PP_AQ_BP
layer1-slat4-up-copy2_h2_staple_20,sw_src009,{E8;F8;G8;H8},B8,200,repeating_units_slats_regular_1,384PP_AQ_BP
layer1-slat4-up-copy2_h2_staple_21,sw_src009,{E9;F9;G9;H9},B8,200,repeating_units_slats_regular_1,384PP_AQ_BP
layer1-slat4-up-copy2_h2_staple_22,sw_src009,{E10;F10;G10;H10},B8,200,repeating_units_slats_regular_1,384PP_AQ_BP
layer1-slat4-up-copy2_h2_staple_23,sw_src009,{E11;F11;G11;H11},B8,200,repeating_units_slats_regular_1,384PP_AQ_BP
layer1-slat4-up-copy2_h2_staple_24,sw_src009,{E12;F12;G12;H12},B8,200,repeating_units_slats_regular_1,384PP_AQ_BP
layer1-slat4-up-copy2_h2_staple_25,sw_src009,{E13;F13;G13;H13},B8,200,repeating_units_slats_regular_1,384PP_AQ_BP
layer1-slat4-up-copy2_h2_staple_26,sw_src009,{E14;F14;G14;H14},B8,200,repeating_units_slats_regular_1,384PP_AQ_BP
layer1-slat4-up-copy2_h2_staple_27,sw_src009,{E15;F15;G15;H15},B8,200,repeating_units_slats_regular_1,384PP_AQ_BP
layer1-slat4-up-copy2_h2_staple_28,sw_src009,{E16;F16;G16;H16},B8,200,repeating_units_slats_regular_1,384PP_AQ_BP
layer1-slat4-up-copy2_h2_staple_29,sw_src009,{E17;F17;G17;H17},B8,200,repeating_units_slats_regular_1,384PP_AQ_BP
layer1-slat4-up-copy2_h2_staple_30,sw_src009,{E18;F18;G18;H18},B8,200,repeating_units_slats_regular_1,384PP_AQ_BP
layer1-slat4-up-copy2_h2_staple_31,sw_src009,{E19;F19;G19;H19},B8,200,repeating_units_slats_regular_1,384PP_AQ_BP
layer1-slat4-up-copy2_h2_staple_32,sw_src009,{E20;F20;G20;H20},B8,200,repeating_units_slats_regular_1,384PP_AQ_BP
layer1-slat4-up-copy2_h5_staple_1,P3652_MA,A16,B8,375,repeating_units_slats_regular_1,384PP_AQ_BP
layer1-slat4-up-copy2_h5_staple_2,P3649_MA,C12,B8,375,repeating_units_slats_regular_1,384PP_AQ_BP
layer1-slat4-up-copy2_h5_staple_3,P3652_MA,C18,B8,375,repeating_units_slats_regular_1,384PP_AQ_BP
layer1-slat4-up-copy2_h5_staple_4,P3652_MA,E8,B8,375,repeating_units_slats_regular_1,384PP_AQ_BP
layer1-slat4-up-copy2_h5_staple_5,P3649_MA,F22,B8,375,repeating_units_slats_regular_1,384PP_AQ_BP
layer1-slat4-up-copy2_h5_staple_6,P3649_MA,H11,B8,375,repeating_units_slats_regular_1,384PP_AQ_BP
layer1-slat4-up-copy2_h5_staple_7,P3649_MA,I1,B8,375,repeating_units_slats_regular_1,384PP_AQ_BP
layer1-slat4-up-copy2_h5_staple_8,P3649_MA,J9,B8,375,repeating_units_slats_regular_1,384PP_AQ_BP
layer1-slat4-up-copy2_h5_staple_9,P3649_MA,K20,B8,375,repeating_units_slats_regular_1,384PP_AQ_BP
layer1-slat4-up-copy2_h5_staple_10,P3652_MA,M17,B8,375,repeating_units_slats_regular_1,384PP_AQ_BP
layer1-slat4-up-copy2_h5_staple_11,P3649_MA,N18,B8,375,repeating_units_slats_regular_1,384PP_AQ_BP
layer1-slat4-up-copy2_h5_staple_12,P3652_MA,O20,B8,375,repeating_units_slats_regular_1,384PP_AQ_BP
layer1-slat4-up-copy2_h5_staple_13,P3650_MA,A14,B8,375,repeating_units_slats_regular_1,384PP_AQ_BP
layer1-slat4-up-copy2_h5_staple_14,P3650_MA,C3,B8,375,repeating_units_slats_regular_1,384PP_AQ_BP
layer1-slat4-up-copy2_h5_staple_15,P3650_MA,C24,B8,375,repeating_units_slats_regular_1,384PP_AQ_BP
layer1-slat4-up-copy2_h5_staple_16,P3650_MA,E17,B8,375,repeating_units_slats_regular_1,384PP_AQ_BP
layer1-slat4-up-copy2_h5_staple_17,P3653_MA,F12,B8,375,repeating_units_slats_regular_1,384PP_AQ_BP
layer1-slat4-up-copy2_h5_staple_18,P3650_MA,H16,B8,375,repeating_units_slats_regular_1,384PP_AQ_BP
layer1-slat4-up-copy2_h5_staple_19,P3653_MA,I24,B8,375,repeating_units_slats_regular_1,384PP_AQ_BP
layer1-slat4-up-copy2_h5_staple_20,P3650_MA,J15,B8,375,repeating_units_slats_regular_1,384PP_AQ_BP
layer1-slat4-up-copy2_h5_staple_21,P3653_MA,L15,B8,375,repeating_units_slats_regular_1,384PP_AQ_BP
layer1-slat4-up-copy2_h5_staple_22,P3650_MA,M23,B8,375,repeating_units_slats_regular_1,384PP_AQ_BP
layer1-slat4-up-copy2_h5_staple_23,P3650_MA,N19,B8,375,repeating_units_slats_regular_1,384PP_AQ_BP
layer1-slat4-up-copy2_h5_staple_24,P3650_MA,P21,B8,375,repeating_units_slats_regular_1,384PP_AQ_BP
layer1-slat4-up-copy2_h5_staple_25,P3654_MA,A2,B8,375,repeating_units_slats_regular_1,384PP_AQ_BP
layer1-slat4-up-copy2_h5_staple_26,P3654_MA,B23,B8,375,repeating_units_slats_regular_1,384PP_AQ_BP
layer1-slat4-up-copy2_h5_staple_27,P3654_MA,C23,B8,375,repeating_units_slats_regular_1,384PP_AQ_BP
layer1-slat4-up-copy2_h5_staple_28,P3654_MA,E14,B8,375,repeating_units_slats_regular_1,384PP_AQ_BP
layer1-slat4-up-copy2_h5_staple_29,P3654_MA,G11,B8,375,repeating_units_slats_regular_1,384PP_AQ_BP
layer1-slat4-up-copy2_h5_staple_30,P3654_MA,H15,B8,375,repeating_units_slats_regular_1,384PP_AQ_BP
layer1-slat4-up-copy2_h5_staple_31,P3654_MA,I4,B8,375,repeating_units_slats_regular_1,384PP_AQ_BP
layer1-slat4-up-copy2_h5_staple_32,P3654_MA,J13,B8,375,repeating_units_slats_regular_1,384PP_AQ_BP
layer1-slat5-up-copy2_h2_staple_1,sw_src009,{A5;B5;C5;D5},B9,200,repeating_units_slats_regular_1,384PP_AQ_BP
layer1-slat5-up-copy2_h2_staple_2,sw_src009,{A6;B6;C6;D6},B9,200,repeating_units_slats_regular_1,384PP_AQ_BP
layer1-slat5-up-copy2_h2_staple_3,sw_src009,{A7;B7;C7;D7},B9,200,repeating_units_slats_regular_1,384PP_AQ_BP
layer1-slat5-up-copy2_h2_staple_4,sw_src009,{A8;B8;C8;D8},B9,200,repeating_units_slats_regular_1,384PP_AQ_BP
layer1-slat5-up-copy2_h2_staple_5,sw_src009,{A9;B9;C9;D9},B9,200,repeating_units_slats_regular_1,384PP_AQ_BP
layer1-slat5-up-copy2_h2_staple_6,sw_src009,{A10;B10;C10;D10},B9,200,repeating_units_slats_regular_1,384PP_AQ_BP
layer1-slat5-up-copy2_h2_staple_7,sw_src009,{A11;B11;C11;D11},B9,200,repeating_units_slats_regular_1,384PP_AQ_BP
layer1-slat5-up-copy2_h2_staple_8,sw_src009,{A12;B12;C12;D12},B9,200,repeating_units_slats_regular_1,384PP_AQ_BP
layer1-slat5-up-copy2_h2_staple_9,sw_src009,{A13;B13;C13;D13},B9,200,repeating_units_slats_regular_1,384PP_AQ_BP
layer1-slat5-up-copy2_h2_staple_10,sw_src009,{A14;B14;C14;D14},B9,200,repeating_units_slats_regular_1,384PP_AQ_BP
layer1-slat5-up-copy2_h2_staple_11,sw_src009,{A15;B15;C15;D15},B9,200,repeating_units_slats_regular_1,384PP_AQ_BP
layer1-slat5-up-copy2_h2_staple_12,sw_src009,{A16;B16;C16;D16},B9,200,repeating_units_slats_regular_1,384PP_AQ_BP
layer1-slat5-up-copy2_h2_staple_13,sw_src009,{A17;B17;C17;D17},B9,200,repeating_units_slats_regular_1,384PP_AQ_BP
layer1-slat5-up-copy2_h2_staple_14,sw_src009,{A18;B18;C18;D18},B9,200,repeating_units_slats_regular_1,384PP_AQ_BP
layer1-slat5-up-copy2_h2_staple_15,sw_src009,{A19;B19;C19;D19},B9,200,repeating_units_slats_regular_1,384PP_AQ_BP
layer1-slat5-up-copy2_h2_staple_16,sw_src009,{A20;B20;C20;D20},B9,200,repeating_units_slats_regular_1,384PP_AQ_BP
layer1-slat5-up-copy2_h2_staple_17,sw_src009,{E5;F5;G5;H5},B9,200,repeating_units_slats_regular_1,384PP_AQ_BP
layer1-slat5-up-copy2_h2_staple_18,sw_src009,{E6;F6;G6;H6},B9,200,repeating_units_slats_regular_1,384PP_AQ_BP
layer1-slat5-up-copy2_h2_staple_19,sw_src009,{E7;F7;G7;H7},B9,200,repeating_units_slats_regular_1,384PP_AQ_BP
layer1-slat5-up-copy2_h2_staple_20,sw_src009,{E8;F8;G8;H8},B9,200,repeating_units_slats_regular_1,384PP_AQ_BP
layer1-slat5-up-copy2_h2_staple_21,sw_src009,{E9;F9;G9;H9},B9,200,repeating_units_slats_regular_1,384PP_AQ_BP
layer1-slat5-up-copy2_h2_staple_22,sw_src009,{E10;F10;G10;H10},B9,200,repeating_units_slats_regular_1,384PP_AQ_BP
layer1-slat5-up-copy2_h2_staple_23,sw_src009,{E11;F11;G11;H11},B9,200,repeating_units_slats_regular_1,384PP_AQ_BP
layer1-slat5-up-copy2_h2_staple_24,sw_src009,{E12;F12;G12;H12},B9,200,repeating_units_slats_regular_1,384PP_AQ_BP
layer1-slat5-up-copy2_h2_staple_25,sw_src009,{E13;F13;G13;H13},B9,200,repeating_units_slats_regular_1,384PP_AQ_BP
layer1-slat5-up-copy2_h2_staple_26,sw_src009,{E14;F14;G14;H14},B9,200,repeating_units_slats_regular_1,384PP_AQ_BP
layer1-slat5-up-copy2_h2_staple_27,sw_src009,{E15;F15;G15;H15},B9,200,repeating_units_slats_regular_1,384PP_AQ_BP
layer1-slat5-up-copy2_h2_staple_28,sw_src009,{E16;F16;G16;H16},B9,200,repeating_units_slats_regular_1,384PP_AQ_BP
layer1-slat5-up-copy2_h2_staple_29,sw_src009,{E17;F17;G17;H17},B9,200,repeating_units_slats_regular_1,384PP_AQ_BP
layer1-slat5-up-copy2_h2_staple_30,sw_src009,{E18;F18;G18;H18},B9,200,repeating_units_slats_regular_1,384PP_AQ_BP
layer1-slat5-up-copy2_h2_staple_31,sw_src009,{E19;F19;G19;H19},B9,200,repeating_units_slats_regular_1,384PP_AQ_BP
layer1-slat5-up-copy2_h2_staple_32,sw_src009,{E20;F20;G20;H20},B9,200,repeating_units_slats_regular_1,384PP_AQ_BP
layer1-slat5-up-copy2_h5_staple_1,P3652_MA,B8,B9,375,repeating_units_slats_regular_1,384PP_AQ_BP
layer1-slat5-up-copy2_h5_staple_2,P3649_MA,C2,B9,375,repeating_units_slats_regular_1,384PP_AQ_BP
layer1-slat5-up-copy2_h5_staple_3,P3652_MA,C20,B9,375,repeating_units_slats_regular_1,384PP_AQ_BP
layer1-slat5-up-copy2_h5_staple_4,P3649_MA,E20,B9,375,repeating_units_slats_regular_1,384PP_AQ_BP
layer1-slat5-up-copy2_h5_staple_5,P3652_MA,F17,B9,375,repeating_units_slats_regular_1,384PP_AQ_BP
layer1-slat5-up-copy2_h5_staple_6,P3649_MA,H18,B9,375,repeating_units_slats_regular_1,384PP_AQ_BP
layer1-slat5-up-copy2_h5_staple_7,P3649_MA,I4,B9,375,repeating_units_slats_regular_1,384PP_AQ_BP
layer1-slat5-up-copy2_h5_staple_8,P3649_MA,K6,B9,375,repeating_units_slats_regular_1,384PP_AQ_BP
layer1-slat5-up-copy2_h5_staple_9,P3649_MA,L7,B9,375,repeating_units_slats_regular_1,384PP_AQ_BP
layer1-slat5-up-copy2_h5_staple_10,P3652_MA,N8,B9,375,repeating_units_slats_regular_1,384PP_AQ_BP
layer1-slat5-up-copy2_h5_staple_11,P3649_MA,O1,B9,375,repeating_units_slats_regular_1,384PP_AQ_BP
layer1-slat5-up-copy2_h5_staple_12,P3649_MA,P23,B9,375,repeating_units_slats_regular_1,384PP_AQ_BP
layer1-slat5-up-copy2_h5_staple_13,P3650_MA,A22,B9,375,repeating_units_slats_regular_1,384PP_AQ_BP
layer1-slat5-up-copy2_h5_staple_14,P3650_MA,B10,B9,375,repeating_units_slats_regular_1,384PP_AQ_BP
layer1-slat5-up-copy2_h5_staple_15,P3650_MA,D5,B9,375,repeating_units_slats_regular_1,384PP_AQ_BP
layer1-slat5-up-copy2_h5_staple_16,P3650_MA,E2,B9,375,repeating_units_slats_regular_1,384PP_AQ_BP
layer1-slat5-up-copy2_h5_staple_17,P3653_MA,G6,B9,375,repeating_units_slats_regular_1,384PP_AQ_BP
layer1-slat5-up-copy2_h5_staple_18,P3653_MA,H10,B9,375,repeating_units_slats_regular_1,384PP_AQ_BP
layer1-slat5-up-copy2_h5_staple_19,P3650_MA,I20,B9,375,repeating_units_slats_regular_1,384PP_AQ_BP
layer1-slat5-up-copy2_h5_staple_20,P3653_MA,K11,B9,375,repeating_units_slats_regular_1,384PP_AQ_BP
layer1-slat5-up-copy2_h5_staple_21,P3650_MA,L8,B9,375,repeating_units_slats_regular_1,384PP_AQ_BP
layer1-slat5-up-copy2_h5_staple_22,P3653_MA,M17,B9,375,repeating_units_slats_regular_1,384PP_AQ_BP
layer1-slat5-up-copy2_h5_staple_23,P3653_MA,O9,B9,375,repeating_units_slats_regular_1,384PP_AQ_BP
layer1-slat5-up-copy2_h5_staple_24,P3653_MA,P24,B9,375,repeating_units_slats_regular_1,384PP_AQ_BP
layer1-slat5-up-copy2_h5_staple_25,P3651_MA,A8,B9,375,repeating_units_slats_regular_1,384PP_AQ_BP
layer1-slat5-up-copy2_h5_staple_26,P3651_MA,C7,B9,375,repeating_units_slats_regular_1,384PP_AQ_BP
layer1-slat5-up-copy2_h5_staple_27,P3651_MA,D16,B9,375,repeating_units_slats_regular_1,384PP_AQ_BP
layer1-slat5-up-copy2_h5_staple_28,P3651_MA,E16,B9,375,repeating_units_slats_regular_1,384PP_AQ_BP
layer1-slat5-up-copy2_h5_staple_29,P3654_MA,G5,B9,375,repeating_units_slats_regular_1,384PP_AQ_BP
layer1-slat5-up-copy2_h5_staple_30,P3651_MA,G22,B9,375,repeating_units_slats_regular_1,384PP_AQ_BP
layer1-slat5-up-copy2_h5_staple_31,P3651_MA,I3,B9,375,repeating_units_slats_regular_1,384PP_AQ_BP
layer1-slat5-up-copy2_h5_staple_32,P3654_MA,K13,B9,375,repeating_units_slats_regular_1,384PP_AQ_BP
layer1-slat6-up-copy2_h2_staple_1,sw_src009,{A5;B5;C5;D5},B10,200,repeating_units_slats_regular_1,384PP_AQ_BP
layer1-slat6-up-copy2_h2_staple_2,sw_src009,{A6;B6;C6;D6},B10,200,repeating_units_slats_regular_1,384PP_AQ_BP
layer1-slat6-up-copy2_h2_staple_3,sw_src009,{A7;B7;C7;D7},B10,200,repeating_units_slats_regular_1,384PP_AQ_BP
layer1-slat6-up-copy2_h2_staple_4,sw_src009,{A8;B8;C8;D8},B10,200,repeating_units_slats_regular_1,384PP_AQ_BP
layer1-slat6-up-copy2_h2_staple_5,sw_src009,{A9;B9;C9;D9},B10,200,repeating_units_slats_regular_1,384PP_AQ_BP
layer1-slat6-up-copy2_h2_staple_6,sw_src009,{A10;B10;C10;D10},B10,200,repeating_units_slats_regular_1,384PP_AQ_BP
layer1-slat6-up-copy2_h2_staple_7,sw_src009,{A11;B11;C11;D11},B10,200,repeating_units_slats_regular_1,384PP_AQ_BP
layer1-slat6-up-copy2_h2_staple_8,sw_src009,{A12;B12;C12;D12},B10,200,repeating_units_slats_regular_1,384PP_AQ_BP
layer1-slat6-up-copy2_h2_staple_9,sw_src009,{A13;B13;C13;D13},B10,200,repeating_units_slats_regular_1,384PP_AQ_BP
layer1-slat6-up-copy2_h2_staple_10,sw_src009,{A14;B14;C14;D14},B10,200,repeating_units_slats_regular_1,384PP_AQ_BP
layer1-slat6-up-copy2_h2_staple_11,sw_src009,{A15;B15;C15;D15},B10,200,repeating_units_slats_regular_1,384PP_AQ_BP
layer1-slat6-up-copy2_h2_staple_12,sw_src009,{A16;B16;C16;D16},B10,200,repeating_units_slats_regular_1,384PP_AQ_BP
layer1-slat6-up-copy2_h2_staple_13,sw_src009,{A17;B17;C17;D17},B10,200,repeating_units_slats_regular_1,384PP_AQ_BP
layer1-slat6-up-copy2_h2_staple_14,sw_src009,{A18;B18;C18;D18},B10,200,repeating_units_slats_regular_1,384PP_AQ_BP
layer1-slat6-up-copy2_h2_staple_15,sw_src009,{A19;B19;C19;D19},B10,200,repeating_units_slats_regular_1,384PP_AQ_BP
layer1-slat6-up-copy2_h2_staple_16,sw_src009,{A20;B20;C20;D20},B10,200,repeating_units_slats_regular_1,384PP_AQ_BP
layer1-slat6-up-copy2_h2_staple_17,sw_src009,{E5;F5;G5;H5},B10,200,repeating_units_slats_regular_1,384PP_AQ_BP
layer1-slat6-up-copy2_h2_staple_18,sw_src009,{E6;F6;G6;H6},B10,200,repeating_units_slats_regular_1,384PP_AQ_BP
layer1-slat6-up-copy2_h2_staple_19,sw_src009,{E7;F7;G7;H7},B10,200,repeating_units_slats_regular_1,384PP_AQ_BP
layer1-slat6-up-copy2_h2_staple_20,sw_src009,{E8;F8;G8;H8},B10,200,repeating_units_slats_regular_1,384PP_AQ_BP
layer1-slat6-up-copy2_h2_staple_21,sw_src009,{E9;F9;G9;H9},B10,200,repeating_units_slats_regular_1,384PP_AQ_BP
layer1-slat6-up-copy2_h2_staple_22,sw_src009,{E10;F10;G10;H10},B10,200,repeating_units_slats_regular_1,384PP_AQ_BP
layer1-slat6-up-copy2_h2_staple_23,sw_src009,{E11;F11;G11;H11},B10,200,repeating_units_slats_regular_1,384PP_AQ_BP
layer1-slat6-up-copy2_h2_staple_24,sw_src009,{E12;F12;G12;H12},B10,200,repeating_units_slats_regular_1,384PP_AQ_BP
layer1-slat6-up-copy2_h2_staple_25,sw_src009,{E13;F13;G13;H13},B10,200,repeating_units_slats_regular_1,384PP_AQ_BP
layer1-slat6-up-copy2_h2_staple_26,sw_src009,{E14;F14;G14;H14},B10,200,repeating_units_slats_regular_1,384PP_AQ_BP
layer1-slat6-up-copy2_h2_staple_27,sw_src009,{E15;F15;G15;H15},B10,200,repeating_units_slats_regular_1,384PP_AQ_BP
layer1-slat6-up-copy2_h2_staple_28,sw_src009,{E16;F16;G16;H16},B10,200,repeating_units_slats_regular_1,384PP_AQ_BP
layer1-slat6-up-copy2_h2_staple_29,sw_src009,{E17;F17;G17;H17},B10,200,repeating_units_slats_regular_1,384PP_AQ_BP
layer1-slat6-up-copy2_h2_staple_30,sw_src009,{E18;F18;G18;H18},B10,200,repeating_units_slats_regular_1,384PP_AQ_BP
layer1-slat6-up-copy2_h2_staple_31,sw_src009,{E19;F19;G19;H19},B10,200,repeating_units_slats_regular_1,384PP_AQ_BP
layer1-slat6-up-copy2_h2_staple_32,sw_src009,{E20;F20;G20;H20},B10,200,repeating_units_slats_regular_1,384PP_AQ_BP
layer1-slat6-up-copy2_h5_staple_1,P3652_MA,B7,B10,375,repeating_units_slats_regular_1,384PP_AQ_BP
layer1-slat6-up-copy2_h5_staple_2,P3649_MA,B16,B10,375,repeating_units_slats_regular_1,384PP_AQ_BP
layer1-slat6-up-copy2_h5_staple_3,P3652_MA,D10,B10,375,repeating_units_slats_regular_1,384PP_AQ_BP
layer1-slat6-up-copy2_h5_staple_4,P3649_MA,E5,B10,375,repeating_units_slats_regular_1,384PP_AQ_BP
layer1-slat6-up-copy2_h5_staple_5,P3652_MA,G15,B10,375,repeating_units_slats_regular_1,384PP_AQ_BP
layer1-slat6-up-copy2_h5_staple_6,P3649_MA,H17,B10,375,repeating_units_slats_regular_1,384PP_AQ_BP
layer1-slat6-up-copy2_h5_staple_7,P3652_MA,I24,B10,375,repeating_units_slats_regular_1,384PP_AQ_BP
layer1-slat6-up-copy2_h5_staple_8,P3649_MA,K1,B10,375,repeating_units_slats_regular_1,384PP_AQ_BP
layer1-slat6-up-copy2_h5_staple_9,P3649_MA,L1,B10,375,repeating_units_slats_regular_1,384PP_AQ_BP
layer1-slat6-up-copy2_h5_staple_10,P3649_MA,M11,B10,375,repeating_units_slats_regular_1,384PP_AQ_BP
layer1-slat6-up-copy2_h5_staple_11,P3652_MA,N23,B10,375,repeating_units_slats_regular_1,384PP_AQ_BP
layer1-slat6-up-copy2_h5_staple_12,P3649_MA,P3,B10,375,repeating_units_slats_regular_1,384PP_AQ_BP
layer1-slat6-up-copy2_h5_staple_13,P3650_MA,A22,B10,375,repeating_units_slats_regular_1,384PP_AQ_BP
layer1-slat6-up-copy2_h5_staple_14,P3650_MA,B12,B10,375,repeating_units_slats_regular_1,384PP_AQ_BP
layer1-slat6-up-copy2_h5_staple_15,P3653_MA,C17,B10,375,repeating_units_slats_regular_1,384PP_AQ_BP
layer1-slat6-up-copy2_h5_staple_16,P3653_MA,E10,B10,375,repeating_units_slats_regular_1,384PP_AQ_BP
layer1-slat6-up-copy2_h5_staple_17,P3653_MA,F16,B10,375,repeating_units_slats_regular_1,384PP_AQ_BP
layer1-slat6-up-copy2_h5_staple_18,P3650_MA,G18,B10,375,repeating_units_slats_regular_1,384PP_AQ_BP
layer1-slat6-up-copy2_h5_staple_19,P3650_MA,I14,B10,375,repeating_units_slats_regular_1,384PP_AQ_BP
layer1-slat6-up-copy2_h5_staple_20,P3650_MA,J16,B10,375,repeating_units_slats_regular_1,384PP_AQ_BP
layer1-slat6-up-copy2_h5_staple_21,P3653_MA,L20,B10,375,repeating_units_slats_regular_1,384PP_AQ_BP
layer1-slat6-up-copy2_h5_staple_22,P3653_MA,M13,B10,375,repeating_units_slats_regular_1,384PP_AQ_BP
layer1-slat6-up-copy2_h5_staple_23,P3653_MA,O3,B10,375,repeating_units_slats_regular_1,384PP_AQ_BP
layer1-slat6-up-copy2_h5_staple_24,P3650_MA,O20,B10,375,repeating_units_slats_regular_1,384PP_AQ_BP
layer1-slat6-up-copy2_h5_staple_25,P3654_MA,A17,B10,375,repeating_units_slats_regular_1,384PP_AQ_BP
layer1-slat6-up-copy2_h5_staple_26,P3654_MA,C3,B10,375,repeating_units_slats_regular_1,384PP_AQ_BP
layer1-slat6-up-copy2_h5_staple_27,P3651_MA,D21,B10,375,repeating_units_slats_regular_1,384PP_AQ_BP
layer1-slat6-up-copy2_h5_staple_28,P3651_MA,E21,B10,375,repeating_units_slats_regular_1,384PP_AQ_BP
layer1-slat6-up-copy2_h5_staple_29,P3651_MA,F10,B10,375,repeating_units_slats_regular_1,384PP_AQ_BP
layer1-slat6-up-copy2_h5_staple_30,P3651_MA,H2,B10,375,repeating_units_slats_regular_1,384PP_AQ_BP
layer1-slat6-up-copy2_h5_staple_31,P3654_MA,I6,B10,375,repeating_units_slats_regular_1,384PP_AQ_BP
layer1-slat6-up-copy2_h5_staple_32,P3651_MA,K5,B10,375,repeating_units_slats_regular_1,384PP_AQ_BP
layer1-slat7-up-copy2_h2_staple_1,sw_src009,{A5;B5;C5;D5},B11,200,repeating_units_slats_regular_1,384PP_AQ_BP
layer1-slat7-up-copy2_h2_staple_2,sw_src009,{A6;B6;C6;D6},B11,200,repeating_units_slats_regular_1,384PP_AQ_BP
layer1-slat7-up-copy2_h2_staple_3,sw_src009,{A7;B7;C7;D7},B11,200,repeating_units_slats_regular_1,384PP_AQ_BP
layer1-slat7-up-copy2_h2_staple_4,sw_src009,{A8;B8;C8;D8},B11,200,repeating_units_slats_regular_1,384PP_AQ_BP
layer1-slat7-up-copy2_h2_staple_5,sw_src009,{A9;B9;C9;D9},B11,200,repeating_units_slats_regular_1,384PP_AQ_BP
layer1-slat7-up-copy2_h2_staple_6,sw_src009,{A10;B10;C10;D10},B11,200,repeating_units_slats_regular_1,384PP_AQ_BP
layer1-slat7-up-copy2_h2_staple_7,sw_src009,{A11;B11;C11;D11},B11,200,repeating_units_slats_regular_1,384PP_AQ_BP
layer1-slat7-up-copy2_h2_staple_8,sw_src009,{A12;B12;C12;D12},B11,200,repeating_units_slats_regular_1,384PP_AQ_BP
layer1-slat7-up-copy2_h2_staple_9,sw_src009,{A13;B13;C13;D13},B11,200,repeating_units_slats_regular_1,384PP_AQ_BP
layer1-slat7-up-copy2_h2_staple_10,sw_src009,{A14;B14;C14;D14},B11,200,repeating_units_slats_regular_1,384PP_AQ_BP
layer1-slat7-up-copy2_h2_staple_11,sw_src009,{A15;B15;C15;D15},B11,200,repeating_units_slats_regular_1,384PP_AQ_BP
layer1-slat7-up-copy2_h2_staple_12,sw_src009,{A16;B16;C16;D16},B11,200,repeating_units_slats_regular_1,384PP_AQ_BP
layer1-slat7-up-copy2_h2_staple_13,sw_src009,{A17;B17;C17;D17},B11,200,repeating_units_slats_regular_1,384PP_AQ_BP
layer1-slat7-up-copy2_h2_staple_14,sw_src009,{A18;B18;C18;D18},B11,200,repeating_units_slats_regular_1,384PP_AQ_BP
layer1-slat7-up-copy2_h2_staple_15,sw_src009,{A19;B19;C19;D19},B11,200,repeating_units_slats_regular_1,384PP_AQ_BP
layer1-slat7-up-copy2_h2_staple_16,sw_src009,{A20;B20;C20;D20},B11,200,repeating_units_slats_regular_1,384PP_AQ_BP
layer1-slat7-up-copy2_h2_staple_17,sw_src009,{E5;F5;G5;H5},B11,200,repeating_units_slats_regular_1,384PP_AQ_BP
layer1-slat7-up-copy2_h2_staple_18,sw_src009,{E6;F6;G6;H6},B11,200,repeating_units_slats_regular_1,384PP_AQ_BP
layer1-slat7-up-copy2_h2_staple_19,sw_src009,{E7;F7;G7;H7},B11,200,repeating_units_slats_regular_1,384PP_AQ_BP
layer1-slat7-up-copy2_h2_staple_20,sw_src009,{E8;F8;G8;H8},B11,200,repeating_units_slats_regular_1,384PP_AQ_BP
layer1-slat7-up-copy2_h2_staple_21,sw_src009,{E9;F9;G9;H9},B11,200,repeating_units_slats_regular_1,384PP_AQ_BP
layer1-slat7-up-copy2_h2_staple_22,sw_src009,{E10;F10;G10;H10},B11,200,repeating_units_slats_regular_1,384PP_AQ_BP
layer1-slat7-up-copy2_h2_staple_23,sw_src009,{E11;F11;G11;H11},B11,200,repeating_units_slats_regular_1,384PP_AQ_BP
layer1-slat7-up-copy2_h2_staple_24,sw_src009,{E12;F12;G12;H12},B11,200,repeating_units_slats_regular_1,384PP_AQ_BP
layer1-slat7-up-copy2_h2_staple_25,sw_src009,{E13;F13;G13;H13},B11,200,repeating_units_slats_regular_1,384PP_AQ_BP
layer1-slat7-up-copy2_h2_staple_26,sw_src009,{E14;F14;G14;H14},B11,200,repeating_units_slats_regular_1,384PP_AQ_BP
layer1-slat7-up-copy2_h2_staple_27,sw_src009,{E15;F15;G15;H15},B11,200,repeating_units_slats_regular_1,384PP_AQ_BP
layer1-slat7-up-copy2_h2_staple_28,sw_src009,{E16;F16;G16;H16},B11,200,repeating_units_slats_regular_1,384PP_AQ_BP
layer1-slat7-up-copy2_h2_staple_29,sw_src009,{E17;F17;G17;H17},B11,200,repeating_units_slats_regular_1,384PP_AQ_BP
layer1-slat7-up-copy2_h2_staple_30,sw_src009,{E18;F18;G18;H18},B11,200,repeating_units_slats_regular_1,384PP_AQ_BP
layer1-slat7-up-copy2_h2_staple_31,sw_src009,{E19;F19;G19;H19},B11,200,repeating_units_slats_regular_1,384PP_AQ_BP
layer1-slat7-up-copy2_h2_staple_32,sw_src009,{E20;F20;G20;H20},B11,200,repeating_units_slats_regular_1,384PP_AQ_BP
layer1-slat7-up-copy2_h5_staple_1,P3652_MA,A3,B11,375,repeating_units_slats_regular_1,384PP_AQ_BP
layer1-slat7-up-copy2_h5_staple_2,P3652_MA,B18,B11,375,repeating_units_slats_regular_1,384PP_AQ_BP
layer1-slat7-up-copy2_h5_staple_3,P3652_MA,C18,B11,375,repeating_units_slats_regular_1,384PP_AQ_BP
layer1-slat7-up-copy2_h5_staple_4,P3652_MA,E10,B11,375,repeating_units_slats_regular_1,384PP_AQ_BP
layer1-slat7-up-copy2_h5_staple_5,P3649_MA,F20,B11,375,repeating_units_slats_regular_1,384PP_AQ_BP
layer1-slat7-up-copy2_h5_staple_6,P3649_MA,H18,B11,375,repeating_units_slats_regular_1,384PP_AQ_BP
layer1-slat7-up-copy2_h5_staple_7,P3649_MA,I11,B11,375,repeating_units_slats_regular_1,384PP_AQ_BP
layer1-slat7-up-copy2_h5_staple_8,P3649_MA,J11,B11,375,repeating_units_slats_regular_1,384PP_AQ_BP
layer1-slat7-up-copy2_h5_staple_9,P3649_MA,K22,B11,375,repeating_units_slats_regular_1,384PP_AQ_BP
layer1-slat7-up-copy2_h5_staple_10,P3649_MA,M12,B11,375,repeating_units_slats_regular_1,384PP_AQ_BP
layer1-slat7-up-copy2_h5_staple_11,P3649_MA,O11,B11,375,repeating_units_slats_regular_1,384PP_AQ_BP
layer1-slat7-up-copy2_h5_staple_12,P3652_MA,O24,B11,375,repeating_units_slats_regular_1,384PP_AQ_BP
layer1-slat7-up-copy2_h5_staple_13,P3653_MA,A7,B11,375,repeating_units_slats_regular_1,384PP_AQ_BP
layer1-slat7-up-copy2_h5_staple_14,P3653_MA,C9,B11,375,repeating_units_slats_regular_1,384PP_AQ_BP
layer1-slat7-up-copy2_h5_staple_15,P3650_MA,D19,B11,375,repeating_units_slats_regular_1,384PP_AQ_BP
layer1-slat7-up-copy2_h5_staple_16,P3653_MA,E9,B11,375,repeating_units_slats_regular_1,384PP_AQ_BP
layer1-slat7-up-copy2_h5_staple_17,P3650_MA,G8,B11,375,repeating_units_slats_regular_1,384PP_AQ_BP
layer1-slat7-up-copy2_h5_staple_18,P3650_MA,H2,B11,375,repeating_units_slats_regular_1,384PP_AQ_BP
layer1-slat7-up-copy2_h5_staple_19,P3653_MA,I7,B11,375,repeating_units_slats_regular_1,384PP_AQ_BP
layer1-slat7-up-copy2_h5_staple_20,P3650_MA,J10,B11,375,repeating_units_slats_regular_1,384PP_AQ_BP
layer1-slat7-up-copy2_h5_staple_21,P3653_MA,L16,B11,375,repeating_units_slats_regular_1,384PP_AQ_BP
layer1-slat7-up-copy2_h5_staple_22,P3653_MA,M14,B11,375,repeating_units_slats_regular_1,384PP_AQ_BP
layer1-slat7-up-copy2_h5_staple_23,P3653_MA,O5,B11,375,repeating_units_slats_regular_1,384PP_AQ_BP
layer1-slat7-up-copy2_h5_staple_24,P3653_MA,P20,B11,375,repeating_units_slats_regular_1,384PP_AQ_BP
layer1-slat7-up-copy2_h5_staple_25,P3654_MA,A17,B11,375,repeating_units_slats_regular_1,384PP_AQ_BP
layer1-slat7-up-copy2_h5_staple_26,P3654_MA,B18,B11,375,repeating_units_slats_regular_1,384PP_AQ_BP
layer1-slat7-up-copy2_h5_staple_27,P3651_MA,C17,B11,375,repeating_units_slats_regular_1,384PP_AQ_BP
layer1-slat7-up-copy2_h5_staple_28,P3651_MA,E16,B11,375,repeating_units_slats_regular_1,384PP_AQ_BP
layer1-slat7-up-copy2_h5_staple_29,P3654_MA,G4,B11,375,repeating_units_slats_regular_1,384PP_AQ_BP
layer1-slat7-up-copy2_h5_staple_30,P3651_MA,H24,B11,375,repeating_units_slats_regular_1,384PP_AQ_BP
layer1-slat7-up-copy2_h5_staple_31,P3654_MA,I7,B11,375,repeating_units_slats_regular_1,384PP_AQ_BP
layer1-slat7-up-copy2_h5_staple_32,P3654_MA,J11,B11,375,repeating_units_slats_regular_1,384PP_AQ_BP
layer1-slat8-up-copy2_h2_staple_1,sw_src009,{A5;B5;C5;D5},B12,200,repeating_units_slats_regular_1,384PP_AQ_BP
layer1-slat8-up-copy2_h2_staple_2,sw_src009,{A6;B6;C6;D6},B12,200,repeating_units_slats_regular_1,384PP_AQ_BP
layer1-slat8-up-copy2_h2_staple_3,sw_src009,{A7;B7;C7;D7},B12,200,repeating_units_slats_regular_1,384PP_AQ_BP
layer1-slat8-up-copy2_h2_staple_4,sw_src009,{A8;B8;C8;D8},B12,200,repeating_units_slats_regular_1,384PP_AQ_BP
layer1-slat8-up-copy2_h2_staple_5,sw_src009,{A9;B9;C9;D9},B12,200,repeating_units_slats_regular_1,384PP_AQ_BP
layer1-slat8-up-copy2_h2_staple_6,sw_src009,{A10;B10;C10;D10},B12,200,repeating_units_slats_regular_1,384PP_AQ_BP
layer1-slat8-up-copy2_h2_staple_7,sw_src009,{A11;B11;C11;D11},B12,200,repeating_units_slats_regular_1,384PP_AQ_BP
layer1-slat8-up-copy2_h2_staple_8,sw_src009,{A12;B12;C12;D12},B12,200,repeating_units_slats_regular_1,384PP_AQ_BP
layer1-slat8-up-copy2_h2_staple_9,sw_src009,{A13;B13;C13;D13},B12,200,repeating_units_slats_regular_1,384PP_AQ_BP
layer1-slat8-up-copy2_h2_staple_10,sw_src009,{A14;B14;C14;D14},B12,200,repeating_units_slats_regular_1,384PP_AQ_BP
layer1-slat8-up-copy2_h2_staple_11,sw_src009,{A15;B15;C15;D15},B12,200,repeating_units_slats_regular_1,384PP_AQ_BP
layer1-slat8-up-copy2_h2_staple_12,sw_src009,{A16;B16;C16;D16},B12,200,repeating_units_slats_regular_1,384PP_AQ_BP
layer1-slat8-up-copy2_h2_staple_13,sw_src009,{A17;B17;C17;D17},B12,200,repeating_units_slats_regular_1,384PP_AQ_BP
layer1-slat8-up-copy2_h2_staple_14,sw_src009,{A18;B18;C18;D18},B12,200,repeating_units_slats_regular_1,384PP_AQ_BP
layer1-slat8-up-copy2_h2_staple_15,sw_src009,{A19;B19;C19;D19},B12,200,repeating_units_slats_regular_1,384PP_AQ_BP
layer1-slat8-up-copy2_h2_staple_16,sw_src009,{A20;B20;C20;D20},B12,200,repeating_units_slats_regular_1,384PP_AQ_BP
layer1-slat8-up-copy2_h2_staple_17,sw_src009,{E5;F5;G5;H5},B12,200,repeating_units_slats_regular_1,384PP_AQ_BP
layer1-slat8-up-copy2_h2_staple_18,sw_src009,{E6;F6;G6;H6},B12,200,repeating_units_slats_regular_1,384PP_AQ_BP
layer1-slat8-up-copy2_h2_staple_19,sw_src009,{E7;F7;G7;H7},B12,200,repeating_units_slats_regular_1,384PP_AQ_BP
layer1-slat8-up-copy2_h2_staple_20,sw_src009,{E8;F8;G8;H8},B12,200,repeating_units_slats_regular_1,384PP_AQ_BP
layer1-slat8-up-copy2_h2_staple_21,sw_src009,{E9;F9;G9;H9},B12,200,repeating_units_slats_regular_1,384PP_AQ_BP
layer1-slat8-up-copy2_h2_staple_22,sw_src009,{E10;F10;G10;H10},B12,200,repeating_units_slats_regular_1,384PP_AQ_BP
layer1-slat8-up-copy2_h2_staple_23,sw_src009,{E11;F11;G11;H11},B12,200,repeating_units_slats_regular_1,384PP_AQ_BP
layer1-slat8-up-copy2_h2_staple_24,sw_src009,{E12;F12;G12;H12},B12,200,repeating_units_slats_regular_1,384PP_AQ_BP
layer1-slat8-up-copy2_h2_staple_25,sw_src009,{E13;F13;G13;H13},B12,200,repeating_units_slats_regular_1,384PP_AQ_BP
layer1-slat8-up-copy2_h2_staple_26,sw_src009,{E14;F14;G14;H14},B12,200,repeating_units_slats_regular_1,384PP_AQ_BP
layer1-slat8-up-copy2_h2_staple_27,sw_src009,{E15;F15;G15;H15},B12,200,repeating_units_slats_regular_1,384PP_AQ_BP
layer1-slat8-up-copy2_h2_staple_28,sw_src009,{E16;F16;G16;H16},B12,200,repeating_units_slats_regular_1,384PP_AQ_BP
layer1-slat8-up-copy2_h2_staple_29,sw_src009,{E17;F17;G17;H17},B12,200,repeating_units_slats_regular_1,384PP_AQ_BP
layer1-slat8-up-copy2_h2_staple_30,sw_src009,{E18;F18;G18;H18},B12,200,repeating_units_slats_regular_1,384PP_AQ_BP
layer1-slat8-up-copy2_h2_staple_31,sw_src009,{E19;F19;G19;H19},B12,200,repeating_units_slats_regular_1,384PP_AQ_BP
layer1-slat8-up-copy2_h2_staple_32,sw_src009,{E20;F20;G20;H20},B12,200,repeating_units_slats_regular_1,384PP_AQ_BP
layer1-slat8-up-copy2_h5_staple_1,P3652_MA,A15,B12,375,repeating_units_slats_regular_1,384PP_AQ_BP
layer1-slat8-up-copy2_h5_staple_2,P3649_MA,C15,B12,375,repeating_units_slats_regular_1,384PP_AQ_BP
layer1-slat8-up-copy2_h5_staple_3,P3652_MA,C18,B12,375,repeating_units_slats_regular_1,384PP_AQ_BP
layer1-slat8-up-copy2_h5_staple_4,P3652_MA,F4,B12,375,repeating_units_slats_regular_1,384PP_AQ_BP
layer1-slat8-up-copy2_h5_staple_5,P3649_MA,F20,B12,375,repeating_units_slats_regular_1,384PP_AQ_BP
layer1-slat8-up-copy2_h5_staple_6,P3652_MA,G23,B12,375,repeating_units_slats_regular_1,384PP_AQ_BP
layer1-slat8-up-copy2_h5_staple_7,P3649_MA,I1,B12,375,repeating_units_slats_regular_1,384PP_AQ_BP
layer1-slat8-up-copy2_h5_staple_8,P3649_MA,K11,B12,375,repeating_units_slats_regular_1,384PP_AQ_BP
layer1-slat8-up-copy2_h5_staple_9,P3652_MA,L1,B12,375,repeating_units_slats_regular_1,384PP_AQ_BP
layer1-slat8-up-copy2_h5_staple_10,P3649_MA,M21,B12,375,repeating_units_slats_regular_1,384PP_AQ_BP
layer1-slat8-up-copy2_h5_staple_11,P3649_MA,O3,B12,375,repeating_units_slats_regular_1,384PP_AQ_BP
layer1-slat8-up-copy2_h5_staple_12,P3652_MA,P16,B12,375,repeating_units_slats_regular_1,384PP_AQ_BP
layer1-slat8-up-copy2_h5_staple_13,P3653_MA,A11,B12,375,repeating_units_slats_regular_1,384PP_AQ_BP
layer1-slat8-up-copy2_h5_staple_14,P3653_MA,B11,B12,375,repeating_units_slats_regular_1,384PP_AQ_BP
layer1-slat8-up-copy2_h5_staple_15,P3650_MA,D19,B12,375,repeating_units_slats_regular_1,384PP_AQ_BP
layer1-slat8-up-copy2_h5_staple_16,P3650_MA,E17,B12,375,repeating_units_slats_regular_1,384PP_AQ_BP
layer1-slat8-up-copy2_h5_staple_17,P3650_MA,G3,B12,375,repeating_units_slats_regular_1,384PP_AQ_BP
layer1-slat8-up-copy2_h5_staple_18,P3653_MA,G24,B12,375,repeating_units_slats_regular_1,384PP_AQ_BP
layer1-slat8-up-copy2_h5_staple_19,P3650_MA,I12,B12,375,repeating_units_slats_regular_1,384PP_AQ_BP
layer1-slat8-up-copy2_h5_staple_20,P3653_MA,J19,B12,375,repeating_units_slats_regular_1,384PP_AQ_BP
layer1-slat8-up-copy2_h5_staple_21,P3653_MA,K21,B12,375,repeating_units_slats_regular_1,384PP_AQ_BP
layer1-slat8-up-copy2_h5_staple_22,P3650_MA,N7,B12,375,repeating_units_slats_regular_1,384PP_AQ_BP
layer1-slat8-up-copy2_h5_staple_23,P3653_MA,N9,B12,375,repeating_units_slats_regular_1,384PP_AQ_BP
layer1-slat8-up-copy2_h5_staple_24,P3650_MA,P7,B12,375,repeating_units_slats_regular_1,384PP_AQ_BP
layer1-slat8-up-copy2_h5_staple_25,P3654_MA,A18,B12,375,repeating_units_slats_regular_1,384PP_AQ_BP
layer1-slat8-up-copy2_h5_staple_26,P3651_MA,C6,B12,375,repeating_units_slats_regular_1,384PP_AQ_BP
layer1-slat8-up-copy2_h5_staple_27,P3651_MA,C19,B12,375,repeating_units_slats_regular_1,384PP_AQ_BP
layer1-slat8-up-copy2_h5_staple_28,P3654_MA,E15,B12,375,repeating_units_slats_regular_1,384PP_AQ_BP
layer1-slat8-up-copy2_h5_staple_29,P3654_MA,G9,B12,375,repeating_units_slats_regular_1,384PP_AQ_BP
layer1-slat8-up-copy2_h5_staple_30,P3654_MA,G17,B12,375,repeating_units_slats_regular_1,384PP_AQ_BP
layer1-slat8-up-copy2_h5_staple_31,P3651_MA,I4,B12,375,repeating_units_slats_regular_1,384PP_AQ_BP
layer1-slat8-up-copy2_h5_staple_32,P3654_MA,J13,B12,375,repeating_units_slats_regular_1,384PP_AQ_BP
layer1-slat9-up-copy2_h2_staple_1,sw_src009,{A5;B5;C5;D5},C1,200,repeating_units_slats_regular_1,384PP_AQ_BP
layer1-slat9-up-copy2_h2_staple_2,sw_src009,{A6;B6;C6;D6},C1,200,repeating_units_slats_regular_1,384PP_AQ_BP
layer1-slat9-up-copy2_h2_staple_3,sw_src009,{A7;B7;C7;D7},C1,200,repeating_units_slats_regular_1,384PP_AQ_BP
layer1-slat9-up-copy2_h2_staple_4,sw_src009,{A8;B8;C8;D8},C1,200,repeating_units_slats_regular_1,384PP_AQ_BP
layer1-slat9-up-copy2_h2_staple_5,sw_src009,{A9;B9;C9;D9},C1,200,repeating_units_slats_regular_1,384PP_AQ_BP
layer1-slat9-up-copy2_h2_staple_6,sw_src009,{A10;B10;C10;D10},C1,200,repeating_units_slats_regular_1,384PP_AQ_BP
layer1-slat9-up-copy2_h2_staple_7,sw_src009,{A11;B11;C11;D11},C1,200,repeating_units_slats_regular_1,384PP_AQ_BP
layer1-slat9-up-copy2_h2_staple_8,sw_src009,{A12;B12;C12;D12},C1,200,repeating_units_slats_regular_1,384PP_AQ_BP
layer1-slat9-up-copy2_h2_staple_9,sw_src009,{A13;B13;C13;D13},C1,200,repeating_units_slats_regular_1,384PP_AQ_BP
layer1-slat9-up-copy2_h2_staple_10,sw_src009,{A14;B14;C14;D14},C1,200,repeating_units_slats_regular_1,384PP_AQ_BP
layer1-slat9-up-copy2_h2_staple_11,sw_src009,{A15;B15;C15;D15},C1,200,repeating_units_slats_regular_1,384PP_AQ_BP
layer1-slat9-up-copy2_h2_staple_12,sw_src009,{A16;B16;C16;D16},C1,200,repeating_units_slats_regular_1,384PP_AQ_BP
layer1-slat9-up-copy2_h2_staple_13,sw_src009,{A17;B17;C17;D17},C1,200,repeating_units_slats_regular_1,384PP_AQ_BP
layer1-slat9-up-copy2_h2_staple_14,sw_src009,{A18;B18;C18;D18},C1,200,repeating_units_slats_regular_1,384PP_AQ_BP
layer1-slat9-up-copy2_h2_staple_15,sw_src009,{A19;B19;C19;D19},C1,200,repeating_units_slats_regular_1,384PP_AQ_BP
layer1-slat9-up-copy2_h2_staple_16,sw_src009,{A20;B20;C20;D20},C1,200,repeating_units_slats_regular_1,384PP_AQ_BP
layer1-slat9-up-copy2_h2_staple_17,sw_src009,{E5;F5;G5;H5},C1,200,repeating_units_slats_regular_1,384PP_AQ_BP
layer1-slat9-up-copy2_h2_staple_18,sw_src009,{E6;F6;G6;H6},C1,200,repeating_units_slats_regular_1,384PP_AQ_BP
layer1-slat9-up-copy2_h2_staple_19,sw_src009,{E7;F7;G7;H7},C1,200,repeating_units_slats_regular_1,384PP_AQ_BP
layer1-slat9-up-copy2_h2_staple_20,sw_src009,{E8;F8;G8;H8},C1,200,repeating_units_slats_regular_1,384PP_AQ_BP
layer1-slat9-up-copy2_h2_staple_21,sw_src009,{E9;F9;G9;H9},C1,200,repeating_units_slats_regular_1,384PP_AQ_BP
layer1-slat9-up-copy2_h2_staple_22,sw_src009,{E10;F10;G10;H10},C1,200,repeating_units_slats_regular_1,384PP_AQ_BP
layer1-slat9-up-copy2_h2_staple_23,sw_src009,{E11;F11;G11;H11},C1,200,repeating_units_slats_regular_1,384PP_AQ_BP
layer1-slat9-up-copy2_h2_staple_24,sw_src009,{E12;F12;G12;H12},C1,200,repeating_units_slats_regular_1,384PP_AQ_BP
layer1-slat9-up-copy2_h2_staple_25,sw_src009,{E13;F13;G13;H13},C1,200,repeating_units_slats_regular_1,384PP_AQ_BP
layer1-slat9-up-copy2_h2_staple_26,sw_src009,{E14;F14;G14;H14},C1,200,repeating_units_slats_regular_1,384PP_AQ_BP
layer1-slat9-up-copy2_h2_staple_27,sw_src009,{E15;F15;G15;H15},C1,200,repeating_units_slats_regular_1,384PP_AQ_BP
layer1-slat9-up-copy2_h2_staple_28,sw_src009,{E16;F16;G16;H16},C1,200,repeating_units_slats_regular_1,384PP_AQ_BP
layer1-slat9-up-copy2_h2_staple_29,sw_src009,{E17;F17;G17;H17},C1,200,repeating_units_slats_regular_1,384PP_AQ_BP
layer1-slat9-up-copy2_h2_staple_30,sw_src009,{E18;F18;G18;H18},C1,200,repeating_units_slats_regular_1,384PP_AQ_BP
layer1-slat9-up-copy2_h2_staple_31,sw_src009,{E19;F19;G19;H19},C1,200,repeating_units_slats_regular_1,384PP_AQ_BP
layer1-slat9-up-copy2_h2_staple_32,sw_src009,{E20;F20;G20;H20},C1,200,repeating_units_slats_regular_1,384PP_AQ_BP
layer1-slat9-up-copy2_h5_staple_1,P3652_MA,A11,C1,375,repeating_units_slats_regular_1,384PP_AQ_BP
layer1-slat9-up-copy2_h5_staple_2,P3652_MA,B20,C1,375,repeating_units_slats_regular_1,384PP_AQ_BP
layer1-slat9-up-copy2_h5_staple_3,P3649_MA,D21,C1,375,repeating_units_slats_regular_1,384PP_AQ_BP
layer1-slat9-up-copy2_h5_staple_4,P3649_MA,E9,C1,375,repeating_units_slats_regular_1,384PP_AQ_BP
layer1-slat9-up-copy2_h5_staple_5,P3649_MA,F17,C1,375,repeating_units_slats_regular_1,384PP_AQ_BP
layer1-slat9-up-copy2_h5_staple_6,P3649_MA,H13,C1,375,repeating_units_slats_regular_1,384PP_AQ_BP
layer1-slat9-up-copy2_h5_staple_7,P3652_MA,I21,C1,375,repeating_units_slats_regular_1,384PP_AQ_BP
layer1-slat9-up-copy2_h5_staple_8,P3649_MA,J19,C1,375,repeating_units_slats_regular_1,384PP_AQ_BP
layer1-slat9-up-copy2_h5_staple_9,P3649_MA,L22,C1,375,repeating_units_slats_regular_1,384PP_AQ_BP
layer1-slat9-up-copy2_h5_staple_10,P3652_MA,M12,C1,375,repeating_units_slats_regular_1,384PP_AQ_BP
layer1-slat9-up-copy2_h5_staple_11,P3652_MA,O3,C1,375,repeating_units_slats_regular_1,384PP_AQ_BP
layer1-slat9-up-copy2_h5_staple_12,P3652_MA,P23,C1,375,repeating_units_slats_regular_1,384PP_AQ_BP
layer1-slat9-up-copy2_h5_staple_13,P3653_MA,B2,C1,375,repeating_units_slats_regular_1,384PP_AQ_BP
layer1-slat9-up-copy2_h5_staple_14,P3653_MA,B14,C1,375,repeating_units_slats_regular_1,384PP_AQ_BP
layer1-slat9-up-copy2_h5_staple_15,P3650_MA,D19,C1,375,repeating_units_slats_regular_1,384PP_AQ_BP
layer1-slat9-up-copy2_h5_staple_16,P3650_MA,F1,C1,375,repeating_units_slats_regular_1,384PP_AQ_BP
layer1-slat9-up-copy2_h5_staple_17,P3653_MA,G13,C1,375,repeating_units_slats_regular_1,384PP_AQ_BP
layer1-slat9-up-copy2_h5_staple_18,P3653_MA,H5,C1,375,repeating_units_slats_regular_1,384PP_AQ_BP
layer1-slat9-up-copy2_h5_staple_19,P3650_MA,I9,C1,375,repeating_units_slats_regular_1,384PP_AQ_BP
layer1-slat9-up-copy2_h5_staple_20,P3653_MA,K13,C1,375,repeating_units_slats_regular_1,384PP_AQ_BP
layer1-slat9-up-copy2_h5_staple_21,P3650_MA,K19,C1,375,repeating_units_slats_regular_1,384PP_AQ_BP
layer1-slat9-up-copy2_h5_staple_22,P3653_MA,N1,C1,375,repeating_units_slats_regular_1,384PP_AQ_BP
layer1-slat9-up-copy2_h5_staple_23,P3653_MA,O12,C1,375,repeating_units_slats_regular_1,384PP_AQ_BP
layer1-slat9-up-copy2_h5_staple_24,P3650_MA,P5,C1,375,repeating_units_slats_regular_1,384PP_AQ_BP
layer1-slat9-up-copy2_h5_staple_25,P3654_MA,B1,C1,375,repeating_units_slats_regular_1,384PP_AQ_BP
layer1-slat9-up-copy2_h5_staple_26,P3654_MA,B13,C1,375,repeating_units_slats_regular_1,384PP_AQ_BP
layer1-slat9-up-copy2_h5_staple_27,P3654_MA,C17,C1,375,repeating_units_slats_regular_1,384PP_AQ_BP
layer1-slat9-up-copy2_h5_staple_28,P3654_MA,F2,C1,375,repeating_units_slats_regular_1,384PP_AQ_BP
layer1-slat9-up-copy2_h5_staple_29,P3654_MA,G5,C1,375,repeating_units_slats_regular_1,384PP_AQ_BP
layer1-slat9-up-copy2_h5_staple_30,P3654_MA,H24,C1,375,repeating_units_slats_regular_1,384PP_AQ_BP
layer1-slat9-up-copy2_h5_staple_31,P3654_MA,I2,C1,375,repeating_units_slats_regular_1,384PP_AQ_BP
layer1-slat9-up-copy2_h5_staple_32,P3654_MA,K4,C1,375,repeating_units_slats_regular_1,384PP_AQ_BP
layer1-slat10-up-copy2_h2_staple_1,sw_src009,{A5;B5;C5;D5},C2,200,repeating_units_slats_regular_1,384PP_AQ_BP
layer1-slat10-up-copy2_h2_staple_2,sw_src009,{A6;B6;C6;D6},C2,200,repeating_units_slats_regular_1,384PP_AQ_BP
layer1-slat10-up-copy2_h2_staple_3,sw_src009,{A7;B7;C7;D7},C2,200,repeating_units_slats_regular_1,384PP_AQ_BP
layer1-slat10-up-copy2_h2_staple_4,sw_src009,{A8;B8;C8;D8},C2,200,repeating_units_slats_regular_1,384PP_AQ_BP
layer1-slat10-up-copy2_h2_staple_5,sw_src009,{A9;B9;C9;D9},C2,200,repeating_units_slats_regular_1,384PP_AQ_BP
layer1-slat10-up-copy2_h2_staple_6,sw_src009,{A10;B10;C10;D10},C2,200,repeating_units_slats_regular_1,384PP_AQ_BP
layer1-slat10-up-copy2_h2_staple_7,sw_src009,{A11;B11;C11;D11},C2,200,repeating_units_slats_regular_1,384PP_AQ_BP
layer1-slat10-up-copy2_h2_staple_8,sw_src009,{A12;B12;C12;D12},C2,200,repeating_units_slats_regular_1,384PP_AQ_BP
layer1-slat10-up-copy2_h2_staple_9,sw_src009,{A13;B13;C13;D13},C2,200,repeating_units_slats_regular_1,384PP_AQ_BP
layer1-slat10-up-copy2_h2_staple_10,sw_src009,{A14;B14;C14;D14},C2,200,repeating_units_slats_regular_1,384PP_AQ_BP
layer1-slat10-up-copy2_h2_staple_11,sw_src009,{A15;B15;C15;D15},C2,200,repeating_units_slats_regular_1,384PP_AQ_BP
layer1-slat10-up-copy2_h2_staple_12,sw_src009,{A16;B16;C16;D16},C2,200,repeating_units_slats_regular_1,384PP_AQ_BP
layer1-slat10-up-copy2_h2_staple_13,sw_src009,{A17;B17;C17;D17},C2,200,repeating_units_slats_regular_1,384PP_AQ_BP
layer1-slat10-up-copy2_h2_staple_14,sw_src009,{A18;B18;C18;D18},C2,200,repeating_units_slats_regular_1,384PP_AQ_BP
layer1-slat10-up-copy2_h2_staple_15,sw_src009,{A19;B19;C19;D19},C2,200,repeating_units_slats_regular_1,384PP_AQ_BP
layer1-slat10-up-copy2_h2_staple_16,sw_src009,{A20;B20;C20;D20},C2,200,repeating_units_slats_regular_1,384PP_AQ_BP
layer1-slat10-up-copy2_h2_staple_17,sw_src009,{E5;F5;G5;H5},C2,200,repeating_units_slats_regular_1,384PP_AQ_BP
layer1-slat10-up-copy2_h2_staple_18,sw_src009,{E6;F6;G6;H6},C2,200,repeating_units_slats_regular_1,384PP_AQ_BP
layer1-slat10-up-copy2_h2_staple_19,sw_src009,{E7;F7;G7;H7},C2,200,repeating_units_slats_regular_1,384PP_AQ_BP
layer1-slat10-up-copy2_h2_staple_20,sw_src009,{E8;F8;G8;H8},C2,200,repeating_units_slats_regular_1,384PP_AQ_BP
layer1-slat10-up-copy2_h2_staple_21,sw_src009,{E9;F9;G9;H9},C2,200,repeating_units_slats_regular_1,384PP_AQ_BP
layer1-slat10-up-copy2_h2_staple_22,sw_src009,{E10;F10;G10;H10},C2,200,repeating_units_slats_regular_1,384PP_AQ_BP
layer1-slat10-up-copy2_h2_staple_23,sw_src009,{E11;F11;G11;H11},C2,200,repeating_units_slats_regular_1,384PP_AQ_BP
layer1-slat10-up-copy2_h2_staple_24,sw_src009,{E12;F12;G12;H12},C2,200,repeating_units_slats_regular_1,384PP_AQ_BP
layer1-slat10-up-copy2_h2_staple_25,sw_src009,{E13;F13;G13;H13},C2,200,repeating_units_slats_regular_1,384PP_AQ_BP
layer1-slat10-up-copy2_h2_staple_26,sw_src009,{E14;F14;G14;H14},C2,200,repeating_units_slats_regular_1,384PP_AQ_BP
layer1-slat10-up-copy2_h2_staple_27,sw_src009,{E15;F15;G15;H15},C2,200,repeating_units_slats_regular_1,384PP_AQ_BP
layer1-slat10-up-copy2_h2_staple_28,sw_src009,{E16;F16;G16;H16},C2,200,repeating_units_slats_regular_1,384PP_AQ_BP
layer1-slat10-up-copy2_h2_staple_29,sw_src009,{E17;F17;G17;H17},C2,200,repeating_units_slats_regular_1,384PP_AQ_BP
layer1-slat10-up-copy2_h2_staple_30,sw_src009,{E18;F18;G18;H18},C2,200,repeating_units_slats_regular_1,384PP_AQ_BP
layer1-slat10-up-copy2_h2_staple_31,sw_src009,{E19;F19;G19;H19},C2,200,repeating_units_slats_regular_1,384PP_AQ_BP
layer1-slat10-up-copy2_h2_staple_32,sw_src009,{E20;F20;G20;H20},C2,200,repeating_units_slats_regular_1,384PP_AQ_BP
layer1-slat10-up-copy2_h5_staple_1,P3652_MA,A6,C2,375,repeating_units_slats_regular_1,384PP_AQ_BP
layer1-slat10-up-copy2_h5_staple_2,P3652_MA,B17,C2,375,repeating_units_slats_regular_1,384PP_AQ_BP
layer1-slat10-up-copy2_h5_staple_3,P3652_MA,D22,C2,375,repeating_units_slats_regular_1,384PP_AQ_BP
layer1-slat10-up-copy2_h5_staple_4,P3649_MA,F2,C2,375,repeating_units_slats_regular_1,384PP_AQ_BP
layer1-slat10-up-copy2_h5_staple_5,P3649_MA,F15,C2,375,repeating_units_slats_regular_1,384PP_AQ_BP
layer1-slat10-up-copy2_h5_staple_6,P3652_MA,H17,C2,375,repeating_units_slats_regular_1,384PP_AQ_BP
layer1-slat10-up-copy2_h5_staple_7,P3649_MA,I3,C2,375,repeating_units_slats_regular_1,384PP_AQ_BP
layer1-slat10-up-copy2_h5_staple_8,P3652_MA,J14,C2,375,repeating_units_slats_regular_1,384PP_AQ_BP
layer1-slat10-up-copy2_h5_staple_9,P3652_MA,L11,C2,375,repeating_units_slats_regular_1,384PP_AQ_BP
layer1-slat10-up-copy2_h5_staple_10,P3649_MA,M8,C2,375,repeating_units_slats_regular_1,384PP_AQ_BP
layer1-slat10-up-copy2_h5_staple_11,P3652_MA,N24,C2,375,repeating_units_slats_regular_1,384PP_AQ_BP
layer1-slat10-up-copy2_h5_staple_12,P3649_MA,P4,C2,375,repeating_units_slats_regular_1,384PP_AQ_BP
layer1-slat10-up-copy2_h5_staple_13,P3653_MA,A1,C2,375,repeating_units_slats_regular_1,384PP_AQ_BP
layer1-slat10-up-copy2_h5_staple_14,P3653_MA,B18,C2,375,repeating_units_slats_regular_1,384PP_AQ_BP
layer1-slat10-up-copy2_h5_staple_15,P3650_MA,D15,C2,375,repeating_units_slats_regular_1,384PP_AQ_BP
layer1-slat10-up-copy2_h5_staple_16,P3653_MA,E4,C2,375,repeating_units_slats_regular_1,384PP_AQ_BP
layer1-slat10-up-copy2_h5_staple_17,P3650_MA,G2,C2,375,repeating_units_slats_regular_1,384PP_AQ_BP
layer1-slat10-up-copy2_h5_staple_18,P3653_MA,H15,C2,375,repeating_units_slats_regular_1,384PP_AQ_BP
layer1-slat10-up-copy2_h5_staple_19,P3650_MA,J2,C2,375,repeating_units_slats_regular_1,384PP_AQ_BP
layer1-slat10-up-copy2_h5_staple_20,P3653_MA,J17,C2,375,repeating_units_slats_regular_1,384PP_AQ_BP
layer1-slat10-up-copy2_h5_staple_21,P3653_MA,L12,C2,375,repeating_units_slats_regular_1,384PP_AQ_BP
layer1-slat10-up-copy2_h5_staple_22,P3650_MA,M11,C2,375,repeating_units_slats_regular_1,384PP_AQ_BP
layer1-slat10-up-copy2_h5_staple_23,P3650_MA,O4,C2,375,repeating_units_slats_regular_1,384PP_AQ_BP
layer1-slat10-up-copy2_h5_staple_24,P3653_MA,P19,C2,375,repeating_units_slats_regular_1,384PP_AQ_BP
layer1-slat10-up-copy2_h5_staple_25,P3654_MA,A19,C2,375,repeating_units_slats_regular_1,384PP_AQ_BP
layer1-slat10-up-copy2_h5_staple_26,P3651_MA,C10,C2,375,repeating_units_slats_regular_1,384PP_AQ_BP
layer1-slat10-up-copy2_h5_staple_27,P3654_MA,D22,C2,375,repeating_units_slats_regular_1,384PP_AQ_BP
layer1-slat10-up-copy2_h5_staple_28,P3654_MA,E11,C2,375,repeating_units_slats_regular_1,384PP_AQ_BP
layer1-slat10-up-copy2_h5_staple_29,P3651_MA,G12,C2,375,repeating_units_slats_regular_1,384PP_AQ_BP
layer1-slat10-up-copy2_h5_staple_30,P3651_MA,H17,C2,375,repeating_units_slats_regular_1,384PP_AQ_BP
layer1-slat10-up-copy2_h5_staple_31,P3654_MA,J5,C2,375,repeating_units_slats_regular_1,384PP_AQ_BP
layer1-slat10-up-copy2_h5_staple_32,P3651_MA,J23,C2,375,repeating_units_slats_regular_1,384PP_AQ_BP
layer1-slat11-up-copy2_h2_staple_1,sw_src009,{A5;B5;C5;D5},C3,200,repeating_units_slats_regular_1,384PP_AQ_BP
layer1-slat11-up-copy2_h2_staple_2,sw_src009,{A6;B6;C6;D6},C3,200,repeating_units_slats_regular_1,384PP_AQ_BP
layer1-slat11-up-copy2_h2_staple_3,sw_src009,{A7;B7;C7;D7},C3,200,repeating_units_slats_regular_1,384PP_AQ_BP
layer1-slat11-up-copy2_h2_staple_4,sw_src009,{A8;B8;C8;D8},C3,200,repeating_units_slats_regular_1,384PP_AQ_BP
layer1-slat11-up-copy2_h2_staple_5,sw_src009,{A9;B9;C9;D9},C3,200,repeating_units_slats_regular_1,384PP_AQ_BP
layer1-slat11-up-copy2_h2_staple_6,sw_src009,{A10;B10;C10;D10},C3,200,repeating_units_slats_regular_1,384PP_AQ_BP
layer1-slat11-up-copy2_h2_staple_7,sw_src009,{A11;B11;C11;D11},C3,200,repeating_units_slats_regular_1,384PP_AQ_BP
layer1-slat11-up-copy2_h2_staple_8,sw_src009,{A12;B12;C12;D12},C3,200,repeating_units_slats_regular_1,384PP_AQ_BP
layer1-slat11-up-copy2_h2_staple_9,sw_src009,{A13;B13;C13;D13},C3,200,repeating_units_slats_regular_1,384PP_AQ_BP
layer1-slat11-up-copy2_h2_staple_10,sw_src009,{A14;B14;C14;D14},C3,200,repeating_units_slats_regular_1,384PP_AQ_BP
layer1-slat11-up-copy2_h2_staple_11,sw_src009,{A15;B15;C15;D15},C3,200,repeating_units_slats_regular_1,384PP_AQ_BP
layer1-slat11-up-copy2_h2_staple_12,sw_src009,{A16;B16;C16;D16},C3,200,repeating_units_slats_regular_1,384PP_AQ_BP
layer1-slat11-up-copy2_h2_staple_13,sw_src009,{A17;B17;C17;D17},C3,200,repeating_units_slats_regular_1,384PP_AQ_BP
layer1-slat11-up-copy2_h2_staple_14,sw_src009,{A18;B18;C18;D18},C3,200,repeating_units_slats_regular_1,384PP_AQ_BP
layer1-slat11-up-copy2_h2_staple_15,sw_src009,{A19;B19;C19;D19},C3,200,repeating_units_slats_regular_1,384PP_AQ_BP
layer1-slat11-up-copy2_h2_staple_16,sw_src009,{A20;B20;C20;D20},C3,200,repeating_units_slats_regular_1,384PP_AQ_BP
layer1-slat11-up-copy2_h2_staple_17,sw_src009,{E5;F5;G5;H5},C3,200,repeating_units_slats_regular_1,384PP_AQ_BP
layer1-slat11-up-copy2_h2_staple_18,sw_src009,{E6;F6;G6;H6},C3,200,repeating_units_slats_regular_1,384PP_AQ_BP
layer1-slat11-up-copy2_h2_staple_19,sw_src009,{E7;F7;G7;H7},C3,200,repeating_units_slats_regular_1,384PP_AQ_BP
layer1-slat11-up-copy2_h2_staple_20,sw_src009,{E8;F8;G8;H8},C3,200,repeating_units_slats_regular_1,384PP_AQ_BP
layer1-slat11-up-copy2_h2_staple_21,sw_src009,{E9;F9;G9;H9},C3,200,repeating_units_slats_regular_1,384PP_AQ_BP
layer1-slat11-up-copy2_h2_staple_22,sw_src009,{E10;F10;G10;H10},C3,200,repeating_units_slats_regular_1,384PP_AQ_BP
layer1-slat11-up-copy2_h2_staple_23,sw_src009,{E11;F11;G11;H11},C3,200,repeating_units_slats_regular_1,384PP_AQ_BP
layer1-slat11-up-copy2_h2_staple_24,sw_src009,{E12;F12;G12;H12},C3,200,repeating_units_slats_regular_1,384PP_AQ_BP
layer1-slat11-up-copy2_h2_staple_25,sw_src009,{E13;F13;G13;H13},C3,200,repeating_units_slats_regular_1,384PP_AQ_BP
layer1-slat11-up-copy2_h2_staple_26,sw_src009,{E14;F14;G14;H14},C3,200,repeating_units_slats_regular_1,384PP_AQ_BP
layer1-slat11-up-copy2_h2_staple_27,sw_src009,{E15;F15;G15;H15},C3,200,repeating_units_slats_regular_1,384PP_AQ_BP
layer1-slat11-up-copy2_h2_staple_28,sw_src009,{E16;F16;G16;H16},C3,200,repeating_units_slats_regular_1,384PP_AQ_BP
layer1-slat11-up-copy2_h2_staple_29,sw_src009,{E17;F17;G17;H17},C3,200,repeating_units_slats_regular_1,384PP_AQ_BP
layer1-slat11-up-copy2_h2_staple_30,sw_src009,{E18;F18;G18;H18},C3,200,repeating_units_slats_regular_1,384PP_AQ_BP
layer1-slat11-up-copy2_h2_staple_31,sw_src009,{E19;F19;G19;H19},C3,200,repeating_units_slats_regular_1,384PP_AQ_BP
layer1-slat11-up-copy2_h2_staple_32,sw_src009,{E20;F20;G20;H20},C3,200,repeating_units_slats_regular_1,384PP_AQ_BP
layer1-slat11-up-copy2_h5_staple_1,P3649_MA,A2,C3,375,repeating_units_slats_regular_1,384PP_AQ_BP
layer1-slat11-up-copy2_h5_staple_2,P3652_MA,C7,C3,375,repeating_units_slats_regular_1,384PP_AQ_BP
layer1-slat11-up-copy2_h5_staple_3,P3649_MA,C23,C3,375,repeating_units_slats_regular_1,384PP_AQ_BP
layer1-slat11-up-copy2_h5_staple_4,P3652_MA,F7,C3,375,repeating_units_slats_regular_1,384PP_AQ_BP
layer1-slat11-up-copy2_h5_staple_5,P3649_MA,G8,C3,375,repeating_units_slats_regular_1,384PP_AQ_BP
layer1-slat11-up-copy2_h5_staple_6,P3649_MA,H9,C3,375,repeating_units_slats_regular_1,384PP_AQ_BP
layer1-slat11-up-copy2_h5_staple_7,P3649_MA,J7,C3,375,repeating_units_slats_regular_1,384PP_AQ_BP
layer1-slat11-up-copy2_h5_staple_8,P3652_MA,J12,C3,375,repeating_units_slats_regular_1,384PP_AQ_BP
layer1-slat11-up-copy2_h5_staple_9,P3649_MA,L11,C3,375,repeating_units_slats_regular_1,384PP_AQ_BP
layer1-slat11-up-copy2_h5_staple_10,P3649_MA,N8,C3,375,repeating_units_slats_regular_1,384PP_AQ_BP
layer1-slat11-up-copy2_h5_staple_11,P3652_MA,O12,C3,375,repeating_units_slats_regular_1,384PP_AQ_BP
layer1-slat11-up-copy2_h5_staple_12,P3652_MA,P12,C3,375,repeating_units_slats_regular_1,384PP_AQ_BP
layer1-slat11-up-copy2_h5_staple_13,P3650_MA,B1,C3,375,repeating_units_slats_regular_1,384PP_AQ_BP
layer1-slat11-up-copy2_h5_staple_14,P3650_MA,B14,C3,375,repeating_units_slats_regular_1,384PP_AQ_BP
layer1-slat11-up-copy2_h5_staple_15,P3650_MA,D18,C3,375,repeating_units_slats_regular_1,384PP_AQ_BP
layer1-slat11-up-copy2_h5_staple_16,P3650_MA,F4,C3,375,repeating_units_slats_regular_1,384PP_AQ_BP
layer1-slat11-up-copy2_h5_staple_17,P3650_MA,F18,C3,375,repeating_units_slats_regular_1,384PP_AQ_BP
layer1-slat11-up-copy2_h5_staple_18,P3653_MA,H12,C3,375,repeating_units_slats_regular_1,384PP_AQ_BP
layer1-slat11-up-copy2_h5_staple_19,P3650_MA,I18,C3,375,repeating_units_slats_regular_1,384PP_AQ_BP
layer1-slat11-up-copy2_h5_staple_20,P3653_MA,K11,C3,375,repeating_units_slats_regular_1,384PP_AQ_BP
layer1-slat11-up-copy2_h5_staple_21,P3650_MA,K17,C3,375,repeating_units_slats_regular_1,384PP_AQ_BP
layer1-slat11-up-copy2_h5_staple_22,P3653_MA,M17,C3,375,repeating_units_slats_regular_1,384PP_AQ_BP
layer1-slat11-up-copy2_h5_staple_23,P3653_MA,N14,C3,375,repeating_units_slats_regular_1,384PP_AQ_BP
layer1-slat11-up-copy2_h5_staple_24,P3653_MA,P1,C3,375,repeating_units_slats_regular_1,384PP_AQ_BP
layer1-slat11-up-copy2_h5_staple_25,P3654_MA,A17,C3,375,repeating_units_slats_regular_1,384PP_AQ_BP
layer1-slat11-up-copy2_h5_staple_26,P3651_MA,C2,C3,375,repeating_units_slats_regular_1,384PP_AQ_BP
layer1-slat11-up-copy2_h5_staple_27,P3651_MA,D6,C3,375,repeating_units_slats_regular_1,384PP_AQ_BP
layer1-slat11-up-copy2_h5_staple_28,P3651_MA,F2,C3,375,repeating_units_slats_regular_1,384PP_AQ_BP
layer1-slat11-up-copy2_h5_staple_29,P3654_MA,F17,C3,375,repeating_units_slats_regular_1,384PP_AQ_BP
layer1-slat11-up-copy2_h5_staple_30,P3651_MA,H2,C3,375,repeating_units_slats_regular_1,384PP_AQ_BP
layer1-slat11-up-copy2_h5_staple_31,P3654_MA,I18,C3,375,repeating_units_slats_regular_1,384PP_AQ_BP
layer1-slat11-up-copy2_h5_staple_32,P3651_MA,K9,C3,375,repeating_units_slats_regular_1,384PP_AQ_BP
layer1-slat12-up-copy2_h2_staple_1,sw_src009,{A5;B5;C5;D5},C4,200,repeating_units_slats_regular_1,384PP_AQ_BP
layer1-slat12-up-copy2_h2_staple_2,sw_src009,{A6;B6;C6;D6},C4,200,repeating_units_slats_regular_1,384PP_AQ_BP
layer1-slat12-up-copy2_h2_staple_3,sw_src009,{A7;B7;C7;D7},C4,200,repeating_units_slats_regular_1,384PP_AQ_BP
layer1-slat12-up-copy2_h2_staple_4,sw_src009,{A8;B8;C8;D8},C4,200,repeating_units_slats_regular_1,384PP_AQ_BP
layer1-slat12-up-copy2_h2_staple_5,sw_src009,{A9;B9;C9;D9},C4,200,repeating_units_slats_regular_1,384PP_AQ_BP
layer1-slat12-up-copy2_h2_staple_6,sw_src009,{A10;B10;C10;D10},C4,200,repeating_units_slats_regular_1,384PP_AQ_BP
layer1-slat12-up-copy2_h2_staple_7,sw_src009,{A11;B11;C11;D11},C4,200,repeating_units_slats_regular_1,384PP_AQ_BP
layer1-slat12-up-copy2_h2_staple_8,sw_src009,{A12;B12;C12;D12},C4,200,repeating_units_slats_regular_1,384PP_AQ_BP
layer1-slat12-up-copy2_h2_staple_9,sw_src009,{A13;B13;C13;D13},C4,200,repeating_units_slats_regular_1,384PP_AQ_BP
layer1-slat12-up-copy2_h2_staple_10,sw_src009,{A14;B14;C14;D14},C4,200,repeating_units_slats_regular_1,384PP_AQ_BP
layer1-slat12-up-copy2_h2_staple_11,sw_src009,{A15;B15;C15;D15},C4,200,repeating_units_slats_regular_1,384PP_AQ_BP
layer1-slat12-up-copy2_h2_staple_12,sw_src009,{A16;B16;C16;D16},C4,200,repeating_units_slats_regular_1,384PP_AQ_BP
layer1-slat12-up-copy2_h2_staple_13,sw_src009,{A17;B17;C17;D17},C4,200,repeating_units_slats_regular_1,384PP_AQ_BP
layer1-slat12-up-copy2_h2_staple_14,sw_src009,{A18;B18;C18;D18},C4,200,repeating_units_slats_regular_1,384PP_AQ_BP
layer1-slat12-up-copy2_h2_staple_15,sw_src009,{A19;B19;C19;D19},C4,200,repeating_units_slats_regular_1,384PP_AQ_BP
layer1-slat12-up-copy2_h2_staple_16,sw_src009,{A20;B20;C20;D20},C4,200,repeating_units_slats_regular_1,384PP_AQ_BP
layer1-slat12-up-copy2_h2_staple_17,sw_src009,{E5;F5;G5;H5},C4,200,repeating_units_slats_regular_1,384PP_AQ_BP
layer1-slat12-up-copy2_h2_staple_18,sw_src009,{E6;F6;G6;H6},C4,200,repeating_units_slats_regular_1,384PP_AQ_BP
layer1-slat12-up-copy2_h2_staple_19,sw_src009,{E7;F7;G7;H7},C4,200,repeating_units_slats_regular_1,384PP_AQ_BP
layer1-slat12-up-copy2_h2_staple_20,sw_src009,{E8;F8;G8;H8},C4,200,repeating_units_slats_regular_1,384PP_AQ_BP
layer1-slat12-up-copy2_h2_staple_21,sw_src009,{E9;F9;G9;H9},C4,200,repeating_units_slats_regular_1,384PP_AQ_BP
layer1-slat12-up-copy2_h2_staple_22,sw_src009,{E10;F10;G10;H10},C4,200,repeating_units_slats_regular_1,384PP_AQ_BP
layer1-slat12-up-copy2_h2_staple_23,sw_src009,{E11;F11;G11;H11},C4,200,repeating_units_slats_regular_1,384PP_AQ_BP
layer1-slat12-up-copy2_h2_staple_24,sw_src009,{E12;F12;G12;H12},C4,200,repeating_units_slats_regular_1,384PP_AQ_BP
layer1-slat12-up-copy2_h2_staple_25,sw_src009,{E13;F13;G13;H13},C4,200,repeating_units_slats_regular_1,384PP_AQ_BP
layer1-slat12-up-copy2_h2_staple_26,sw_src009,{E14;F14;G14;H14},C4,200,repeating_units_slats_regular_1,384PP_AQ_BP
layer1-slat12-up-copy2_h2_staple_27,sw_src009,{E15;F15;G15;H15},C4,200,repeating_units_slats_regular_1,384PP_AQ_BP
layer1-slat12-up-copy2_h2_staple_28,sw_src009,{E16;F16;G16;H16},C4,200,repeating_units_slats_regular_1,384PP_AQ_BP
layer1-slat12-up-copy2_h2_staple_29,sw_src009,{E17;F17;G17;H17},C4,200,repeating_units_slats_regular_1,384PP_AQ_BP
layer1-slat12-up-copy2_h2_staple_30,sw_src009,{E18;F18;G18;H18},C4,200,repeating_units_slats_regular_1,384PP_AQ_BP
layer1-slat12-up-copy2_h2_staple_31,sw_src009,{E19;F19;G19;H19},C4,200,repeating_units_slats_regular_1,384PP_AQ_BP
layer1-slat12-up-copy2_h2_staple_32,sw_src009,{E20;F20;G20;H20},C4,200,repeating_units_slats_regular_1,384PP_AQ_BP
layer1-slat12-up-copy2_h5_staple_1,P3652_MA,A14,C4,375,repeating_units_slats_regular_1,384PP_AQ_BP
layer1-slat12-up-copy2_h5_staple_2,P3649_MA,C16,C4,375,repeating_units_slats_regular_1,384PP_AQ_BP
layer1-slat12-up-copy2_h5_staple_3,P3649_MA,D17,C4,375,repeating_units_slats_regular_1,384PP_AQ_BP
layer1-slat12-up-copy2_h5_staple_4,P3649_MA,F7,C4,375,repeating_units_slats_regular_1,384PP_AQ_BP
layer1-slat12-up-copy2_h5_staple_5,P3649_MA,G8,C4,375,repeating_units_slats_regular_1,384PP_AQ_BP
layer1-slat12-up-copy2_h5_staple_6,P3649_MA,H1,C4,375,repeating_units_slats_regular_1,384PP_AQ_BP
layer1-slat12-up-copy2_h5_staple_7,P3652_MA,J1,C4,375,repeating_units_slats_regular_1,384PP_AQ_BP
layer1-slat12-up-copy2_h5_staple_8,P3649_MA,J22,C4,375,repeating_units_slats_regular_1,384PP_AQ_BP
layer1-slat12-up-copy2_h5_staple_9,P3652_MA,L13,C4,375,repeating_units_slats_regular_1,384PP_AQ_BP
layer1-slat12-up-copy2_h5_staple_10,P3649_MA,M4,C4,375,repeating_units_slats_regular_1,384PP_AQ_BP
layer1-slat12-up-copy2_h5_staple_11,P3652_MA,O13,C4,375,repeating_units_slats_regular_1,384PP_AQ_BP
layer1-slat12-up-copy2_h5_staple_12,P3652_MA,O22,C4,375,repeating_units_slats_regular_1,384PP_AQ_BP
layer1-slat12-up-copy2_h5_staple_13,P3653_MA,A11,C4,375,repeating_units_slats_regular_1,384PP_AQ_BP
layer1-slat12-up-copy2_h5_staple_14,P3650_MA,C8,C4,375,repeating_units_slats_regular_1,384PP_AQ_BP
layer1-slat12-up-copy2_h5_staple_15,P3650_MA,D7,C4,375,repeating_units_slats_regular_1,384PP_AQ_BP
layer1-slat12-up-copy2_h5_staple_16,P3650_MA,E16,C4,375,repeating_units_slats_regular_1,384PP_AQ_BP
layer1-slat12-up-copy2_h5_staple_17,P3650_MA,G15,C4,375,repeating_units_slats_regular_1,384PP_AQ_BP
layer1-slat12-up-copy2_h5_staple_18,P3650_MA,G17,C4,375,repeating_units_slats_regular_1,384PP_AQ_BP
layer1-slat12-up-copy2_h5_staple_19,P3650_MA,J6,C4,375,repeating_units_slats_regular_1,384PP_AQ_BP
layer1-slat12-up-copy2_h5_staple_20,P3653_MA,J17,C4,375,repeating_units_slats_regular_1,384PP_AQ_BP
layer1-slat12-up-copy2_h5_staple_21,P3653_MA,K22,C4,375,repeating_units_slats_regular_1,384PP_AQ_BP
layer1-slat12-up-copy2_h5_staple_22,P3653_MA,N8,C4,375,repeating_units_slats_regular_1,384PP_AQ_BP
layer1-slat12-up-copy2_h5_staple_23,P3650_MA,O7,C4,375,repeating_units_slats_regular_1,384PP_AQ_BP
layer1-slat12-up-copy2_h5_staple_24,P3653_MA,P6,C4,375,repeating_units_slats_regular_1,384PP_AQ_BP
layer1-slat12-up-copy2_h5_staple_25,P3651_MA,A1,C4,375,repeating_units_slats_regular_1,384PP_AQ_BP
layer1-slat12-up-copy2_h5_staple_26,P3651_MA,B14,C4,375,repeating_units_slats_regular_1,384PP_AQ_BP
layer1-slat12-up-copy2_h5_staple_27,P3654_MA,C23,C4,375,repeating_units_slats_regular_1,384PP_AQ_BP
layer1-slat12-up-copy2_h5_staple_28,P3654_MA,F2,C4,375,repeating_units_slats_regular_1,384PP_AQ_BP
layer1-slat12-up-copy2_h5_staple_29,P3651_MA,F15,C4,375,repeating_units_slats_regular_1,384PP_AQ_BP
layer1-slat12-up-copy2_h5_staple_30,P3654_MA,G21,C4,375,repeating_units_slats_regular_1,384PP_AQ_BP
layer1-slat12-up-copy2_h5_staple_31,P3654_MA,J5,C4,375,repeating_units_slats_regular_1,384PP_AQ_BP
layer1-slat12-up-copy2_h5_staple_32,P3651_MA,J19,C4,375,repeating_units_slats_regular_1,384PP_AQ_BP
layer1-slat13-up-copy2_h2_staple_1,sw_src009,{A5;B5;C5;D5},C5,200,repeating_units_slats_regular_1,384PP_AQ_BP
layer1-slat13-up-copy2_h2_staple_2,sw_src009,{A6;B6;C6;D6},C5,200,repeating_units_slats_regular_1,384PP_AQ_BP
layer1-slat13-up-copy2_h2_staple_3,sw_src009,{A7;B7;C7;D7},C5,200,repeating_units_slats_regular_1,384PP_AQ_BP
layer1-slat13-up-copy2_h2_staple_4,sw_src009,{A8;B8;C8;D8},C5,200,repeating_units_slats_regular_1,384PP_AQ_BP
layer1-slat13-up-copy2_h2_staple_5,sw_src009,{A9;B9;C9;D9},C5,200,repeating_units_slats_regular_1,384PP_AQ_BP
layer1-slat13-up-copy2_h2_staple_6,sw_src009,{A10;B10;C10;D10},C5,200,repeating_units_slats_regular_1,384PP_AQ_BP
layer1-slat13-up-copy2_h2_staple_7,sw_src009,{A11;B11;C11;D11},C5,200,repeating_units_slats_regular_1,384PP_AQ_BP
layer1-slat13-up-copy2_h2_staple_8,sw_src009,{A12;B12;C12;D12},C5,200,repeating_units_slats_regular_1,384PP_AQ_BP
layer1-slat13-up-copy2_h2_staple_9,sw_src009,{A13;B13;C13;D13},C5,200,repeating_units_slats_regular_1,384PP_AQ_BP
layer1-slat13-up-copy2_h2_staple_10,sw_src009,{A14;B14;C14;D14},C5,200,repeating_units_slats_regular_1,384PP_AQ_BP
layer1-slat13-up-copy2_h2_staple_11,sw_src009,{A15;B15;C15;D15},C5,200,repeating_units_slats_regular_1,384PP_AQ_BP
layer1-slat13-up-copy2_h2_staple_12,sw_src009,{A16;B16;C16;D16},C5,200,repeating_units_slats_regular_1,384PP_AQ_BP
layer1-slat13-up-copy2_h2_staple_13,sw_src009,{A17;B17;C17;D17},C5,200,repeating_units_slats_regular_1,384PP_AQ_BP
layer1-slat13-up-copy2_h2_staple_14,sw_src009,{A18;B18;C18;D18},C5,200,repeating_units_slats_regular_1,384PP_AQ_BP
layer1-slat13-up-copy2_h2_staple_15,sw_src009,{A19;B19;C19;D19},C5,200,repeating_units_slats_regular_1,384PP_AQ_BP
layer1-slat13-up-copy2_h2_staple_16,sw_src009,{A20;B20;C20;D20},C5,200,repeating_units_slats_regular_1,384PP_AQ_BP
layer1-slat13-up-copy2_h2_staple_17,sw_src009,{E5;F5;G5;H5},C5,200,repeating_units_slats_regular_1,384PP_AQ_BP
layer1-slat13-up-copy2_h2_staple_18,sw_src009,{E6;F6;G6;H6},C5,200,repeating_units_slats_regular_1,384PP_AQ_BP
layer1-slat13-up-copy2_h2_staple_19,sw_src009,{E7;F7;G7;H7},C5,200,repeating_units_slats_regular_1,384PP_AQ_BP
layer1-slat13-up-copy2_h2_staple_20,sw_src009,{E8;F8;G8;H8},C5,200,repeating_units_slats_regular_1,384PP_AQ_BP
layer1-slat13-up-copy2_h2_staple_21,sw_src009,{E9;F9;G9;H9},C5,200,repeating_units_slats_regular_1,384PP_AQ_BP
layer1-slat13-up-copy2_h2_staple_22,sw_src009,{E10;F10;G10;H10},C5,200,repeating_units_slats_regular_1,384PP_AQ_BP
layer1-slat13-up-copy2_h2_staple_23,sw_src009,{E11;F11;G11;H11},C5,200,repeating_units_slats_regular_1,384PP_AQ_BP
layer1-slat13-up-copy2_h2_staple_24,sw_src009,{E12;F12;G12;H12},C5,200,repeating_units_slats_regular_1,384PP_AQ_BP
layer1-slat13-up-copy2_h2_staple_25,sw_src009,{E13;F13;G13;H13},C5,200,repeating_units_slats_regular_1,384PP_AQ_BP
layer1-slat13-up-copy2_h2_staple_26,sw_src009,{E14;F14;G14;H14},C5,200,repeating_units_slats_regular_1,384PP_AQ_BP
layer1-slat13-up-copy2_h2_staple_27,sw_src009,{E15;F15;G15;H15},C5,200,repeating_units_slats_regular_1,384PP_AQ_BP
layer1-slat13-up-copy2_h2_staple_28,sw_src009,{E16;F16;G16;H16},C5,200,repeating_units_slats_regular_1,384PP_AQ_BP
layer1-slat13-up-copy2_h2_staple_29,sw_src009,{E17;F17;G17;H17},C5,200,repeating_units_slats_regular_1,384PP_AQ_BP
layer1-slat13-up-copy2_h2_staple_30,sw_src009,{E18;F18;G18;H18},C5,200,repeating_units_slats_regular_1,384PP_AQ_BP
layer1-slat13-up-copy2_h2_staple_31,sw_src009,{E19;F19;G19;H19},C5,200,repeating_units_slats_regular_1,384PP_AQ_BP
layer1-slat13-up-copy2_h2_staple_32,sw_src009,{E20;F20;G20;H20},C5,200,repeating_units_slats_regular_1,384PP_AQ_BP
layer1-slat13-up-copy2_h5_staple_1,P3649_MA,A18,C5,375,repeating_units_slats_regular_1,384PP_AQ_BP
layer1-slat13-up-copy2_h5_staple_2,P3652_MA,B13,C5,375,repeating_units_slats_regular_1,384PP_AQ_BP
layer1-slat13-up-copy2_h5_staple_3,P3649_MA,D21,C5,375,repeating_units_slats_regular_1,384PP_AQ_BP
layer1-slat13-up-copy2_h5_staple_4,P3649_MA,F3,C5,375,repeating_units_slats_regular_1,384PP_AQ_BP
layer1-slat13-up-copy2_h5_staple_5,P3649_MA,G12,C5,375,repeating_units_slats_regular_1,384PP_AQ_BP
layer1-slat13-up-copy2_h5_staple_6,P3652_MA,G23,C5,375,repeating_units_slats_regular_1,384PP_AQ_BP
layer1-slat13-up-copy2_h5_staple_7,P3649_MA,J3,C5,375,repeating_units_slats_regular_1,384PP_AQ_BP
layer1-slat13-up-copy2_h5_staple_8,P3652_MA,K4,C5,375,repeating_units_slats_regular_1,384PP_AQ_BP
layer1-slat13-up-copy2_h5_staple_9,P3652_MA,L7,C5,375,repeating_units_slats_regular_1,384PP_AQ_BP
layer1-slat13-up-copy2_h5_staple_10,P3652_MA,N1,C5,375,repeating_units_slats_regular_1,384PP_AQ_BP
layer1-slat13-up-copy2_h5_staple_11,P3652_MA,O14,C5,375,repeating_units_slats_regular_1,384PP_AQ_BP
layer1-slat13-up-copy2_h5_staple_12,P3652_MA,P14,C5,375,repeating_units_slats_regular_1,384PP_AQ_BP
layer1-slat13-up-copy2_h5_staple_13,P3650_MA,A6,C5,375,repeating_units_slats_regular_1,384PP_AQ_BP
layer1-slat13-up-copy2_h5_staple_14,P3653_MA,C5,C5,375,repeating_units_slats_regular_1,384PP_AQ_BP
layer1-slat13-up-copy2_h5_staple_15,P3650_MA,D15,C5,375,repeating_units_slats_regular_1,384PP_AQ_BP
layer1-slat13-up-copy2_h5_staple_16,P3653_MA,F6,C5,375,repeating_units_slats_regular_1,384PP_AQ_BP
layer1-slat13-up-copy2_h5_staple_17,P3653_MA,F19,C5,375,repeating_units_slats_regular_1,384PP_AQ_BP
layer1-slat13-up-copy2_h5_staple_18,P3650_MA,H2,C5,375,repeating_units_slats_regular_1,384PP_AQ_BP
layer1-slat13-up-copy2_h5_staple_19,P3650_MA,I16,C5,375,repeating_units_slats_regular_1,384PP_AQ_BP
layer1-slat13-up-copy2_h5_staple_20,P3650_MA,J11,C5,375,repeating_units_slats_regular_1,384PP_AQ_BP
layer1-slat13-up-copy2_h5_staple_21,P3650_MA,L11,C5,375,repeating_units_slats_regular_1,384PP_AQ_BP
layer1-slat13-up-copy2_h5_staple_22,P3653_MA,N6,C5,375,repeating_units_slats_regular_1,384PP_AQ_BP
layer1-slat13-up-copy2_h5_staple_23,P3650_MA,N14,C5,375,repeating_units_slats_regular_1,384PP_AQ_BP
layer1-slat13-up-copy2_h5_staple_24,P3653_MA,P4,C5,375,repeating_units_slats_regular_1,384PP_AQ_BP
layer1-slat13-up-copy2_h5_staple_25,P3654_MA,A5,C5,375,repeating_units_slats_regular_1,384PP_AQ_BP
layer1-slat13-up-copy2_h5_staple_26,P3654_MA,C11,C5,375,repeating_units_slats_regular_1,384PP_AQ_BP
layer1-slat13-up-copy2_h5_staple_27,P3651_MA,D5,C5,375,repeating_units_slats_regular_1,384PP_AQ_BP
layer1-slat13-up-copy2_h5_staple_28,P3654_MA,E22,C5,375,repeating_units_slats_regular_1,384PP_AQ_BP
layer1-slat13-up-copy2_h5_staple_29,P3654_MA,G16,C5,375,repeating_units_slats_regular_1,384PP_AQ_BP
layer1-slat13-up-copy2_h5_staple_30,P3654_MA,H24,C5,375,repeating_units_slats_regular_1,384PP_AQ_BP
layer1-slat13-up-copy2_h5_staple_31,P3654_MA,I8,C5,375,repeating_units_slats_regular_1,384PP_AQ_BP
layer1-slat13-up-copy2_h5_staple_32,P3654_MA,K2,C5,375,repeating_units_slats_regular_1,384PP_AQ_BP
layer1-slat14-up-copy2_h2_staple_1,sw_src009,{A5;B5;C5;D5},C6,200,repeating_units_slats_regular_1,384PP_AQ_BP
layer1-slat14-up-copy2_h2_staple_2,sw_src009,{A6;B6;C6;D6},C6,200,repeating_units_slats_regular_1,384PP_AQ_BP
layer1-slat14-up-copy2_h2_staple_3,sw_src009,{A7;B7;C7;D7},C6,200,repeating_units_slats_regular_1,384PP_AQ_BP
layer1-slat14-up-copy2_h2_staple_4,sw_src009,{A8;B8;C8;D8},C6,200,repeating_units_slats_regular_1,384PP_AQ_BP
layer1-slat14-up-copy2_h2_staple_5,sw_src009,{A9;B9;C9;D9},C6,200,repeating_units_slats_regular_1,384PP_AQ_BP
layer1-slat14-up-copy2_h2_staple_6,sw_src009,{A10;B10;C10;D10},C6,200,repeating_units_slats_regular_1,384PP_AQ_BP
layer1-slat14-up-copy2_h2_staple_7,sw_src009,{A11;B11;C11;D11},C6,200,repeating_units_slats_regular_1,384PP_AQ_BP
layer1-slat14-up-copy2_h2_staple_8,sw_src009,{A12;B12;C12;D12},C6,200,repeating_units_slats_regular_1,384PP_AQ_BP
layer1-slat14-up-copy2_h2_staple_9,sw_src009,{A13;B13;C13;D13},C6,200,repeating_units_slats_regular_1,384PP_AQ_BP
layer1-slat14-up-copy2_h2_staple_10,sw_src009,{A14;B14;C14;D14},C6,200,repeating_units_slats_regular_1,384PP_AQ_BP
layer1-slat14-up-copy2_h2_staple_11,sw_src009,{A15;B15;C15;D15},C6,200,repeating_units_slats_regular_1,384PP_AQ_BP
layer1-slat14-up-copy2_h2_staple_12,sw_src009,{A16;B16;C16;D16},C6,200,repeating_units_slats_regular_1,384PP_AQ_BP
layer1-slat14-up-copy2_h2_staple_13,sw_src009,{A17;B17;C17;D17},C6,200,repeating_units_slats_regular_1,384PP_AQ_BP
layer1-slat14-up-copy2_h2_staple_14,sw_src009,{A18;B18;C18;D18},C6,200,repeating_units_slats_regular_1,384PP_AQ_BP
layer1-slat14-up-copy2_h2_staple_15,sw_src009,{A19;B19;C19;D19},C6,200,repeating_units_slats_regular_1,384PP_AQ_BP
layer1-slat14-up-copy2_h2_staple_16,sw_src009,{A20;B20;C20;D20},C6,200,repeating_units_slats_regular_1,384PP_AQ_BP
layer1-slat14-up-copy2_h2_staple_17,sw_src009,{E5;F5;G5;H5},C6,200,repeating_units_slats_regular_1,384PP_AQ_BP
layer1-slat14-up-copy2_h2_staple_18,sw_src009,{E6;F6;G6;H6},C6,200,repeating_units_slats_regular_1,384PP_AQ_BP
layer1-slat14-up-copy2_h2_staple_19,sw_src009,{E7;F7;G7;H7},C6,200,repeating_units_slats_regular_1,384PP_AQ_BP
layer1-slat14-up-copy2_h2_staple_20,sw_src009,{E8;F8;G8;H8},C6,200,repeating_units_slats_regular_1,384PP_AQ_BP
layer1-slat14-up-copy2_h2_staple_21,sw_src009,{E9;F9;G9;H9},C6,200,repeating_units_slats_regular_1,384PP_AQ_BP
layer1-slat14-up-copy2_h2_staple_22,sw_src009,{E10;F10;G10;H10},C6,200,repeating_units_slats_regular_1,384PP_AQ_BP
layer1-slat14-up-copy2_h2_staple_23,sw_src009,{E11;F11;G11;H11},C6,200,repeating_units_slats_regular_1,384PP_AQ_BP
layer1-slat14-up-copy2_h2_staple_24,sw_src009,{E12;F12;G12;H12},C6,200,repeating_units_slats_regular_1,384PP_AQ_BP
layer1-slat14-up-copy2_h2_staple_25,sw_src009,{E13;F13;G13;H13},C6,200,repeating_units_slats_regular_1,384PP_AQ_BP
layer1-slat14-up-copy2_h2_staple_26,sw_src009,{E14;F14;G14;H14},C6,200,repeating_units_slats_regular_1,384PP_AQ_BP
layer1-slat14-up-copy2_h2_staple_27,sw_src009,{E15;F15;G15;H15},C6,200,repeating_units_slats_regular_1,384PP_AQ_BP
layer1-slat14-up-copy2_h2_staple_28,sw_src009,{E16;F16;G16;H16},C6,200,repeating_units_slats_regular_1,384PP_AQ_BP
layer1-slat14-up-copy2_h2_staple_29,sw_src009,{E17;F17;G17;H17},C6,200,repeating_units_slats_regular_1,384PP_AQ_BP
layer1-slat14-up-copy2_h2_staple_30,sw_src009,{E18;F18;G18;H18},C6,200,repeating_units_slats_regular_1,384PP_AQ_BP
layer1-slat14-up-copy2_h2_staple_31,sw_src009,{E19;F19;G19;H19},C6,200,repeating_units_slats_regular_1,384PP_AQ_BP
layer1-slat14-up-copy2_h2_staple_32,sw_src009,{E20;F20;G20;H20},C6,200,repeating_units_slats_regular_1,384PP_AQ_BP
layer1-slat14-up-copy2_h5_staple_1,P3652_MA,A12,C6,375,repeating_units_slats_regular_1,384PP_AQ_BP
layer1-slat14-up-copy2_h5_staple_2,P3649_MA,C4,C6,375,repeating_units_slats_regular_1,384PP_AQ_BP
layer1-slat14-up-copy2_h5_staple_3,P3649_MA,D20,C6,375,repeating_units_slats_regular_1,384PP_AQ_BP
layer1-slat14-up-copy2_h5_staple_4,P3652_MA,F3,C6,375,repeating_units_slats_regular_1,384PP_AQ_BP
layer1-slat14-up-copy2_h5_staple_5,P3652_MA,G12,C6,375,repeating_units_slats_regular_1,384PP_AQ_BP
layer1-slat14-up-copy2_h5_staple_6,P3649_MA,H14,C6,375,repeating_units_slats_regular_1,384PP_AQ_BP
layer1-slat14-up-copy2_h5_staple_7,P3649_MA,I18,C6,375,repeating_units_slats_regular_1,384PP_AQ_BP
layer1-slat14-up-copy2_h5_staple_8,P3649_MA,K3,C6,375,repeating_units_slats_regular_1,384PP_AQ_BP
layer1-slat14-up-copy2_h5_staple_9,P3652_MA,L14,C6,375,repeating_units_slats_regular_1,384PP_AQ_BP
layer1-slat14-up-copy2_h5_staple_10,P3652_MA,M19,C6,375,repeating_units_slats_regular_1,384PP_AQ_BP
layer1-slat14-up-copy2_h5_staple_11,P3649_MA,N19,C6,375,repeating_units_slats_regular_1,384PP_AQ_BP
layer1-slat14-up-copy2_h5_staple_12,P3649_MA,P22,C6,375,repeating_units_slats_regular_1,384PP_AQ_BP
layer1-slat14-up-copy2_h5_staple_13,P3653_MA,A20,C6,375,repeating_units_slats_regular_1,384PP_AQ_BP
layer1-slat14-up-copy2_h5_staple_14,P3650_MA,C2,C6,375,repeating_units_slats_regular_1,384PP_AQ_BP
layer1-slat14-up-copy2_h5_staple_15,P3650_MA,D24,C6,375,repeating_units_slats_regular_1,384PP_AQ_BP
layer1-slat14-up-copy2_h5_staple_16,P3653_MA,F3,C6,375,repeating_units_slats_regular_1,384PP_AQ_BP
layer1-slat14-up-copy2_h5_staple_17,P3650_MA,F16,C6,375,repeating_units_slats_regular_1,384PP_AQ_BP
layer1-slat14-up-copy2_h5_staple_18,P3653_MA,G18,C6,375,repeating_units_slats_regular_1,384PP_AQ_BP
layer1-slat14-up-copy2_h5_staple_19,P3653_MA,J6,C6,375,repeating_units_slats_regular_1,384PP_AQ_BP
layer1-slat14-up-copy2_h5_staple_20,P3653_MA,J16,C6,375,repeating_units_slats_regular_1,384PP_AQ_BP
layer1-slat14-up-copy2_h5_staple_21,P3650_MA,L11,C6,375,repeating_units_slats_regular_1,384PP_AQ_BP
layer1-slat14-up-copy2_h5_staple_22,P3653_MA,M19,C6,375,repeating_units_slats_regular_1,384PP_AQ_BP
layer1-slat14-up-copy2_h5_staple_23,P3653_MA,O8,C6,375,repeating_units_slats_regular_1,384PP_AQ_BP
layer1-slat14-up-copy2_h5_staple_24,P3650_MA,P24,C6,375,repeating_units_slats_regular_1,384PP_AQ_BP
layer1-slat14-up-copy2_h5_staple_25,P3651_MA,A17,C6,375,repeating_units_slats_regular_1,384PP_AQ_BP
layer1-slat14-up-copy2_h5_staple_26,P3654_MA,B23,C6,375,repeating_units_slats_regular_1,384PP_AQ_BP
layer1-slat14-up-copy2_h5_staple_27,P3654_MA,D6,C6,375,repeating_units_slats_regular_1,384PP_AQ_BP
layer1-slat14-up-copy2_h5_staple_28,P3654_MA,E16,C6,375,repeating_units_slats_regular_1,384PP_AQ_BP
layer1-slat14-up-copy2_h5_staple_29,P3654_MA,G7,C6,375,repeating_units_slats_regular_1,384PP_AQ_BP
layer1-slat14-up-copy2_h5_staple_30,P3654_MA,H7,C6,375,repeating_units_slats_regular_1,384PP_AQ_BP
layer1-slat14-up-copy2_h5_staple_31,P3654_MA,I16,C6,375,repeating_units_slats_regular_1,384PP_AQ_BP
layer1-slat14-up-copy2_h5_staple_32,P3654_MA,K5,C6,375,repeating_units_slats_regular_1,384PP_AQ_BP
layer1-slat15-up-copy2_h2_staple_1,sw_src009,{A5;B5;C5;D5},C7,200,repeating_units_slats_regular_1,384PP_AQ_BP
layer1-slat15-up-copy2_h2_staple_2,sw_src009,{A6;B6;C6;D6},C7,200,repeating_units_slats_regular_1,384PP_AQ_BP
layer1-slat15-up-copy2_h2_staple_3,sw_src009,{A7;B7;C7;D7},C7,200,repeating_units_slats_regular_1,384PP_AQ_BP
layer1-slat15-up-copy2_h2_staple_4,sw_src009,{A8;B8;C8;D8},C7,200,repeating_units_slats_regular_1,384PP_AQ_BP
layer1-slat15-up-copy2_h2_staple_5,sw_src009,{A9;B9;C9;D9},C7,200,repeating_units_slats_regular_1,384PP_AQ_BP
layer1-slat15-up-copy2_h2_staple_6,sw_src009,{A10;B10;C10;D10},C7,200,repeating_units_slats_regular_1,384PP_AQ_BP
layer1-slat15-up-copy2_h2_staple_7,sw_src009,{A11;B11;C11;D11},C7,200,repeating_units_slats_regular_1,384PP_AQ_BP
layer1-slat15-up-copy2_h2_staple_8,sw_src009,{A12;B12;C12;D12},C7,200,repeating_units_slats_regular_1,384PP_AQ_BP
layer1-slat15-up-copy2_h2_staple_9,sw_src009,{A13;B13;C13;D13},C7,200,repeating_units_slats_regular_1,384PP_AQ_BP
layer1-slat15-up-copy2_h2_staple_10,sw_src009,{A14;B14;C14;D14},C7,200,repeating_units_slats_regular_1,384PP_AQ_BP
layer1-slat15-up-copy2_h2_staple_11,sw_src009,{A15;B15;C15;D15},C7,200,repeating_units_slats_regular_1,384PP_AQ_BP
layer1-slat15-up-copy2_h2_staple_12,sw_src009,{A16;B16;C16;D16},C7,200,repeating_units_slats_regular_1,384PP_AQ_BP
layer1-slat15-up-copy2_h2_staple_13,sw_src009,{A17;B17;C17;D17},C7,200,repeating_units_slats_regular_1,384PP_AQ_BP
layer1-slat15-up-copy2_h2_staple_14,sw_src009,{A18;B18;C18;D18},C7,200,repeating_units_slats_regular_1,384PP_AQ_BP
layer1-slat15-up-copy2_h2_staple_15,sw_src009,{A19;B19;C19;D19},C7,200,repeating_units_slats_regular_1,384PP_AQ_BP
layer1-slat15-up-copy2_h2_staple_16,sw_src009,{A20;B20;C20;D20},C7,200,repeating_units_slats_regular_1,384PP_AQ_BP
layer1-slat15-up-copy2_h2_staple_17,sw_src009,{E5;F5;G5;H5},C7,200,repeating_units_slats_regular_1,384PP_AQ_BP
layer1-slat15-up-copy2_h2_staple_18,sw_src009,{E6;F6;G6;H6},C7,200,repeating_units_slats_regular_1,384PP_AQ_BP
layer1-slat15-up-copy2_h2_staple_19,sw_src009,{E7;F7;G7;H7},C7,200,repeating_units_slats_regular_1,384PP_AQ_BP
layer1-slat15-up-copy2_h2_staple_20,sw_src009,{E8;F8;G8;H8},C7,200,repeating_units_slats_regular_1,384PP_AQ_BP
layer1-slat15-up-copy2_h2_staple_21,sw_src009,{E9;F9;G9;H9},C7,200,repeating_units_slats_regular_1,384PP_AQ_BP
layer1-slat15-up-copy2_h2_staple_22,sw_src009,{E10;F10;G10;H10},C7,200,repeating_units_slats_regular_1,384PP_AQ_BP
layer1-slat15-up-copy2_h2_staple_23,sw_src009,{E11;F11;G11;H11},C7,200,repeating_units_slats_regular_1,384PP_AQ_BP
layer1-slat15-up-copy2_h2_staple_24,sw_src009,{E12;F12;G12;H12},C7,200,repeating_units_slats_regular_1,384PP_AQ_BP
layer1-slat15-up-copy2_h2_staple_25,sw_src009,{E13;F13;G13;H13},C7,200,repeating_units_slats_regular_1,384PP_AQ_BP
layer1-slat15-up-copy2_h2_staple_26,sw_src009,{E14;F14;G14;H14},C7,200,repeating_units_slats_regular_1,384PP_AQ_BP
layer1-slat15-up-copy2_h2_staple_27,sw_src009,{E15;F15;G15;H15},C7,200,repeating_units_slats_regular_1,384PP_AQ_BP
layer1-slat15-up-copy2_h2_staple_28,sw_src009,{E16;F16;G16;H16},C7,200,repeating_units_slats_regular_1,384PP_AQ_BP
layer1-slat15-up-copy2_h2_staple_29,sw_src009,{E17;F17;G17;H17},C7,200,repeating_units_slats_regular_1,384PP_AQ_BP
layer1-slat15-up-copy2_h2_staple_30,sw_src009,{E18;F18;G18;H18},C7,200,repeating_units_slats_regular_1,384PP_AQ_BP
layer1-slat15-up-copy2_h2_staple_31,sw_src009,{E19;F19;G19;H19},C7,200,repeating_units_slats_regular_1,384PP_AQ_BP
layer1-slat15-up-copy2_h2_staple_32,sw_src009,{E20;F20;G20;H20},C7,200,repeating_units_slats_regular_1,384PP_AQ_BP
layer1-slat15-up-copy2_h5_staple_1,P3649_MA,A19,C7,375,repeating_units_slats_regular_1,384PP_AQ_BP
layer1-slat15-up-copy2_h5_staple_2,P3652_MA,B24,C7,375,repeating_units_slats_regular_1,384PP_AQ_BP
layer1-slat15-up-copy2_h5_staple_3,P3649_MA,D24,C7,375,repeating_units_slats_regular_1,384PP_AQ_BP
layer1-slat15-up-copy2_h5_staple_4,P3649_MA,E14,C7,375,repeating_units_slats_regular_1,384PP_AQ_BP
layer1-slat15-up-copy2_h5_staple_5,P3649_MA,G7,C7,375,repeating_units_slats_regular_1,384PP_AQ_BP
layer1-slat15-up-copy2_h5_staple_6,P3649_MA,G21,C7,375,repeating_units_slats_regular_1,384PP_AQ_BP
layer1-slat15-up-copy2_h5_staple_7,P3652_MA,I6,C7,375,repeating_units_slats_regular_1,384PP_AQ_BP
layer1-slat15-up-copy2_h5_staple_8,P3649_MA,K9,C7,375,repeating_units_slats_regular_1,384PP_AQ_BP
layer1-slat15-up-copy2_h5_staple_9,P3652_MA,K21,C7,375,repeating_units_slats_regular_1,384PP_AQ_BP
layer1-slat15-up-copy2_h5_staple_10,P3649_MA,M1,C7,375,repeating_units_slats_regular_1,384PP_AQ_BP
layer1-slat15-up-copy2_h5_staple_11,P3652_MA,O11,C7,375,repeating_units_slats_regular_1,384PP_AQ_BP
layer1-slat15-up-copy2_h5_staple_12,P3649_MA,P24,C7,375,repeating_units_slats_regular_1,384PP_AQ_BP
layer1-slat15-up-copy2_h5_staple_13,P3650_MA,A21,C7,375,repeating_units_slats_regular_1,384PP_AQ_BP
layer1-slat15-up-copy2_h5_staple_14,P3653_MA,B14,C7,375,repeating_units_slats_regular_1,384PP_AQ_BP
layer1-slat15-up-copy2_h5_staple_15,P3653_MA,D21,C7,375,repeating_units_slats_regular_1,384PP_AQ_BP
layer1-slat15-up-copy2_h5_staple_16,P3650_MA,E17,C7,375,repeating_units_slats_regular_1,384PP_AQ_BP
layer1-slat15-up-copy2_h5_staple_17,P3653_MA,F9,C7,375,repeating_units_slats_regular_1,384PP_AQ_BP
layer1-slat15-up-copy2_h5_staple_18,P3653_MA,G23,C7,375,repeating_units_slats_regular_1,384PP_AQ_BP
layer1-slat15-up-copy2_h5_staple_19,P3650_MA,I7,C7,375,repeating_units_slats_regular_1,384PP_AQ_BP
layer1-slat15-up-copy2_h5_staple_20,P3650_MA,J23,C7,375,repeating_units_slats_regular_1,384PP_AQ_BP
layer1-slat15-up-copy2_h5_staple_21,P3653_MA,L22,C7,375,repeating_units_slats_regular_1,384PP_AQ_BP
layer1-slat15-up-copy2_h5_staple_22,P3653_MA,M4,C7,375,repeating_units_slats_regular_1,384PP_AQ_BP
layer1-slat15-up-copy2_h5_staple_23,P3653_MA,N16,C7,375,repeating_units_slats_regular_1,384PP_AQ_BP
layer1-slat15-up-copy2_h5_staple_24,P3653_MA,P18,C7,375,repeating_units_slats_regular_1,384PP_AQ_BP
layer1-slat15-up-copy2_h5_staple_25,P3654_MA,A7,C7,375,repeating_units_slats_regular_1,384PP_AQ_BP
layer1-slat15-up-copy2_h5_staple_26,P3654_MA,C7,C7,375,repeating_units_slats_regular_1,384PP_AQ_BP
layer1-slat15-up-copy2_h5_staple_27,P3654_MA,C19,C7,375,repeating_units_slats_regular_1,384PP_AQ_BP
layer1-slat15-up-copy2_h5_staple_28,P3651_MA,E11,C7,375,repeating_units_slats_regular_1,384PP_AQ_BP
layer1-slat15-up-copy2_h5_staple_29,P3651_MA,F24,C7,375,repeating_units_slats_regular_1,384PP_AQ_BP
layer1-slat15-up-copy2_h5_staple_30,P3654_MA,H5,C7,375,repeating_units_slats_regular_1,384PP_AQ_BP
layer1-slat15-up-copy2_h5_staple_31,P3654_MA,I4,C7,375,repeating_units_slats_regular_1,384PP_AQ_BP
layer1-slat15-up-copy2_h5_staple_32,P3651_MA,J20,C7,375,repeating_units_slats_regular_1,384PP_AQ_BP
layer1-slat16-up-copy2_h2_staple_1,sw_src009,{A5;B5;C5;D5},C8,200,repeating_units_slats_regular_1,384PP_AQ_BP
layer1-slat16-up-copy2_h2_staple_2,sw_src009,{A6;B6;C6;D6},C8,200,repeating_units_slats_regular_1,384PP_AQ_BP
layer1-slat16-up-copy2_h2_staple_3,sw_src009,{A7;B7;C7;D7},C8,200,repeating_units_slats_regular_1,384PP_AQ_BP
layer1-slat16-up-copy2_h2_staple_4,sw_src009,{A8;B8;C8;D8},C8,200,repeating_units_slats_regular_1,384PP_AQ_BP
layer1-slat16-up-copy2_h2_staple_5,sw_src009,{A9;B9;C9;D9},C8,200,repeating_units_slats_regular_1,384PP_AQ_BP
layer1-slat16-up-copy2_h2_staple_6,sw_src009,{A10;B10;C10;D10},C8,200,repeating_units_slats_regular_1,384PP_AQ_BP
layer1-slat16-up-copy2_h2_staple_7,sw_src009,{A11;B11;C11;D11},C8,200,repeating_units_slats_regular_1,384PP_AQ_BP
layer1-slat16-up-copy2_h2_staple_8,sw_src009,{A12;B12;C12;D12},C8,200,repeating_units_slats_regular_1,384PP_AQ_BP
layer1-slat16-up-copy2_h2_staple_9,sw_src009,{A13;B13;C13;D13},C8,200,repeating_units_slats_regular_1,384PP_AQ_BP
layer1-slat16-up-copy2_h2_staple_10,sw_src009,{A14;B14;C14;D14},C8,200,repeating_units_slats_regular_1,384PP_AQ_BP
layer1-slat16-up-copy2_h2_staple_11,sw_src009,{A15;B15;C15;D15},C8,200,repeating_units_slats_regular_1,384PP_AQ_BP
layer1-slat16-up-copy2_h2_staple_12,sw_src009,{A16;B16;C16;D16},C8,200,repeating_units_slats_regular_1,384PP_AQ_BP
layer1-slat16-up-copy2_h2_staple_13,sw_src009,{A17;B17;C17;D17},C8,200,repeating_units_slats_regular_1,384PP_AQ_BP
layer1-slat16-up-copy2_h2_staple_14,sw_src009,{A18;B18;C18;D18},C8,200,repeating_units_slats_regular_1,384PP_AQ_BP
layer1-slat16-up-copy2_h2_staple_15,sw_src009,{A19;B19;C19;D19},C8,200,repeating_units_slats_regular_1,384PP_AQ_BP
layer1-slat16-up-copy2_h2_staple_16,sw_src009,{A20;B20;C20;D20},C8,200,repeating_units_slats_regular_1,384PP_AQ_BP
layer1-slat16-up-copy2_h2_staple_17,sw_src009,{E5;F5;G5;H5},C8,200,repeating_units_slats_regular_1,384PP_AQ_BP
layer1-slat16-up-copy2_h2_staple_18,sw_src009,{E6;F6;G6;H6},C8,200,repeating_units_slats_regular_1,384PP_AQ_BP
layer1-slat16-up-copy2_h2_staple_19,sw_src009,{E7;F7;G7;H7},C8,200,repeating_units_slats_regular_1,384PP_AQ_BP
layer1-slat16-up-copy2_h2_staple_20,sw_src009,{E8;F8;G8;H8},C8,200,repeating_units_slats_regular_1,384PP_AQ_BP
layer1-slat16-up-copy2_h2_staple_21,sw_src009,{E9;F9;G9;H9},C8,200,repeating_units_slats_regular_1,384PP_AQ_BP
layer1-slat16-up-copy2_h2_staple_22,sw_src009,{E10;F10;G10;H10},C8,200,repeating_units_slats_regular_1,384PP_AQ_BP
layer1-slat16-up-copy2_h2_staple_23,sw_src009,{E11;F11;G11;H11},C8,200,repeating_units_slats_regular_1,384PP_AQ_BP
layer1-slat16-up-copy2_h2_staple_24,sw_src009,{E12;F12;G12;H12},C8,200,repeating_units_slats_regular_1,384PP_AQ_BP
layer1-slat16-up-copy2_h2_staple_25,sw_src009,{E13;F13;G13;H13},C8,200,repeating_units_slats_regular_1,384PP_AQ_BP
layer1-slat16-up-copy2_h2_staple_26,sw_src009,{E14;F14;G14;H14},C8,200,repeating_units_slats_regular_1,384PP_AQ_BP
layer1-slat16-up-copy2_h2_staple_27,sw_src009,{E15;F15;G15;H15},C8,200,repeating_units_slats_regular_1,384PP_AQ_BP
layer1-slat16-up-copy2_h2_staple_28,sw_src009,{E16;F16;G16;H16},C8,200,repeating_units_slats_regular_1,384PP_AQ_BP
layer1-slat16-up-copy2_h2_staple_29,sw_src009,{E17;F17;G17;H17},C8,200,repeating_units_slats_regular_1,384PP_AQ_BP
layer1-slat16-up-copy2_h2_staple_30,sw_src009,{E18;F18;G18;H18},C8,200,repeating_units_slats_regular_1,384PP_AQ_BP
layer1-slat16-up-copy2_h2_staple_31,sw_src009,{E19;F19;G19;H19},C8,200,repeating_units_slats_regular_1,384PP_AQ_BP
layer1-slat16-up-copy2_h2_staple_32,sw_src009,{E20;F20;G20;H20},C8,200,repeating_units_slats_regular_1,384PP_AQ_BP
layer1-slat16-up-copy2_h5_staple_1,P3649_MA,B6,C8,375,repeating_units_slats_regular_1,384PP_AQ_BP
layer1-slat16-up-copy2_h5_staple_2,P3649_MA,B20,C8,375,repeating_units_slats_regular_1,384PP_AQ_BP
layer1-slat16-up-copy2_h5_staple_3,P3652_MA,D7,C8,375,repeating_units_slats_regular_1,384PP_AQ_BP
layer1-slat16-up-copy2_h5_staple_4,P3649_MA,F6,C8,375,repeating_units_slats_regular_1,384PP_AQ_BP
layer1-slat16-up-copy2_h5_staple_5,P3652_MA,G2,C8,375,repeating_units_slats_regular_1,384PP_AQ_BP
layer1-slat16-up-copy2_h5_staple_6,P3649_MA,H23,C8,375,repeating_units_slats_regular_1,384PP_AQ_BP
layer1-slat16-up-copy2_h5_staple_7,P3649_MA,I24,C8,375,repeating_units_slats_regular_1,384PP_AQ_BP
layer1-slat16-up-copy2_h5_staple_8,P3649_MA,J13,C8,375,repeating_units_slats_regular_1,384PP_AQ_BP
layer1-slat16-up-copy2_h5_staple_9,P3649_MA,K19,C8,375,repeating_units_slats_regular_1,384PP_AQ_BP
layer1-slat16-up-copy2_h5_staple_10,P3649_MA,M11,C8,375,repeating_units_slats_regular_1,384PP_AQ_BP
layer1-slat16-up-copy2_h5_staple_11,P3652_MA,N15,C8,375,repeating_units_slats_regular_1,384PP_AQ_BP
layer1-slat16-up-copy2_h5_staple_12,P3649_MA,O18,C8,375,repeating_units_slats_regular_1,384PP_AQ_BP
layer1-slat16-up-copy2_h5_staple_13,P3650_MA,A16,C8,375,repeating_units_slats_regular_1,384PP_AQ_BP
layer1-slat16-up-copy2_h5_staple_14,P3653_MA,C15,C8,375,repeating_units_slats_regular_1,384PP_AQ_BP
layer1-slat16-up-copy2_h5_staple_15,P3653_MA,C24,C8,375,repeating_units_slats_regular_1,384PP_AQ_BP
layer1-slat16-up-copy2_h5_staple_16,P3653_MA,F6,C8,375,repeating_units_slats_regular_1,384PP_AQ_BP
layer1-slat16-up-copy2_h5_staple_17,P3650_MA,F15,C8,375,repeating_units_slats_regular_1,384PP_AQ_BP
layer1-slat16-up-copy2_h5_staple_18,P3653_MA,G21,C8,375,repeating_units_slats_regular_1,384PP_AQ_BP
layer1-slat16-up-copy2_h5_staple_19,P3650_MA,I20,C8,375,repeating_units_slats_regular_1,384PP_AQ_BP
layer1-slat16-up-copy2_h5_staple_20,P3653_MA,J11,C8,375,repeating_units_slats_regular_1,384PP_AQ_BP
layer1-slat16-up-copy2_h5_staple_21,P3650_MA,K18,C8,375,repeating_units_slats_regular_1,384PP_AQ_BP
layer1-slat16-up-copy2_h5_staple_22,P3650_MA,M9,C8,375,repeating_units_slats_regular_1,384PP_AQ_BP
layer1-slat16-up-copy2_h5_staple_23,P3653_MA,N22,C8,375,repeating_units_slats_regular_1,384PP_AQ_BP
layer1-slat16-up-copy2_h5_staple_24,P3653_MA,P22,C8,375,repeating_units_slats_regular_1,384PP_AQ_BP
layer1-slat16-up-copy2_h5_staple_25,P3654_MA,B7,C8,375,repeating_units_slats_regular_1,384PP_AQ_BP
layer1-slat16-up-copy2_h5_staple_26,P3651_MA,B16,C8,375,repeating_units_slats_regular_1,384PP_AQ_BP
layer1-slat16-up-copy2_h5_staple_27,P3654_MA,D5,C8,375,repeating_units_slats_regular_1,384PP_AQ_BP
layer1-slat16-up-copy2_h5_staple_28,P3654_MA,F8,C8,375,repeating_units_slats_regular_1,384PP_AQ_BP
layer1-slat16-up-copy2_h5_staple_29,P3654_MA,F10,C8,375,repeating_units_slats_regular_1,384PP_AQ_BP
layer1-slat16-up-copy2_h5_staple_30,P3654_MA,G22,C8,375,repeating_units_slats_regular_1,384PP_AQ_BP
layer1-slat16-up-copy2_h5_staple_31,P3654_MA,I17,C8,375,repeating_units_slats_regular_1,384PP_AQ_BP
layer1-slat16-up-copy2_h5_staple_32,P3654_MA,J15,C8,375,repeating_units_slats_regular_1,384PP_AQ_BP
layer1-slat1-up-copy3_h2_staple_1,sw_src009,{A5;B5;C5;D5},C9,200,repeating_units_slats_regular_1,384PP_AQ_BP
layer1-slat1-up-copy3_h2_staple_2,sw_src009,{A6;B6;C6;D6},C9,200,repeating_units_slats_regular_1,384PP_AQ_BP
layer1-slat1-up-copy3_h2_staple_3,sw_src009,{A7;B7;C7;D7},C9,200,repeating_units_slats_regular_1,384PP_AQ_BP
layer1-slat1-up-copy3_h2_staple_4,sw_src009,{A8;B8;C8;D8},C9,200,repeating_units_slats_regular_1,384PP_AQ_BP
layer1-slat1-up-copy3_h2_staple_5,sw_src009,{A9;B9;C9;D9},C9,200,repeating_units_slats_regular_1,384PP_AQ_BP
layer1-slat1-up-copy3_h2_staple_6,sw_src009,{A10;B10;C10;D10},C9,200,repeating_units_slats_regular_1,384PP_AQ_BP
layer1-slat1-up-copy3_h2_staple_7,sw_src009,{A11;B11;C11;D11},C9,200,repeating_units_slats_regular_1,384PP_AQ_BP
layer1-slat1-up-copy3_h2_staple_8,sw_src009,{A12;B12;C12;D12},C9,200,repeating_units_slats_regular_1,384PP_AQ_BP
layer1-slat1-up-copy3_h2_staple_9,sw_src009,{A13;B13;C13;D13},C9,200,repeating_units_slats_regular_1,384PP_AQ_BP
layer1-slat1-up-copy3_h2_staple_10,sw_src009,{A14;B14;C14;D14},C9,200,repeating_units_slats_regular_1,384PP_AQ_BP
layer1-slat1-up-copy3_h2_staple_11,sw_src009,{A15;B15;C15;D15},C9,200,repeating_units_slats_regular_1,384PP_AQ_BP
layer1-slat1-up-copy3_h2_staple_12,sw_src009,{A16;B16;C16;D16},C9,200,repeating_units_slats_regular_1,384PP_AQ_BP
layer1-slat1-up-copy3_h2_staple_13,sw_src009,{A17;B17;C17;D17},C9,200,repeating_units_slats_regular_1,384PP_AQ_BP
layer1-slat1-up-copy3_h2_staple_14,sw_src009,{A18;B18;C18;D18},C9,200,repeating_units_slats_regular_1,384PP_AQ_BP
layer1-slat1-up-copy3_h2_staple_15,sw_src009,{A19;B19;C19;D19},C9,200,repeating_units_slats_regular_1,384PP_AQ_BP
layer1-slat1-up-copy3_h2_staple_16,sw_src009,{A20;B20;C20;D20},C9,200,repeating_units_slats_regular_1,384PP_AQ_BP
layer1-slat1-up-copy3_h2_staple_17,sw_src009,{E5;F5;G5;H5},C9,200,repeating_units_slats_regular_1,384PP_AQ_BP
layer1-slat1-up-copy3_h2_staple_18,sw_src009,{E6;F6;G6;H6},C9,200,repeating_units_slats_regular_1,384PP_AQ_BP
layer1-slat1-up-copy3_h2_staple_19,sw_src009,{E7;F7;G7;H7},C9,200,repeating_units_slats_regular_1,384PP_AQ_BP
layer1-slat1-up-copy3_h2_staple_20,sw_src009,{E8;F8;G8;H8},C9,200,repeating_units_slats_regular_1,384PP_AQ_BP
layer1-slat1-up-copy3_h2_staple_21,sw_src009,{E9;F9;G9;H9},C9,200,repeating_units_slats_regular_1,384PP_AQ_BP
layer1-slat1-up-copy3_h2_staple_22,sw_src009,{E10;F10;G10;H10},C9,200,repeating_units_slats_regular_1,384PP_AQ_BP
layer1-slat1-up-copy3_h2_staple_23,sw_src009,{E11;F11;G11;H11},C9,200,repeating_units_slats_regular_1,384PP_AQ_BP
layer1-slat1-up-copy3_h2_staple_24,sw_src009,{E12;F12;G12;H12},C9,200,repeating_units_slats_regular_1,384PP_AQ_BP
layer1-slat1-up-copy3_h2_staple_25,sw_src009,{E13;F13;G13;H13},C9,200,repeating_units_slats_regular_1,384PP_AQ_BP
layer1-slat1-up-copy3_h2_staple_26,sw_src009,{E14;F14;G14;H14},C9,200,repeating_units_slats_regular_1,384PP_AQ_BP
layer1-slat1-up-copy3_h2_staple_27,sw_src009,{E15;F15;G15;H15},C9,200,repeating_units_slats_regular_1,384PP_AQ_BP
layer1-slat1-up-copy3_h2_staple_28,sw_src009,{E16;F16;G16;H16},C9,200,repeating_units_slats_regular_1,384PP_AQ_BP
layer1-slat1-up-copy3_h2_staple_29,sw_src009,{E17;F17;G17;H17},C9,200,repeating_units_slats_regular_1,384PP_AQ_BP
layer1-slat1-up-copy3_h2_staple_30,sw_src009,{E18;F18;G18;H18},C9,200,repeating_units_slats_regular_1,384PP_AQ_BP
layer1-slat1-up-copy3_h2_staple_31,sw_src009,{E19;F19;G19;H19},C9,200,repeating_units_slats_regular_1,384PP_AQ_BP
layer1-slat1-up-copy3_h2_staple_32,sw_src009,{E20;F20;G20;H20},C9,200,repeating_units_slats_regular_1,384PP_AQ_BP
layer1-slat1-up-copy3_h5_staple_1,P3649_MA,A16,C9,375,repeating_units_slats_regular_1,384PP_AQ_BP
layer1-slat1-up-copy3_h5_staple_2,P3649_MA,C13,C9,375,repeating_units_slats_regular_1,384PP_AQ_BP
layer1-slat1-up-copy3_h5_staple_3,P3652_MA,D21,C9,375,repeating_units_slats_regular_1,384PP_AQ_BP
layer1-slat1-up-copy3_h5_staple_4,P3649_MA,E11,C9,375,repeating_units_slats_regular_1,384PP_AQ_BP
layer1-slat1-up-copy3_h5_staple_5,P3649_MA,F21,C9,375,repeating_units_slats_regular_1,384PP_AQ_BP
layer1-slat1-up-copy3_h5_staple_6,P3649_MA,H16,C9,375,repeating_units_slats_regular_1,384PP_AQ_BP
layer1-slat1-up-copy3_h5_staple_7,P3649_MA,I15,C9,375,repeating_units_slats_regular_1,384PP_AQ_BP
layer1-slat1-up-copy3_h5_staple_8,P3649_MA,J13,C9,375,repeating_units_slats_regular_1,384PP_AQ_BP
layer1-slat1-up-copy3_h5_staple_9,P3649_MA,L22,C9,375,repeating_units_slats_regular_1,384PP_AQ_BP
layer1-slat1-up-copy3_h5_staple_10,P3649_MA,N7,C9,375,repeating_units_slats_regular_1,384PP_AQ_BP
layer1-slat1-up-copy3_h5_staple_11,P3649_MA,O12,C9,375,repeating_units_slats_regular_1,384PP_AQ_BP
layer1-slat1-up-copy3_h5_staple_12,P3652_MA,P18,C9,375,repeating_units_slats_regular_1,384PP_AQ_BP
layer1-slat1-up-copy3_h5_staple_13,P3650_MA,A5,C9,375,repeating_units_slats_regular_1,384PP_AQ_BP
layer1-slat1-up-copy3_h5_staple_14,P3653_MA,B21,C9,375,repeating_units_slats_regular_1,384PP_AQ_BP
layer1-slat1-up-copy3_h5_staple_15,P3650_MA,D1,C9,375,repeating_units_slats_regular_1,384PP_AQ_BP
layer1-slat1-up-copy3_h5_staple_16,P3650_MA,E15,C9,375,repeating_units_slats_regular_1,384PP_AQ_BP
layer1-slat1-up-copy3_h5_staple_17,P3650_MA,F13,C9,375,repeating_units_slats_regular_1,384PP_AQ_BP
layer1-slat1-up-copy3_h5_staple_18,P3650_MA,H19,C9,375,repeating_units_slats_regular_1,384PP_AQ_BP
layer1-slat1-up-copy3_h5_staple_19,P3653_MA,I12,C9,375,repeating_units_slats_regular_1,384PP_AQ_BP
layer1-slat1-up-copy3_h5_staple_20,P3653_MA,J21,C9,375,repeating_units_slats_regular_1,384PP_AQ_BP
layer1-slat1-up-copy3_h5_staple_21,P3650_MA,L15,C9,375,repeating_units_slats_regular_1,384PP_AQ_BP
layer1-slat1-up-copy3_h5_staple_22,P3653_MA,N6,C9,375,repeating_units_slats_regular_1,384PP_AQ_BP
layer1-slat1-up-copy3_h5_staple_23,P3653_MA,N24,C9,375,repeating_units_slats_regular_1,384PP_AQ_BP
layer1-slat1-up-copy3_h5_staple_24,P3650_MA,P18,C9,375,repeating_units_slats_regular_1,384PP_AQ_BP
layer1-slat1-up-copy3_h5_staple_25,P3654_MA,A16,C9,375,repeating_units_slats_regular_1,384PP_AQ_BP
layer1-slat1-up-copy3_h5_staple_26,P3654_MA,B18,C9,375,repeating_units_slats_regular_1,384PP_AQ_BP
layer1-slat1-up-copy3_h5_staple_27,P3651_MA,C20,C9,375,repeating_units_slats_regular_1,384PP_AQ_BP
layer1-slat1-up-copy3_h5_staple_28,P3651_MA,E6,C9,375,repeating_units_slats_regular_1,384PP_AQ_BP
layer1-slat1-up-copy3_h5_staple_29,P3651_MA,G5,C9,375,repeating_units_slats_regular_1,384PP_AQ_BP
layer1-slat1-up-copy3_h5_staple_30,P3654_MA,H11,C9,375,repeating_units_slats_regular_1,384PP_AQ_BP
layer1-slat1-up-copy3_h5_staple_31,P3651_MA,I13,C9,375,repeating_units_slats_regular_1,384PP_AQ_BP
layer1-slat1-up-copy3_h5_staple_32,P3651_MA,K1,C9,375,repeating_units_slats_regular_1,384PP_AQ_BP
layer1-slat2-up-copy3_h2_staple_1,sw_src009,{A5;B5;C5;D5},C10,200,repeating_units_slats_regular_1,384PP_AQ_BP
layer1-slat2-up-copy3_h2_staple_2,sw_src009,{A6;B6;C6;D6},C10,200,repeating_units_slats_regular_1,384PP_AQ_BP
layer1-slat2-up-copy3_h2_staple_3,sw_src009,{A7;B7;C7;D7},C10,200,repeating_units_slats_regular_1,384PP_AQ_BP
layer1-slat2-up-copy3_h2_staple_4,sw_src009,{A8;B8;C8;D8},C10,200,repeating_units_slats_regular_1,384PP_AQ_BP
layer1-slat2-up-copy3_h2_staple_5,sw_src009,{A9;B9;C9;D9},C10,200,repeating_units_slats_regular_1,384PP_AQ_BP
layer1-slat2-up-copy3_h2_staple_6,sw_src009,{A10;B10;C10;D10},C10,200,repeating_units_slats_regular_1,384PP_AQ_BP
layer1-slat2-up-copy3_h2_staple_7,sw_src009,{A11;B11;C11;D11},C10,200,repeating_units_slats_regular_1,384PP_AQ_BP
layer1-slat2-up-copy3_h2_staple_8,sw_src009,{A12;B12;C12;D12},C10,200,repeating_units_slats_regular_1,384PP_AQ_BP
layer1-slat2-up-copy3_h2_staple_9,sw_src009,{A13;B13;C13;D13},C10,200,repeating_units_slats_regular_1,384PP_AQ_BP
layer1-slat2-up-copy3_h2_staple_10,sw_src009,{A14;B14;C14;D14},C10,200,repeating_units_slats_regular_1,384PP_AQ_BP
layer1-slat2-up-copy3_h2_staple_11,sw_src009,{A15;B15;C15;D15},C10,200,repeating_units_slats_regular_1,384PP_AQ_BP
layer1-slat2-up-copy3_h2_staple_12,sw_src009,{A16;B16;C16;D16},C10,200,repeating_units_slats_regular_1,384PP_AQ_BP
layer1-slat2-up-copy3_h2_staple_13,sw_src009,{A17;B17;C17;D17},C10,200,repeating_units_slats_regular_1,384PP_AQ_BP
layer1-slat2-up-copy3_h2_staple_14,sw_src009,{A18;B18;C18;D18},C10,200,repeating_units_slats_regular_1,384PP_AQ_BP
layer1-slat2-up-copy3_h2_staple_15,sw_src009,{A19;B19;C19;D19},C10,200,repeating_units_slats_regular_1,384PP_AQ_BP
layer1-slat2-up-copy3_h2_staple_16,sw_src009,{A20;B20;C20;D20},C10,200,repeating_units_slats_regular_1,384PP_AQ_BP
layer1-slat2-up-copy3_h2_staple_17,sw_src009,{E5;F5;G5;H5},C10,200,repeating_units_slats_regular_1,384PP_AQ_BP
layer1-slat2-up-copy3_h2_staple_18,sw_src009,{E6;F6;G6;H6},C10,200,repeating_units_slats_regular_1,384PP_AQ_BP
layer1-slat2-up-copy3_h2_staple_19,sw_src009,{E7;F7;G7;H7},C10,200,repeating_units_slats_regular_1,384PP_AQ_BP
layer1-slat2-up-copy3_h2_staple_20,sw_src009,{E8;F8;G8;H8},C10,200,repeating_units_slats_regular_1,384PP_AQ_BP
layer1-slat2-up-copy3_h2_staple_21,sw_src009,{E9;F9;G9;H9},C10,200,repeating_units_slats_regular_1,384PP_AQ_BP
layer1-slat2-up-copy3_h2_staple_22,sw_src009,{E10;F10;G10;H10},C10,200,repeating_units_slats_regular_1,384PP_AQ_BP
layer1-slat2-up-copy3_h2_staple_23,sw_src009,{E11;F11;G11;H11},C10,200,repeating_units_slats_regular_1,384PP_AQ_BP
layer1-slat2-up-copy3_h2_staple_24,sw_src009,{E12;F12;G12;H12},C10,200,repeating_units_slats_regular_1,384PP_AQ_BP
layer1-slat2-up-copy3_h2_staple_25,sw_src009,{E13;F13;G13;H13},C10,200,repeating_units_slats_regular_1,384PP_AQ_BP
layer1-slat2-up-copy3_h2_staple_26,sw_src009,{E14;F14;G14;H14},C10,200,repeating_units_slats_regular_1,384PP_AQ_BP
layer1-slat2-up-copy3_h2_staple_27,sw_src009,{E15;F15;G15;H15},C10,200,repeating_units_slats_regular_1,384PP_AQ_BP
layer1-slat2-up-copy3_h2_staple_28,sw_src009,{E16;F16;G16;H16},C10,200,repeating_units_slats_regular_1,384PP_AQ_BP
layer1-slat2-up-copy3_h2_staple_29,sw_src009,{E17;F17;G17;H17},C10,200,repeating_units_slats_regular_1,384PP_AQ_BP
layer1-slat2-up-copy3_h2_staple_30,sw_src009,{E18;F18;G18;H18},C10,200,repeating_units_slats_regular_1,384PP_AQ_BP
layer1-slat2-up-copy3_h2_staple_31,sw_src009,{E19;F19;G19;H19},C10,200,repeating_units_slats_regular_1,384PP_AQ_BP
layer1-slat2-up-copy3_h2_staple_32,sw_src009,{E20;F20;G20;H20},C10,200,repeating_units_slats_regular_1,384PP_AQ_BP
layer1-slat2-up-copy3_h5_staple_1,P3652_MA,A13,C10,375,repeating_units_slats_regular_1,384PP_AQ_BP
layer1-slat2-up-copy3_h5_staple_2,P3649_MA,B21,C10,375,repeating_units_slats_regular_1,384PP_AQ_BP
layer1-slat2-up-copy3_h5_staple_3,P3649_MA,D14,C10,375,repeating_units_slats_regular_1,384PP_AQ_BP
layer1-slat2-up-copy3_h5_staple_4,P3649_MA,E8,C10,375,repeating_units_slats_regular_1,384PP_AQ_BP
layer1-slat2-up-copy3_h5_staple_5,P3649_MA,G5,C10,375,repeating_units_slats_regular_1,384PP_AQ_BP
layer1-slat2-up-copy3_h5_staple_6,P3652_MA,H14,C10,375,repeating_units_slats_regular_1,384PP_AQ_BP
layer1-slat2-up-copy3_h5_staple_7,P3652_MA,I16,C10,375,repeating_units_slats_regular_1,384PP_AQ_BP
layer1-slat2-up-copy3_h5_staple_8,P3652_MA,J22,C10,375,repeating_units_slats_regular_1,384PP_AQ_BP
layer1-slat2-up-copy3_h5_staple_9,P3649_MA,L12,C10,375,repeating_units_slats_regular_1,384PP_AQ_BP
layer1-slat2-up-copy3_h5_staple_10,P3652_MA,M14,C10,375,repeating_units_slats_regular_1,384PP_AQ_BP
layer1-slat2-up-copy3_h5_staple_11,P3652_MA,O1,C10,375,repeating_units_slats_regular_1,384PP_AQ_BP
layer1-slat2-up-copy3_h5_staple_12,P3649_MA,P17,C10,375,repeating_units_slats_regular_1,384PP_AQ_BP
layer1-slat2-up-copy3_h5_staple_13,P3650_MA,A16,C10,375,repeating_units_slats_regular_1,384PP_AQ_BP
layer1-slat2-up-copy3_h5_staple_14,P3650_MA,B15,C10,375,repeating_units_slats_regular_1,384PP_AQ_BP
layer1-slat2-up-copy3_h5_staple_15,P3650_MA,C23,C10,375,repeating_units_slats_regular_1,384PP_AQ_BP
layer1-slat2-up-copy3_h5_staple_16,P3653_MA,E21,C10,375,repeating_units_slats_regular_1,384PP_AQ_BP
layer1-slat2-up-copy3_h5_staple_17,P3650_MA,F14,C10,375,repeating_units_slats_regular_1,384PP_AQ_BP
layer1-slat2-up-copy3_h5_staple_18,P3653_MA,H14,C10,375,repeating_units_slats_regular_1,384PP_AQ_BP
layer1-slat2-up-copy3_h5_staple_19,P3653_MA,I24,C10,375,repeating_units_slats_regular_1,384PP_AQ_BP
layer1-slat2-up-copy3_h5_staple_20,P3653_MA,K2,C10,375,repeating_units_slats_regular_1,384PP_AQ_BP
layer1-slat2-up-copy3_h5_staple_21,P3653_MA,L15,C10,375,repeating_units_slats_regular_1,384PP_AQ_BP
layer1-slat2-up-copy3_h5_staple_22,P3653_MA,N2,C10,375,repeating_units_slats_regular_1,384PP_AQ_BP
layer1-slat2-up-copy3_h5_staple_23,P3650_MA,O6,C10,375,repeating_units_slats_regular_1,384PP_AQ_BP
layer1-slat2-up-copy3_h5_staple_24,P3650_MA,O19,C10,375,repeating_units_slats_regular_1,384PP_AQ_BP
layer1-slat2-up-copy3_h5_staple_25,P3654_MA,A12,C10,375,repeating_units_slats_regular_1,384PP_AQ_BP
layer1-slat2-up-copy3_h5_staple_26,P3654_MA,B20,C10,375,repeating_units_slats_regular_1,384PP_AQ_BP
layer1-slat2-up-copy3_h5_staple_27,P3654_MA,D3,C10,375,repeating_units_slats_regular_1,384PP_AQ_BP
layer1-slat2-up-copy3_h5_staple_28,P3651_MA,E10,C10,375,repeating_units_slats_regular_1,384PP_AQ_BP
layer1-slat2-up-copy3_h5_staple_29,P3651_MA,G12,C10,375,repeating_units_slats_regular_1,384PP_AQ_BP
layer1-slat2-up-copy3_h5_staple_30,P3654_MA,H18,C10,375,repeating_units_slats_regular_1,384PP_AQ_BP
layer1-slat2-up-copy3_h5_staple_31,P3654_MA,I3,C10,375,repeating_units_slats_regular_1,384PP_AQ_BP
layer1-slat2-up-copy3_h5_staple_32,P3654_MA,J18,C10,375,repeating_units_slats_regular_1,384PP_AQ_BP
layer1-slat3-up-copy3_h2_staple_1,sw_src009,{A5;B5;C5;D5},C11,200,repeating_units_slats_regular_1,384PP_AQ_BP
layer1-slat3-up-copy3_h2_staple_2,sw_src009,{A6;B6;C6;D6},C11,200,repeating_units_slats_regular_1,384PP_AQ_BP
layer1-slat3-up-copy3_h2_staple_3,sw_src009,{A7;B7;C7;D7},C11,200,repeating_units_slats_regular_1,384PP_AQ_BP
layer1-slat3-up-copy3_h2_staple_4,sw_src009,{A8;B8;C8;D8},C11,200,repeating_units_slats_regular_1,384PP_AQ_BP
layer1-slat3-up-copy3_h2_staple_5,sw_src009,{A9;B9;C9;D9},C11,200,repeating_units_slats_regular_1,384PP_AQ_BP
layer1-slat3-up-copy3_h2_staple_6,sw_src009,{A10;B10;C10;D10},C11,200,repeating_units_slats_regular_1,384PP_AQ_BP
layer1-slat3-up-copy3_h2_staple_7,sw_src009,{A11;B11;C11;D11},C11,200,repeating_units_slats_regular_1,384PP_AQ_BP
layer1-slat3-up-copy3_h2_staple_8,sw_src009,{A12;B12;C12;D12},C11,200,repeating_units_slats_regular_1,384PP_AQ_BP
layer1-slat3-up-copy3_h2_staple_9,sw_src009,{A13;B13;C13;D13},C11,200,repeating_units_slats_regular_1,384PP_AQ_BP
layer1-slat3-up-copy3_h2_staple_10,sw_src009,{A14;B14;C14;D14},C11,200,repeating_units_slats_regular_1,384PP_AQ_BP
layer1-slat3-up-copy3_h2_staple_11,sw_src009,{A15;B15;C15;D15},C11,200,repeating_units_slats_regular_1,384PP_AQ_BP
layer1-slat3-up-copy3_h2_staple_12,sw_src009,{A16;B16;C16;D16},C11,200,repeating_units_slats_regular_1,384PP_AQ_BP
layer1-slat3-up-copy3_h2_staple_13,sw_src009,{A17;B17;C17;D17},C11,200,repeating_units_slats_regular_1,384PP_AQ_BP
layer1-slat3-up-copy3_h2_staple_14,sw_src009,{A18;B18;C18;D18},C11,200,repeating_units_slats_regular_1,384PP_AQ_BP
layer1-slat3-up-copy3_h2_staple_15,sw_src009,{A19;B19;C19;D19},C11,200,repeating_units_slats_regular_1,384PP_AQ_BP
layer1-slat3-up-copy3_h2_staple_16,sw_src009,{A20;B20;C20;D20},C11,200,repeating_units_slats_regular_1,384PP_AQ_BP
layer1-slat3-up-copy3_h2_staple_17,sw_src009,{E5;F5;G5;H5},C11,200,repeating_units_slats_regular_1,384PP_AQ_BP
layer1-slat3-up-copy3_h2_staple_18,sw_src009,{E6;F6;G6;H6},C11,200,repeating_units_slats_regular_1,384PP_AQ_BP
layer1-slat3-up-copy3_h2_staple_19,sw_src009,{E7;F7;G7;H7},C11,200,repeating_units_slats_regular_1,384PP_AQ_BP
layer1-slat3-up-copy3_h2_staple_20,sw_src009,{E8;F8;G8;H8},C11,200,repeating_units_slats_regular_1,384PP_AQ_BP
layer1-slat3-up-copy3_h2_staple_21,sw_src009,{E9;F9;G9;H9},C11,200,repeating_units_slats_regular_1,384PP_AQ_BP
layer1-slat3-up-copy3_h2_staple_22,sw_src009,{E10;F10;G10;H10},C11,200,repeating_units_slats_regular_1,384PP_AQ_BP
layer1-slat3-up-copy3_h2_staple_23,sw_src009,{E11;F11;G11;H11},C11,200,repeating_units_slats_regular_1,384PP_AQ_BP
layer1-slat3-up-copy3_h2_staple_24,sw_src009,{E12;F12;G12;H12},C11,200,repeating_units_slats_regular_1,384PP_AQ_BP
layer1-slat3-up-copy3_h2_staple_25,sw_src009,{E13;F13;G13;H13},C11,200,repeating_units_slats_regular_1,384PP_AQ_BP
layer1-slat3-up-copy3_h2_staple_26,sw_src009,{E14;F14;G14;H14},C11,200,repeating_units_slats_regular_1,384PP_AQ_BP
layer1-slat3-up-copy3_h2_staple_27,sw_src009,{E15;F15;G15;H15},C11,200,repeating_units_slats_regular_1,384PP_AQ_BP
layer1-slat3-up-copy3_h2_staple_28,sw_src009,{E16;F16;G16;H16},C11,200,repeating_units_slats_regular_1,384PP_AQ_BP
layer1-slat3-up-copy3_h2_staple_29,sw_src009,{E17;F17;G17;H17},C11,200,repeating_units_slats_regular_1,384PP_AQ_BP
layer1-slat3-up-copy3_h2_staple_30,sw_src009,{E18;F18;G18;H18},C11,200,repeating_units_slats_regular_1,384PP_AQ_BP
layer1-slat3-up-copy3_h2_staple_31,sw_src009,{E19;F19;G19;H19},C11,200,repeating_units_slats_regular_1,384PP_AQ_BP
layer1-slat3-up-copy3_h2_staple_32,sw_src009,{E20;F20;G20;H20},C11,200,repeating_units_slats_regular_1,384PP_AQ_BP
layer1-slat3-up-copy3_h5_staple_1,P3652_MA,A18,C11,375,repeating_units_slats_regular_1,384PP_AQ_BP
layer1-slat3-up-copy3_h5_staple_2,P3652_MA,B23,C11,375,repeating_units_slats_regular_1,384PP_AQ_BP
layer1-slat3-up-copy3_h5_staple_3,P3652_MA,D17,C11,375,repeating_units_slats_regular_1,384PP_AQ_BP
layer1-slat3-up-copy3_h5_staple_4,P3649_MA,F1,C11,375,repeating_units_slats_regular_1,384PP_AQ_BP
layer1-slat3-up-copy3_h5_staple_5,P3652_MA,G12,C11,375,repeating_units_slats_regular_1,384PP_AQ_BP
layer1-slat3-up-copy3_h5_staple_6,P3649_MA,H5,C11,375,repeating_units_slats_regular_1,384PP_AQ_BP
layer1-slat3-up-copy3_h5_staple_7,P3649_MA,I6,C11,375,repeating_units_slats_regular_1,384PP_AQ_BP
layer1-slat3-up-copy3_h5_staple_8,P3652_MA,J9,C11,375,repeating_units_slats_regular_1,384PP_AQ_BP
layer1-slat3-up-copy3_h5_staple_9,P3652_MA,L14,C11,375,repeating_units_slats_regular_1,384PP_AQ_BP
layer1-slat3-up-copy3_h5_staple_10,P3649_MA,M6,C11,375,repeating_units_slats_regular_1,384PP_AQ_BP
layer1-slat3-up-copy3_h5_staple_11,P3649_MA,O4,C11,375,repeating_units_slats_regular_1,384PP_AQ_BP
layer1-slat3-up-copy3_h5_staple_12,P3649_MA,P21,C11,375,repeating_units_slats_regular_1,384PP_AQ_BP
layer1-slat3-up-copy3_h5_staple_13,P3653_MA,B7,C11,375,repeating_units_slats_regular_1,384PP_AQ_BP
layer1-slat3-up-copy3_h5_staple_14,P3650_MA,C13,C11,375,repeating_units_slats_regular_1,384PP_AQ_BP
layer1-slat3-up-copy3_h5_staple_15,P3650_MA,D21,C11,375,repeating_units_slats_regular_1,384PP_AQ_BP
layer1-slat3-up-copy3_h5_staple_16,P3653_MA,E21,C11,375,repeating_units_slats_regular_1,384PP_AQ_BP
layer1-slat3-up-copy3_h5_staple_17,P3650_MA,F13,C11,375,repeating_units_slats_regular_1,384PP_AQ_BP
layer1-slat3-up-copy3_h5_staple_18,P3650_MA,G20,C11,375,repeating_units_slats_regular_1,384PP_AQ_BP
layer1-slat3-up-copy3_h5_staple_19,P3653_MA,J5,C11,375,repeating_units_slats_regular_1,384PP_AQ_BP
layer1-slat3-up-copy3_h5_staple_20,P3650_MA,K16,C11,375,repeating_units_slats_regular_1,384PP_AQ_BP
layer1-slat3-up-copy3_h5_staple_21,P3653_MA,L15,C11,375,repeating_units_slats_regular_1,384PP_AQ_BP
layer1-slat3-up-copy3_h5_staple_22,P3653_MA,M20,C11,375,repeating_units_slats_regular_1,384PP_AQ_BP
layer1-slat3-up-copy3_h5_staple_23,P3653_MA,N18,C11,375,repeating_units_slats_regular_1,384PP_AQ_BP
layer1-slat3-up-copy3_h5_staple_24,P3650_MA,P13,C11,375,repeating_units_slats_regular_1,384PP_AQ_BP
layer1-slat3-up-copy3_h5_staple_25,P3651_MA,A5,C11,375,repeating_units_slats_regular_1,384PP_AQ_BP
layer1-slat3-up-copy3_h5_staple_26,P3651_MA,B17,C11,375,repeating_units_slats_regular_1,384PP_AQ_BP
layer1-slat3-up-copy3_h5_staple_27,P3651_MA,D5,C11,375,repeating_units_slats_regular_1,384PP_AQ_BP
layer1-slat3-up-copy3_h5_staple_28,P3651_MA,E15,C11,375,repeating_units_slats_regular_1,384PP_AQ_BP
layer1-slat3-up-copy3_h5_staple_29,P3654_MA,F20,C11,375,repeating_units_slats_regular_1,384PP_AQ_BP
layer1-slat3-up-copy3_h5_staple_30,P3654_MA,H3,C11,375,repeating_units_slats_regular_1,384PP_AQ_BP
layer1-slat3-up-copy3_h5_staple_31,P3654_MA,J7,C11,375,repeating_units_slats_regular_1,384PP_AQ_BP
layer1-slat3-up-copy3_h5_staple_32,P3654_MA,K6,C11,375,repeating_units_slats_regular_1,384PP_AQ_BP
layer1-slat4-up-copy3_h2_staple_1,sw_src009,{A5;B5;C5;D5},C12,200,repeating_units_slats_regular_1,384PP_AQ_BP
layer1-slat4-up-copy3_h2_staple_2,sw_src009,{A6;B6;C6;D6},C12,200,repeating_units_slats_regular_1,384PP_AQ_BP
layer1-slat4-up-copy3_h2_staple_3,sw_src009,{A7;B7;C7;D7},C12,200,repeating_units_slats_regular_1,384PP_AQ_BP
layer1-slat4-up-copy3_h2_staple_4,sw_src009,{A8;B8;C8;D8},C12,200,repeating_units_slats_regular_1,384PP_AQ_BP
layer1-slat4-up-copy3_h2_staple_5,sw_src009,{A9;B9;C9;D9},C12,200,repeating_units_slats_regular_1,384PP_AQ_BP
layer1-slat4-up-copy3_h2_staple_6,sw_src009,{A10;B10;C10;D10},C12,200,repeating_units_slats_regular_1,384PP_AQ_BP
layer1-slat4-up-copy3_h2_staple_7,sw_src009,{A11;B11;C11;D11},C12,200,repeating_units_slats_regular_1,384PP_AQ_BP
layer1-slat4-up-copy3_h2_staple_8,sw_src009,{A12;B12;C12;D12},C12,200,repeating_units_slats_regular_1,384PP_AQ_BP
layer1-slat4-up-copy3_h2_staple_9,sw_src009,{A13;B13;C13;D13},C12,200,repeating_units_slats_regular_1,384PP_AQ_BP
layer1-slat4-up-copy3_h2_staple_10,sw_src009,{A14;B14;C14;D14},C12,200,repeating_units_slats_regular_1,384PP_AQ_BP
layer1-slat4-up-copy3_h2_staple_11,sw_src009,{A15;B15;C15;D15},C12,200,repeating_units_slats_regular_1,384PP_AQ_BP
layer1-slat4-up-copy3_h2_staple_12,sw_src009,{A16;B16;C16;D16},C12,200,repeating_units_slats_regular_1,384PP_AQ_BP
layer1-slat4-up-copy3_h2_staple_13,sw_src009,{A17;B17;C17;D17},C12,200,repeating_units_slats_regular_1,384PP_AQ_BP
layer1-slat4-up-copy3_h2_staple_14,sw_src009,{A18;B18;C18;D18},C12,200,repeating_units_slats_regular_1,384PP_AQ_BP
layer1-slat4-up-copy3_h2_staple_15,sw_src009,{A19;B19;C19;D19},C12,200,repeating_units_slats_regular_1,384PP_AQ_BP
layer1-slat4-up-copy3_h2_staple_16,sw_src009,{A20;B20;C20;D20},C12,200,repeating_units_slats_regular_1,384PP_AQ_BP
layer1-slat4-up-copy3_h2_staple_17,sw_src009,{E5;F5;G5;H5},C12,200,repeating_units_slats_regular_1,384PP_AQ_BP
layer1-slat4-up-copy3_h2_staple_18,sw_src009,{E6;F6;G6;H6},C12,200,repeating_units_slats_regular_1,384PP_AQ_BP
layer1-slat4-up-copy3_h2_staple_19,sw_src009,{E7;F7;G7;H7},C12,200,repeating_units_slats_regular_1,384PP_AQ_BP
layer1-slat4-up-copy3_h2_staple_20,sw_src009,{E8;F8;G8;H8},C12,200,repeating_units_slats_regular_1,384PP_AQ_BP
layer1-slat4-up-copy3_h2_staple_21,sw_src009,{E9;F9;G9;H9},C12,200,repeating_units_slats_regular_1,384PP_AQ_BP
layer1-slat4-up-copy3_h2_staple_22,sw_src009,{E10;F10;G10;H10},C12,200,repeating_units_slats_regular_1,384PP_AQ_BP
layer1-slat4-up-copy3_h2_staple_23,sw_src009,{E11;F11;G11;H11},C12,200,repeating_units_slats_regular_1,384PP_AQ_BP
layer1-slat4-up-copy3_h2_staple_24,sw_src009,{E12;F12;G12;H12},C12,200,repeating_units_slats_regular_1,384PP_AQ_BP
layer1-slat4-up-copy3_h2_staple_25,sw_src009,{E13;F13;G13;H13},C12,200,repeating_units_slats_regular_1,384PP_AQ_BP
layer1-slat4-up-copy3_h2_staple_26,sw_src009,{E14;F14;G14;H14},C12,200,repeating_units_slats_regular_1,384PP_AQ_BP
layer1-slat4-up-copy3_h2_staple_27,sw_src009,{E15;F15;G15;H15},C12,200,repeating_units_slats_regular_1,384PP_AQ_BP
layer1-slat4-up-copy3_h2_staple_28,sw_src009,{E16;F16;G16;H16},C12,200,repeating_units_slats_regular_1,384PP_AQ_BP
layer1-slat4-up-copy3_h2_staple_29,sw_src009,{E17;F17;G17;H17},C12,200,repeating_units_slats_regular_1,384PP_AQ_BP
layer1-slat4-up-copy3_h2_staple_30,sw_src009,{E18;F18;G18;H18},C12,200,repeating_units_slats_regular_1,384PP_AQ_BP
layer1-slat4-up-copy3_h2_staple_31,sw_src009,{E19;F19;G19;H19},C12,200,repeating_units_slats_regular_1,384PP_AQ_BP
layer1-slat4-up-copy3_h2_staple_32,sw_src009,{E20;F20;G20;H20},C12,200,repeating_units_slats_regular_1,384PP_AQ_BP
layer1-slat4-up-copy3_h5_staple_1,P3652_MA,A16,C12,375,repeating_units_slats_regular_1,384PP_AQ_BP
layer1-slat4-up-copy3_h5_staple_2,P3649_MA,C12,C12,375,repeating_units_slats_regular_1,384PP_AQ_BP
layer1-slat4-up-copy3_h5_staple_3,P3652_MA,C18,C12,375,repeating_units_slats_regular_1,384PP_AQ_BP
layer1-slat4-up-copy3_h5_staple_4,P3652_MA,E8,C12,375,repeating_units_slats_regular_1,384PP_AQ_BP
layer1-slat4-up-copy3_h5_staple_5,P3649_MA,F22,C12,375,repeating_units_slats_regular_1,384PP_AQ_BP
layer1-slat4-up-copy3_h5_staple_6,P3649_MA,H11,C12,375,repeating_units_slats_regular_1,384PP_AQ_BP
layer1-slat4-up-copy3_h5_staple_7,P3649_MA,I1,C12,375,repeating_units_slats_regular_1,384PP_AQ_BP
layer1-slat4-up-copy3_h5_staple_8,P3649_MA,J9,C12,375,repeating_units_slats_regular_1,384PP_AQ_BP
layer1-slat4-up-copy3_h5_staple_9,P3649_MA,K20,C12,375,repeating_units_slats_regular_1,384PP_AQ_BP
layer1-slat4-up-copy3_h5_staple_10,P3652_MA,M17,C12,375,repeating_units_slats_regular_1,384PP_AQ_BP
layer1-slat4-up-copy3_h5_staple_11,P3649_MA,N18,C12,375,repeating_units_slats_regular_1,384PP_AQ_BP
layer1-slat4-up-copy3_h5_staple_12,P3652_MA,O20,C12,375,repeating_units_slats_regular_1,384PP_AQ_BP
layer1-slat4-up-copy3_h5_staple_13,P3650_MA,A14,C12,375,repeating_units_slats_regular_1,384PP_AQ_BP
layer1-slat4-up-copy3_h5_staple_14,P3650_MA,C3,C12,375,repeating_units_slats_regular_1,384PP_AQ_BP
layer1-slat4-up-copy3_h5_staple_15,P3650_MA,C24,C12,375,repeating_units_slats_regular_1,384PP_AQ_BP
layer1-slat4-up-copy3_h5_staple_16,P3650_MA,E17,C12,375,repeating_units_slats_regular_1,384PP_AQ_BP
layer1-slat4-up-copy3_h5_staple_17,P3653_MA,F12,C12,375,repeating_units_slats_regular_1,384PP_AQ_BP
layer1-slat4-up-copy3_h5_staple_18,P3650_MA,H16,C12,375,repeating_units_slats_regular_1,384PP_AQ_BP
layer1-slat4-up-copy3_h5_staple_19,P3653_MA,I24,C12,375,repeating_units_slats_regular_1,384PP_AQ_BP
layer1-slat4-up-copy3_h5_staple_20,P3650_MA,J15,C12,375,repeating_units_slats_regular_1,384PP_AQ_BP
layer1-slat4-up-copy3_h5_staple_21,P3653_MA,L15,C12,375,repeating_units_slats_regular_1,384PP_AQ_BP
layer1-slat4-up-copy3_h5_staple_22,P3650_MA,M23,C12,375,repeating_units_slats_regular_1,384PP_AQ_BP
layer1-slat4-up-copy3_h5_staple_23,P3650_MA,N19,C12,375,repeating_units_slats_regular_1,384PP_AQ_BP
layer1-slat4-up-copy3_h5_staple_24,P3650_MA,P21,C12,375,repeating_units_slats_regular_1,384PP_AQ_BP
layer1-slat4-up-copy3_h5_staple_25,P3654_MA,A2,C12,375,repeating_units_slats_regular_1,384PP_AQ_BP
layer1-slat4-up-copy3_h5_staple_26,P3654_MA,B23,C12,375,repeating_units_slats_regular_1,384PP_AQ_BP
layer1-slat4-up-copy3_h5_staple_27,P3654_MA,C23,C12,375,repeating_units_slats_regular_1,384PP_AQ_BP
layer1-slat4-up-copy3_h5_staple_28,P3654_MA,E14,C12,375,repeating_units_slats_regular_1,384PP_AQ_BP
layer1-slat4-up-copy3_h5_staple_29,P3654_MA,G11,C12,375,repeating_units_slats_regular_1,384PP_AQ_BP
layer1-slat4-up-copy3_h5_staple_30,P3654_MA,H15,C12,375,repeating_units_slats_regular_1,384PP_AQ_BP
layer1-slat4-up-copy3_h5_staple_31,P3654_MA,I4,C12,375,repeating_units_slats_regular_1,384PP_AQ_BP
layer1-slat4-up-copy3_h5_staple_32,P3654_MA,J13,C12,375,repeating_units_slats_regular_1,384PP_AQ_BP
layer1-slat5-up-copy3_h2_staple_1,sw_src009,{A5;B5;C5;D5},D1,200,repeating_units_slats_regular_1,384PP_AQ_BP
layer1-slat5-up-copy3_h2_staple_2,sw_src009,{A6;B6;C6;D6},D1,200,repeating_units_slats_regular_1,384PP_AQ_BP
layer1-slat5-up-copy3_h2_staple_3,sw_src009,{A7;B7;C7;D7},D1,200,repeating_units_slats_regular_1,384PP_AQ_BP
layer1-slat5-up-copy3_h2_staple_4,sw_src009,{A8;B8;C8;D8},D1,200,repeating_units_slats_regular_1,384PP_AQ_BP
layer1-slat5-up-copy3_h2_staple_5,sw_src009,{A9;B9;C9;D9},D1,200,repeating_units_slats_regular_1,384PP_AQ_BP
layer1-slat5-up-copy3_h2_staple_6,sw_src009,{A10;B10;C10;D10},D1,200,repeating_units_slats_regular_1,384PP_AQ_BP
layer1-slat5-up-copy3_h2_staple_7,sw_src009,{A11;B11;C11;D11},D1,200,repeating_units_slats_regular_1,384PP_AQ_BP
layer1-slat5-up-copy3_h2_staple_8,sw_src009,{A12;B12;C12;D12},D1,200,repeating_units_slats_regular_1,384PP_AQ_BP
layer1-slat5-up-copy3_h2_staple_9,sw_src009,{A13;B13;C13;D13},D1,200,repeating_units_slats_regular_1,384PP_AQ_BP
layer1-slat5-up-copy3_h2_staple_10,sw_src009,{A14;B14;C14;D14},D1,200,repeating_units_slats_regular_1,384PP_AQ_BP
layer1-slat5-up-copy3_h2_staple_11,sw_src009,{A15;B15;C15;D15},D1,200,repeating_units_slats_regular_1,384PP_AQ_BP
layer1-slat5-up-copy3_h2_staple_12,sw_src009,{A16;B16;C16;D16},D1,200,repeating_units_slats_regular_1,384PP_AQ_BP
layer1-slat5-up-copy3_h2_staple_13,sw_src009,{A17;B17;C17;D17},D1,200,repeating_units_slats_regular_1,384PP_AQ_BP
layer1-slat5-up-copy3_h2_staple_14,sw_src009,{A18;B18;C18;D18},D1,200,repeating_units_slats_regular_1,384PP_AQ_BP
layer1-slat5-up-copy3_h2_staple_15,sw_src009,{A19;B19;C19;D19},D1,200,repeating_units_slats_regular_1,384PP_AQ_BP
layer1-slat5-up-copy3_h2_staple_16,sw_src009,{A20;B20;C20;D20},D1,200,repeating_units_slats_regular_1,384PP_AQ_BP
layer1-slat5-up-copy3_h2_staple_17,sw_src009,{E5;F5;G5;H5},D1,200,repeating_units_slats_regular_1,384PP_AQ_BP
layer1-slat5-up-copy3_h2_staple_18,sw_src009,{E6;F6;G6;H6},D1,200,repeating_units_slats_regular_1,384PP_AQ_BP
layer1-slat5-up-copy3_h2_staple_19,sw_src009,{E7;F7;G7;H7},D1,200,repeating_units_slats_regular_1,384PP_AQ_BP
layer1-slat5-up-copy3_h2_staple_20,sw_src009,{E8;F8;G8;H8},D1,200,repeating_units_slats_regular_1,384PP_AQ_BP
layer1-slat5-up-copy3_h2_staple_21,sw_src009,{E9;F9;G9;H9},D1,200,repeating_units_slats_regular_1,384PP_AQ_BP
layer1-slat5-up-copy3_h2_staple_22,sw_src009,{E10;F10;G10;H10},D1,200,repeating_units_slats_regular_1,384PP_AQ_BP
layer1-slat5-up-copy3_h2_staple_23,sw_src009,{E11;F11;G11;H11},D1,200,repeating_units_slats_regular_1,384PP_AQ_BP
layer1-slat5-up-copy3_h2_staple_24,sw_src009,{E12;F12;G12;H12},D1,200,repeating_units_slats_regular_1,384PP_AQ_BP
layer1-slat5-up-copy3_h2_staple_25,sw_src009,{E13;F13;G13;H13},D1,200,repeating_units_slats_regular_1,384PP_AQ_BP
layer1-slat5-up-copy3_h2_staple_26,sw_src009,{E14;F14;G14;H14},D1,200,repeating_units_slats_regular_1,384PP_AQ_BP
layer1-slat5-up-copy3_h2_staple_27,sw_src009,{E15;F15;G15;H15},D1,200,repeating_units_slats_regular_1,384PP_AQ_BP
layer1-slat5-up-copy3_h2_staple_28,sw_src009,{E16;F16;G16;H16},D1,200,repeating_units_slats_regular_1,384PP_AQ_BP
layer1-slat5-up-copy3_h2_staple_29,sw_src009,{E17;F17;G17;H17},D1,200,repeating_units_slats_regular_1,384PP_AQ_BP
layer1-slat5-up-copy3_h2_staple_30,sw_src009,{E18;F18;G18;H18},D1,200,repeating_units_slats_regular_1,384PP_AQ_BP
layer1-slat5-up-copy3_h2_staple_31,sw_src009,{E19;F19;G19;H19},D1,200,repeating_units_slats_regular_1,384PP_AQ_BP
layer1-slat5-up-copy3_h2_staple_32,sw_src009,{E20;F20;G20;H20},D1,200,repeating_units_slats_regular_1,384PP_AQ_BP
layer1-slat5-up-copy3_h5_staple_1,P3652_MA,B8,D1,375,repeating_units_slats_regular_1,384PP_AQ_BP
layer1-slat5-up-copy3_h5_staple_2,P3649_MA,C2,D1,375,repeating_units_slats_regular_1,384PP_AQ_BP
layer1-slat5-up-copy3_h5_staple_3,P3652_MA,C20,D1,375,repeating_units_slats_regular_1,384PP_AQ_BP
layer1-slat5-up-copy3_h5_staple_4,P3649_MA,E20,D1,375,repeating_units_slats_regular_1,384PP_AQ_BP
layer1-slat5-up-copy3_h5_staple_5,P3652_MA,F17,D1,375,repeating_units_slats_regular_1,384PP_AQ_BP
layer1-slat5-up-copy3_h5_staple_6,P3649_MA,H18,D1,375,repeating_units_slats_regular_1,384PP_AQ_BP
layer1-slat5-up-copy3_h5_staple_7,P3649_MA,I4,D1,375,repeating_units_slats_regular_1,384PP_AQ_BP
layer1-slat5-up-copy3_h5_staple_8,P3649_MA,K6,D1,375,repeating_units_slats_regular_1,384PP_AQ_BP
layer1-slat5-up-copy3_h5_staple_9,P3649_MA,L7,D1,375,repeating_units_slats_regular_1,384PP_AQ_BP
layer1-slat5-up-copy3_h5_staple_10,P3652_MA,N8,D1,375,repeating_units_slats_regular_1,384PP_AQ_BP
layer1-slat5-up-copy3_h5_staple_11,P3649_MA,O1,D1,375,repeating_units_slats_regular_1,384PP_AQ_BP
layer1-slat5-up-copy3_h5_staple_12,P3649_MA,P23,D1,375,repeating_units_slats_regular_1,384PP_AQ_BP
layer1-slat5-up-copy3_h5_staple_13,P3650_MA,A22,D1,375,repeating_units_slats_regular_1,384PP_AQ_BP
layer1-slat5-up-copy3_h5_staple_14,P3650_MA,B10,D1,375,repeating_units_slats_regular_1,384PP_AQ_BP
layer1-slat5-up-copy3_h5_staple_15,P3650_MA,D5,D1,375,repeating_units_slats_regular_1,384PP_AQ_BP
layer1-slat5-up-copy3_h5_staple_16,P3650_MA,E2,D1,375,repeating_units_slats_regular_1,384PP_AQ_BP
layer1-slat5-up-copy3_h5_staple_17,P3653_MA,G6,D1,375,repeating_units_slats_regular_1,384PP_AQ_BP
layer1-slat5-up-copy3_h5_staple_18,P3653_MA,H10,D1,375,repeating_units_slats_regular_1,384PP_AQ_BP
layer1-slat5-up-copy3_h5_staple_19,P3650_MA,I20,D1,375,repeating_units_slats_regular_1,384PP_AQ_BP
layer1-slat5-up-copy3_h5_staple_20,P3653_MA,K11,D1,375,repeating_units_slats_regular_1,384PP_AQ_BP
layer1-slat5-up-copy3_h5_staple_21,P3650_MA,L8,D1,375,repeating_units_slats_regular_1,384PP_AQ_BP
layer1-slat5-up-copy3_h5_staple_22,P3653_MA,M17,D1,375,repeating_units_slats_regular_1,384PP_AQ_BP
layer1-slat5-up-copy3_h5_staple_23,P3653_MA,O9,D1,375,repeating_units_slats_regular_1,384PP_AQ_BP
layer1-slat5-up-copy3_h5_staple_24,P3653_MA,P24,D1,375,repeating_units_slats_regular_1,384PP_AQ_BP
layer1-slat5-up-copy3_h5_staple_25,P3651_MA,A8,D1,375,repeating_units_slats_regular_1,384PP_AQ_BP
layer1-slat5-up-copy3_h5_staple_26,P3651_MA,C7,D1,375,repeating_units_slats_regular_1,384PP_AQ_BP
layer1-slat5-up-copy3_h5_staple_27,P3651_MA,D16,D1,375,repeating_units_slats_regular_1,384PP_AQ_BP
layer1-slat5-up-copy3_h5_staple_28,P3651_MA,E16,D1,375,repeating_units_slats_regular_1,384PP_AQ_BP
layer1-slat5-up-copy3_h5_staple_29,P3654_MA,G5,D1,375,repeating_units_slats_regular_1,384PP_AQ_BP
layer1-slat5-up-copy3_h5_staple_30,P3651_MA,G22,D1,375,repeating_units_slats_regular_1,384PP_AQ_BP
layer1-slat5-up-copy3_h5_staple_31,P3651_MA,I3,D1,375,repeating_units_slats_regular_1,384PP_AQ_BP
layer1-slat5-up-copy3_h5_staple_32,P3654_MA,K13,D1,375,repeating_units_slats_regular_1,384PP_AQ_BP
layer1-slat6-up-copy3_h2_staple_1,sw_src009,{A5;B5;C5;D5},D2,200,repeating_units_slats_regular_1,384PP_AQ_BP
layer1-slat6-up-copy3_h2_staple_2,sw_src009,{A6;B6;C6;D6},D2,200,repeating_units_slats_regular_1,384PP_AQ_BP
layer1-slat6-up-copy3_h2_staple_3,sw_src009,{A7;B7;C7;D7},D2,200,repeating_units_slats_regular_1,384PP_AQ_BP
layer1-slat6-up-copy3_h2_staple_4,sw_src009,{A8;B8;C8;D8},D2,200,repeating_units_slats_regular_1,384PP_AQ_BP
layer1-slat6-up-copy3_h2_staple_5,sw_src009,{A9;B9;C9;D9},D2,200,repeating_units_slats_regular_1,384PP_AQ_BP
layer1-slat6-up-copy3_h2_staple_6,sw_src009,{A10;B10;C10;D10},D2,200,repeating_units_slats_regular_1,384PP_AQ_BP
layer1-slat6-up-copy3_h2_staple_7,sw_src009,{A11;B11;C11;D11},D2,200,repeating_units_slats_regular_1,384PP_AQ_BP
layer1-slat6-up-copy3_h2_staple_8,sw_src009,{A12;B12;C12;D12},D2,200,repeating_units_slats_regular_1,384PP_AQ_BP
layer1-slat6-up-copy3_h2_staple_9,sw_src009,{A13;B13;C13;D13},D2,200,repeating_units_slats_regular_1,384PP_AQ_BP
layer1-slat6-up-copy3_h2_staple_10,sw_src009,{A14;B14;C14;D14},D2,200,repeating_units_slats_regular_1,384PP_AQ_BP
layer1-slat6-up-copy3_h2_staple_11,sw_src009,{A15;B15;C15;D15},D2,200,repeating_units_slats_regular_1,384PP_AQ_BP
layer1-slat6-up-copy3_h2_staple_12,sw_src009,{A16;B16;C16;D16},D2,200,repeating_units_slats_regular_1,384PP_AQ_BP
layer1-slat6-up-copy3_h2_staple_13,sw_src009,{A17;B17;C17;D17},D2,200,repeating_units_slats_regular_1,384PP_AQ_BP
layer1-slat6-up-copy3_h2_staple_14,sw_src009,{A18;B18;C18;D18},D2,200,repeating_units_slats_regular_1,384PP_AQ_BP
layer1-slat6-up-copy3_h2_staple_15,sw_src009,{A19;B19;C19;D19},D2,200,repeating_units_slats_regular_1,384PP_AQ_BP
layer1-slat6-up-copy3_h2_staple_16,sw_src009,{A20;B20;C20;D20},D2,200,repeating_units_slats_regular_1,384PP_AQ_BP
layer1-slat6-up-copy3_h2_staple_17,sw_src009,{E5;F5;G5;H5},D2,200,repeating_units_slats_regular_1,384PP_AQ_BP
layer1-slat6-up-copy3_h2_staple_18,sw_src009,{E6;F6;G6;H6},D2,200,repeating_units_slats_regular_1,384PP_AQ_BP
layer1-slat6-up-copy3_h2_staple_19,sw_src009,{E7;F7;G7;H7},D2,200,repeating_units_slats_regular_1,384PP_AQ_BP
layer1-slat6-up-copy3_h2_staple_20,sw_src009,{E8;F8;G8;H8},D2,200,repeating_units_slats_regular_1,384PP_AQ_BP
layer1-slat6-up-copy3_h2_staple_21,sw_src009,{E9;F9;G9;H9},D2,200,repeating_units_slats_regular_1,384PP_AQ_BP
layer1-slat6-up-copy3_h2_staple_22,sw_src009,{E10;F10;G10;H10},D2,200,repeating_units_slats_regular_1,384PP_AQ_BP
layer1-slat6-up-copy3_h2_staple_23,sw_src009,{E11;F11;G11;H11},D2,200,repeating_units_slats_regular_1,384PP_AQ_BP
layer1-slat6-up-copy3_h2_staple_24,sw_src009,{E12;F12;G12;H12},D2,200,repeating_units_slats_regular_1,384PP_AQ_BP
layer1-slat6-up-copy3_h2_staple_25,sw_src009,{E13;F13;G13;H13},D2,200,repeating_units_slats_regular_1,384PP_AQ_BP
layer1-slat6-up-copy3_h2_staple_26,sw_src009,{E14;F14;G14;H14},D2,200,repeating_units_slats_regular_1,384PP_AQ_BP
layer1-slat6-up-copy3_h2_staple_27,sw_src009,{E15;F15;G15;H15},D2,200,repeating_units_slats_regular_1,384PP_AQ_BP
layer1-slat6-up-copy3_h2_staple_28,sw_src009,{E16;F16;G16;H16},D2,200,repeating_units_slats_regular_1,384PP_AQ_BP
layer1-slat6-up-copy3_h2_staple_29,sw_src009,{E17;F17;G17;H17},D2,200,repeating_units_slats_regular_1,384PP_AQ_BP
layer1-slat6-up-copy3_h2_staple_30,sw_src009,{E18;F18;G18;H18},D2,200,repeating_units_slats_regular_1,384PP_AQ_BP
layer1-slat6-up-copy3_h2_staple_31,sw_src009,{E19;F19;G19;H19},D2,200,repeating_units_slats_regular_1,384PP_AQ_BP
layer1-slat6-up-copy3_h2_staple_32,sw_src009,{E20;F20;G20;H20},D2,200,repeating_units_slats_regular_1,384PP_AQ_BP
layer1-slat6-up-copy3_h5_staple_1,P3652_MA,B7,D2,375,repeating_units_slats_regular_1,384PP_AQ_BP
layer1-slat6-up-copy3_h5_staple_2,P3649_MA,B16,D2,375,repeating_units_slats_regular_1,384PP_AQ_BP
layer1-slat6-up-copy3_h5_staple_3,P3652_MA,D10,D2,375,repeating_units_slats_regular_1,384PP_AQ_BP
layer1-slat6-up-copy3_h5_staple_4,P3649_MA,E5,D2,375,repeating_units_slats_regular_1,384PP_AQ_BP
layer1-slat6-up-copy3_h5_staple_5,P3652_MA,G15,D2,375,repeating_units_slats_regular_1,384PP_AQ_BP
layer1-slat6-up-copy3_h5_staple_6,P3649_MA,H17,D2,375,repeating_units_slats_regular_1,384PP_AQ_BP
layer1-slat6-up-copy3_h5_staple_7,P3652_MA,I24,D2,375,repeating_units_slats_regular_1,384PP_AQ_BP
layer1-slat6-up-copy3_h5_staple_8,P3649_MA,K1,D2,375,repeating_units_slats_regular_1,384PP_AQ_BP
layer1-slat6-up-copy3_h5_staple_9,P3649_MA,L1,D2,375,repeating_units_slats_regular_1,384PP_AQ_BP
layer1-slat6-up-copy3_h5_staple_10,P3649_MA,M11,D2,375,repeating_units_slats_regular_1,384PP_AQ_BP
layer1-slat6-up-copy3_h5_staple_11,P3652_MA,N23,D2,375,repeating_units_slats_regular_1,384PP_AQ_BP
layer1-slat6-up-copy3_h5_staple_12,P3649_MA,P3,D2,375,repeating_units_slats_regular_1,384PP_AQ_BP
layer1-slat6-up-copy3_h5_staple_13,P3650_MA,A22,D2,375,repeating_units_slats_regular_1,384PP_AQ_BP
layer1-slat6-up-copy3_h5_staple_14,P3650_MA,B12,D2,375,repeating_units_slats_regular_1,384PP_AQ_BP
layer1-slat6-up-copy3_h5_staple_15,P3653_MA,C17,D2,375,repeating_units_slats_regular_1,384PP_AQ_BP
layer1-slat6-up-copy3_h5_staple_16,P3653_MA,E10,D2,375,repeating_units_slats_regular_1,384PP_AQ_BP
layer1-slat6-up-copy3_h5_staple_17,P3653_MA,F16,D2,375,repeating_units_slats_regular_1,384PP_AQ_BP
layer1-slat6-up-copy3_h5_staple_18,P3650_MA,G18,D2,375,repeating_units_slats_regular_1,384PP_AQ_BP
layer1-slat6-up-copy3_h5_staple_19,P3650_MA,I14,D2,375,repeating_units_slats_regular_1,384PP_AQ_BP
layer1-slat6-up-copy3_h5_staple_20,P3650_MA,J16,D2,375,repeating_units_slats_regular_1,384PP_AQ_BP
layer1-slat6-up-copy3_h5_staple_21,P3653_MA,L20,D2,375,repeating_units_slats_regular_1,384PP_AQ_BP
layer1-slat6-up-copy3_h5_staple_22,P3653_MA,M13,D2,375,repeating_units_slats_regular_1,384PP_AQ_BP
layer1-slat6-up-copy3_h5_staple_23,P3653_MA,O3,D2,375,repeating_units_slats_regular_1,384PP_AQ_BP
layer1-slat6-up-copy3_h5_staple_24,P3650_MA,O20,D2,375,repeating_units_slats_regular_1,384PP_AQ_BP
layer1-slat6-up-copy3_h5_staple_25,P3654_MA,A17,D2,375,repeating_units_slats_regular_1,384PP_AQ_BP
layer1-slat6-up-copy3_h5_staple_26,P3654_MA,C3,D2,375,repeating_units_slats_regular_1,384PP_AQ_BP
layer1-slat6-up-copy3_h5_staple_27,P3651_MA,D21,D2,375,repeating_units_slats_regular_1,384PP_AQ_BP
layer1-slat6-up-copy3_h5_staple_28,P3651_MA,E21,D2,375,repeating_units_slats_regular_1,384PP_AQ_BP
layer1-slat6-up-copy3_h5_staple_29,P3651_MA,F10,D2,375,repeating_units_slats_regular_1,384PP_AQ_BP
layer1-slat6-up-copy3_h5_staple_30,P3651_MA,H2,D2,375,repeating_units_slats_regular_1,384PP_AQ_BP
layer1-slat6-up-copy3_h5_staple_31,P3654_MA,I6,D2,375,repeating_units_slats_regular_1,384PP_AQ_BP
layer1-slat6-up-copy3_h5_staple_32,P3651_MA,K5,D2,375,repeating_units_slats_regular_1,384PP_AQ_BP
layer1-slat7-up-copy3_h2_staple_1,sw_src009,{A5;B5;C5;D5},D3,200,repeating_units_slats_regular_1,384PP_AQ_BP
layer1-slat7-up-copy3_h2_staple_2,sw_src009,{A6;B6;C6;D6},D3,200,repeating_units_slats_regular_1,384PP_AQ_BP
layer1-slat7-up-copy3_h2_staple_3,sw_src009,{A7;B7;C7;D7},D3,200,repeating_units_slats_regular_1,384PP_AQ_BP
layer1-slat7-up-copy3_h2_staple_4,sw_src009,{A8;B8;C8;D8},D3,200,repeating_units_slats_regular_1,384PP_AQ_BP
layer1-slat7-up-copy3_h2_staple_5,sw_src009,{A9;B9;C9;D9},D3,200,repeating_units_slats_regular_1,384PP_AQ_BP
layer1-slat7-up-copy3_h2_staple_6,sw_src009,{A10;B10;C10;D10},D3,200,repeating_units_slats_regular_1,384PP_AQ_BP
layer1-slat7-up-copy3_h2_staple_7,sw_src009,{A11;B11;C11;D11},D3,200,repeating_units_slats_regular_1,384PP_AQ_BP
layer1-slat7-up-copy3_h2_staple_8,sw_src009,{A12;B12;C12;D12},D3,200,repeating_units_slats_regular_1,384PP_AQ_BP
layer1-slat7-up-copy3_h2_staple_9,sw_src009,{A13;B13;C13;D13},D3,200,repeating_units_slats_regular_1,384PP_AQ_BP
layer1-slat7-up-copy3_h2_staple_10,sw_src009,{A14;B14;C14;D14},D3,200,repeating_units_slats_regular_1,384PP_AQ_BP
layer1-slat7-up-copy3_h2_staple_11,sw_src009,{A15;B15;C15;D15},D3,200,repeating_units_slats_regular_1,384PP_AQ_BP
layer1-slat7-up-copy3_h2_staple_12,sw_src009,{A16;B16;C16;D16},D3,200,repeating_units_slats_regular_1,384PP_AQ_BP
layer1-slat7-up-copy3_h2_staple_13,sw_src009,{A17;B17;C17;D17},D3,200,repeating_units_slats_regular_1,384PP_AQ_BP
layer1-slat7-up-copy3_h2_staple_14,sw_src009,{A18;B18;C18;D18},D3,200,repeating_units_slats_regular_1,384PP_AQ_BP
layer1-slat7-up-copy3_h2_staple_15,sw_src009,{A19;B19;C19;D19},D3,200,repeating_units_slats_regular_1,384PP_AQ_BP
layer1-slat7-up-copy3_h2_staple_16,sw_src009,{A20;B20;C20;D20},D3,200,repeating_units_slats_regular_1,384PP_AQ_BP
layer1-slat7-up-copy3_h2_staple_17,sw_src009,{E5;F5;G5;H5},D3,200,repeating_units_slats_regular_1,384PP_AQ_BP
layer1-slat7-up-copy3_h2_staple_18,sw_src009,{E6;F6;G6;H6},D3,200,repeating_units_slats_regular_1,384PP_AQ_BP
layer1-slat7-up-copy3_h2_staple_19,sw_src009,{E7;F7;G7;H7},D3,200,repeating_units_slats_regular_1,384PP_AQ_BP
layer1-slat7-up-copy3_h2_staple_20,sw_src009,{E8;F8;G8;H8},D3,200,repeating_units_slats_regular_1,384PP_AQ_BP
layer1-slat7-up-copy3_h2_staple_21,sw_src009,{E9;F9;G9;H9},D3,200,repeating_units_slats_regular_1,384PP_AQ_BP
layer1-slat7-up-copy3_h2_staple_22,sw_src009,{E10;F10;G10;H10},D3,200,repeating_units_slats_regular_1,384PP_AQ_BP
layer1-slat7-up-copy3_h2_staple_23,sw_src009,{E11;F11;G11;H11},D3,200,repeating_units_slats_regular_1,384PP_AQ_BP
layer1-slat7-up-copy3_h2_staple_24,sw_src009,{E12;F12;G12;H12},D3,200,repeating_units_slats_regular_1,384PP_AQ_BP
layer1-slat7-up-copy3_h2_staple_25,sw_src009,{E13;F13;G13;H13},D3,200,repeating_units_slats_regular_1,384PP_AQ_BP
layer1-slat7-up-copy3_h2_staple_26,sw_src009,{E14;F14;G14;H14},D3,200,repeating_units_slats_regular_1,384PP_AQ_BP
layer1-slat7-up-copy3_h2_staple_27,sw_src009,{E15;F15;G15;H15},D3,200,repeating_units_slats_regular_1,384PP_AQ_BP
layer1-slat7-up-copy3_h2_staple_28,sw_src009,{E16;F16;G16;H16},D3,200,repeating_units_slats_regular_1,384PP_AQ_BP
layer1-slat7-up-copy3_h2_staple_29,sw_src009,{E17;F17;G17;H17},D3,200,repeating_units_slats_regular_1,384PP_AQ_BP
layer1-slat7-up-copy3_h2_staple_30,sw_src009,{E18;F18;G18;H18},D3,200,repeating_units_slats_regular_1,384PP_AQ_BP
layer1-slat7-up-copy3_h2_staple_31,sw_src009,{E19;F19;G19;H19},D3,200,repeating_units_slats_regular_1,384PP_AQ_BP
layer1-slat7-up-copy3_h2_staple_32,sw_src009,{E20;F20;G20;H20},D3,200,repeating_units_slats_regular_1,384PP_AQ_BP
layer1-slat7-up-copy3_h5_staple_1,P3652_MA,A3,D3,375,repeating_units_slats_regular_1,384PP_AQ_BP
layer1-slat7-up-copy3_h5_staple_2,P3652_MA,B18,D3,375,repeating_units_slats_regular_1,384PP_AQ_BP
layer1-slat7-up-copy3_h5_staple_3,P3652_MA,C18,D3,375,repeating_units_slats_regular_1,384PP_AQ_BP
layer1-slat7-up-copy3_h5_staple_4,P3652_MA,E10,D3,375,repeating_units_slats_regular_1,384PP_AQ_BP
layer1-slat7-up-copy3_h5_staple_5,P3649_MA,F20,D3,375,repeating_units_slats_regular_1,384PP_AQ_BP
layer1-slat7-up-copy3_h5_staple_6,P3649_MA,H18,D3,375,repeating_units_slats_regular_1,384PP_AQ_BP
layer1-slat7-up-copy3_h5_staple_7,P3649_MA,I11,D3,375,repeating_units_slats_regular_1,384PP_AQ_BP
layer1-slat7-up-copy3_h5_staple_8,P3649_MA,J11,D3,375,repeating_units_slats_regular_1,384PP_AQ_BP
layer1-slat7-up-copy3_h5_staple_9,P3649_MA,K22,D3,375,repeating_units_slats_regular_1,384PP_AQ_BP
layer1-slat7-up-copy3_h5_staple_10,P3649_MA,M12,D3,375,repeating_units_slats_regular_1,384PP_AQ_BP
layer1-slat7-up-copy3_h5_staple_11,P3649_MA,O11,D3,375,repeating_units_slats_regular_1,384PP_AQ_BP
layer1-slat7-up-copy3_h5_staple_12,P3652_MA,O24,D3,375,repeating_units_slats_regular_1,384PP_AQ_BP
layer1-slat7-up-copy3_h5_staple_13,P3653_MA,A7,D3,375,repeating_units_slats_regular_1,384PP_AQ_BP
layer1-slat7-up-copy3_h5_staple_14,P3653_MA,C9,D3,375,repeating_units_slats_regular_1,384PP_AQ_BP
layer1-slat7-up-copy3_h5_staple_15,P3650_MA,D19,D3,375,repeating_units_slats_regular_1,384PP_AQ_BP
layer1-slat7-up-copy3_h5_staple_16,P3653_MA,E9,D3,375,repeating_units_slats_regular_1,384PP_AQ_BP
layer1-slat7-up-copy3_h5_staple_17,P3650_MA,G8,D3,375,repeating_units_slats_regular_1,384PP_AQ_BP
layer1-slat7-up-copy3_h5_staple_18,P3650_MA,H2,D3,375,repeating_units_slats_regular_1,384PP_AQ_BP
layer1-slat7-up-copy3_h5_staple_19,P3653_MA,I7,D3,375,repeating_units_slats_regular_1,384PP_AQ_BP
layer1-slat7-up-copy3_h5_staple_20,P3650_MA,J10,D3,375,repeating_units_slats_regular_1,384PP_AQ_BP
layer1-slat7-up-copy3_h5_staple_21,P3653_MA,L16,D3,375,repeating_units_slats_regular_1,384PP_AQ_BP
layer1-slat7-up-copy3_h5_staple_22,P3653_MA,M14,D3,375,repeating_units_slats_regular_1,384PP_AQ_BP
layer1-slat7-up-copy3_h5_staple_23,P3653_MA,O5,D3,375,repeating_units_slats_regular_1,384PP_AQ_BP
layer1-slat7-up-copy3_h5_staple_24,P3653_MA,P20,D3,375,repeating_units_slats_regular_1,384PP_AQ_BP
layer1-slat7-up-copy3_h5_staple_25,P3654_MA,A17,D3,375,repeating_units_slats_regular_1,384PP_AQ_BP
layer1-slat7-up-copy3_h5_staple_26,P3654_MA,B18,D3,375,repeating_units_slats_regular_1,384PP_AQ_BP
layer1-slat7-up-copy3_h5_staple_27,P3651_MA,C17,D3,375,repeating_units_slats_regular_1,384PP_AQ_BP
layer1-slat7-up-copy3_h5_staple_28,P3651_MA,E16,D3,375,repeating_units_slats_regular_1,384PP_AQ_BP
layer1-slat7-up-copy3_h5_staple_29,P3654_MA,G4,D3,375,repeating_units_slats_regular_1,384PP_AQ_BP
layer1-slat7-up-copy3_h5_staple_30,P3651_MA,H24,D3,375,repeating_units_slats_regular_1,384PP_AQ_BP
layer1-slat7-up-copy3_h5_staple_31,P3654_MA,I7,D3,375,repeating_units_slats_regular_1,384PP_AQ_BP
layer1-slat7-up-copy3_h5_staple_32,P3654_MA,J11,D3,375,repeating_units_slats_regular_1,384PP_AQ_BP
layer1-slat8-up-copy3_h2_staple_1,sw_src009,{A5;B5;C5;D5},D4,200,repeating_units_slats_regular_1,384PP_AQ_BP
layer1-slat8-up-copy3_h2_staple_2,sw_src009,{A6;B6;C6;D6},D4,200,repeating_units_slats_regular_1,384PP_AQ_BP
layer1-slat8-up-copy3_h2_staple_3,sw_src009,{A7;B7;C7;D7},D4,200,repeating_units_slats_regular_1,384PP_AQ_BP
layer1-slat8-up-copy3_h2_staple_4,sw_src009,{A8;B8;C8;D8},D4,200,repeating_units_slats_regular_1,384PP_AQ_BP
layer1-slat8-up-copy3_h2_staple_5,sw_src009,{A9;B9;C9;D9},D4,200,repeating_units_slats_regular_1,384PP_AQ_BP
layer1-slat8-up-copy3_h2_staple_6,sw_src009,{A10;B10;C10;D10},D4,200,repeating_units_slats_regular_1,384PP_AQ_BP
layer1-slat8-up-copy3_h2_staple_7,sw_src009,{A11;B11;C11;D11},D4,200,repeating_units_slats_regular_1,384PP_AQ_BP
layer1-slat8-up-copy3_h2_staple_8,sw_src009,{A12;B12;C12;D12},D4,200,repeating_units_slats_regular_1,384PP_AQ_BP
layer1-slat8-up-copy3_h2_staple_9,sw_src009,{A13;B13;C13;D13},D4,200,repeating_units_slats_regular_1,384PP_AQ_BP
layer1-slat8-up-copy3_h2_staple_10,sw_src009,{A14;B14;C14;D14},D4,200,repeating_units_slats_regular_1,384PP_AQ_BP
layer1-slat8-up-copy3_h2_staple_11,sw_src009,{A15;B15;C15;D15},D4,200,repeating_units_slats_regular_1,384PP_AQ_BP
layer1-slat8-up-copy3_h2_staple_12,sw_src009,{A16;B16;C16;D16},D4,200,repeating_units_slats_regular_1,384PP_AQ_BP
layer1-slat8-up-copy3_h2_staple_13,sw_src009,{A17;B17;C17;D17},D4,200,repeating_units_slats_regular_1,384PP_AQ_BP
layer1-slat8-up-copy3_h2_staple_14,sw_src009,{A18;B18;C18;D18},D4,200,repeating_units_slats_regular_1,384PP_AQ_BP
layer1-slat8-up-copy3_h2_staple_15,sw_src009,{A19;B19;C19;D19},D4,200,repeating_units_slats_regular_1,384PP_AQ_BP
layer1-slat8-up-copy3_h2_staple_16,sw_src009,{A20;B20;C20;D20},D4,200,repeating_units_slats_regular_1,384PP_AQ_BP
layer1-slat8-up-copy3_h2_staple_17,sw_src009,{E5;F5;G5;H5},D4,200,repeating_units_slats_regular_1,384PP_AQ_BP
layer1-slat8-up-copy3_h2_staple_18,sw_src009,{E6;F6;G6;H6},D4,200,repeating_units_slats_regular_1,384PP_AQ_BP
layer1-slat8-up-copy3_h2_staple_19,sw_src009,{E7;F7;G7;H7},D4,200,repeating_units_slats_regular_1,384PP_AQ_BP
layer1-slat8-up-copy3_h2_staple_20,sw_src009,{E8;F8;G8;H8},D4,200,repeating_units_slats_regular_1,384PP_AQ_BP
layer1-slat8-up-copy3_h2_staple_21,sw_src009,{E9;F9;G9;H9},D4,200,repeating_units_slats_regular_1,384PP_AQ_BP
layer1-slat8-up-copy3_h2_staple_22,sw_src009,{E10;F10;G10;H10},D4,200,repeating_units_slats_regular_1,384PP_AQ_BP
layer1-slat8-up-copy3_h2_staple_23,sw_src009,{E11;F11;G11;H11},D4,200,repeating_units_slats_regular_1,384PP_AQ_BP
layer1-slat8-up-copy3_h2_staple_24,sw_src009,{E12;F12;G12;H12},D4,200,repeating_units_slats_regular_1,384PP_AQ_BP
layer1-slat8-up-copy3_h2_staple_25,sw_src009,{E13;F13;G13;H13},D4,200,repeating_units_slats_regular_1,384PP_AQ_BP
layer1-slat8-up-copy3_h2_staple_26,sw_src009,{E14;F14;G14;H14},D4,200,repeating_units_slats_regular_1,384PP_AQ_BP
layer1-slat8-up-copy3_h2_staple_27,sw_src009,{E15;F15;G15;H15},D4,200,repeating_units_slats_regular_1,384PP_AQ_BP
layer1-slat8-up-copy3_h2_staple_28,sw_src009,{E16;F16;G16;H16},D4,200,repeating_units_slats_regular_1,384PP_AQ_BP
layer1-slat8-up-copy3_h2_staple_29,sw_src009,{E17;F17;G17;H17},D4,200,repeating_units_slats_regular_1,384PP_AQ_BP
layer1-slat8-up-copy3_h2_staple_30,sw_src009,{E18;F18;G18;H18},D4,200,repeating_units_slats_regular_1,384PP_AQ_BP
layer1-slat8-up-copy3_h2_staple_31,sw_src009,{E19;F19;G19;H19},D4,200,repeating_units_slats_regular_1,384PP_AQ_BP
layer1-slat8-up-copy3_h2_staple_32,sw_src009,{E20;F20;G20;H20},D4,200,repeating_units_slats_regular_1,384PP_AQ_BP
layer1-slat8-up-copy3_h5_staple_1,P3652_MA,A15,D4,375,repeating_units_slats_regular_1,384PP_AQ_BP
layer1-slat8-up-copy3_h5_staple_2,P3649_MA,C15,D4,375,repeating_units_slats_regular_1,384PP_AQ_BP
layer1-slat8-up-copy3_h5_staple_3,P3652_MA,C18,D4,375,repeating_units_slats_regular_1,384PP_AQ_BP
layer1-slat8-up-copy3_h5_staple_4,P3652_MA,F4,D4,375,repeating_units_slats_regular_1,384PP_AQ_BP
layer1-slat8-up-copy3_h5_staple_5,P3649_MA,F20,D4,375,repeating_units_slats_regular_1,384PP_AQ_BP
layer1-slat8-up-copy3_h5_staple_6,P3652_MA,G23,D4,375,repeating_units_slats_regular_1,384PP_AQ_BP
layer1-slat8-up-copy3_h5_staple_7,P3649_MA,I1,D4,375,repeating_units_slats_regular_1,384PP_AQ_BP
layer1-slat8-up-copy3_h5_staple_8,P3649_MA,K11,D4,375,repeating_units_slats_regular_1,384PP_AQ_BP
layer1-slat8-up-copy3_h5_staple_9,P3652_MA,L1,D4,375,repeating_units_slats_regular_1,384PP_AQ_BP
layer1-slat8-up-copy3_h5_staple_10,P3649_MA,M21,D4,375,repeating_units_slats_regular_1,384PP_AQ_BP
layer1-slat8-up-copy3_h5_staple_11,P3649_MA,O3,D4,375,repeating_units_slats_regular_1,384PP_AQ_BP
layer1-slat8-up-copy3_h5_staple_12,P3652_MA,P16,D4,375,repeating_units_slats_regular_1,384PP_AQ_BP
layer1-slat8-up-copy3_h5_staple_13,P3653_MA,A11,D4,375,repeating_units_slats_regular_1,384PP_AQ_BP
layer1-slat8-up-copy3_h5_staple_14,P3653_MA,B11,D4,375,repeating_units_slats_regular_1,384PP_AQ_BP
layer1-slat8-up-copy3_h5_staple_15,P3650_MA,D19,D4,375,repeating_units_slats_regular_1,384PP_AQ_BP
layer1-slat8-up-copy3_h5_staple_16,P3650_MA,E17,D4,375,repeating_units_slats_regular_1,384PP_AQ_BP
layer1-slat8-up-copy3_h5_staple_17,P3650_MA,G3,D4,375,repeating_units_slats_regular_1,384PP_AQ_BP
layer1-slat8-up-copy3_h5_staple_18,P3653_MA,G24,D4,375,repeating_units_slats_regular_1,384PP_AQ_BP
layer1-slat8-up-copy3_h5_staple_19,P3650_MA,I12,D4,375,repeating_units_slats_regular_1,384PP_AQ_BP
layer1-slat8-up-copy3_h5_staple_20,P3653_MA,J19,D4,375,repeating_units_slats_regular_1,384PP_AQ_BP
layer1-slat8-up-copy3_h5_staple_21,P3653_MA,K21,D4,375,repeating_units_slats_regular_1,384PP_AQ_BP
layer1-slat8-up-copy3_h5_staple_22,P3650_MA,N7,D4,375,repeating_units_slats_regular_1,384PP_AQ_BP
layer1-slat8-up-copy3_h5_staple_23,P3653_MA,N9,D4,375,repeating_units_slats_regular_1,384PP_AQ_BP
layer1-slat8-up-copy3_h5_staple_24,P3650_MA,P7,D4,375,repeating_units_slats_regular_1,384PP_AQ_BP
layer1-slat8-up-copy3_h5_staple_25,P3654_MA,A18,D4,375,repeating_units_slats_regular_1,384PP_AQ_BP
layer1-slat8-up-copy3_h5_staple_26,P3651_MA,C6,D4,375,repeating_units_slats_regular_1,384PP_AQ_BP
layer1-slat8-up-copy3_h5_staple_27,P3651_MA,C19,D4,375,repeating_units_slats_regular_1,384PP_AQ_BP
layer1-slat8-up-copy3_h5_staple_28,P3654_MA,E15,D4,375,repeating_units_slats_regular_1,384PP_AQ_BP
layer1-slat8-up-copy3_h5_staple_29,P3654_MA,G9,D4,375,repeating_units_slats_regular_1,384PP_AQ_BP
layer1-slat8-up-copy3_h5_staple_30,P3654_MA,G17,D4,375,repeating_units_slats_regular_1,384PP_AQ_BP
layer1-slat8-up-copy3_h5_staple_31,P3651_MA,I4,D4,375,repeating_units_slats_regular_1,384PP_AQ_BP
layer1-slat8-up-copy3_h5_staple_32,P3654_MA,J13,D4,375,repeating_units_slats_regular_1,384PP_AQ_BP
layer1-slat9-up-copy3_h2_staple_1,sw_src009,{A5;B5;C5;D5},D5,200,repeating_units_slats_regular_1,384PP_AQ_BP
layer1-slat9-up-copy3_h2_staple_2,sw_src009,{A6;B6;C6;D6},D5,200,repeating_units_slats_regular_1,384PP_AQ_BP
layer1-slat9-up-copy3_h2_staple_3,sw_src009,{A7;B7;C7;D7},D5,200,repeating_units_slats_regular_1,384PP_AQ_BP
layer1-slat9-up-copy3_h2_staple_4,sw_src009,{A8;B8;C8;D8},D5,200,repeating_units_slats_regular_1,384PP_AQ_BP
layer1-slat9-up-copy3_h2_staple_5,sw_src009,{A9;B9;C9;D9},D5,200,repeating_units_slats_regular_1,384PP_AQ_BP
layer1-slat9-up-copy3_h2_staple_6,sw_src009,{A10;B10;C10;D10},D5,200,repeating_units_slats_regular_1,384PP_AQ_BP
layer1-slat9-up-copy3_h2_staple_7,sw_src009,{A11;B11;C11;D11},D5,200,repeating_units_slats_regular_1,384PP_AQ_BP
layer1-slat9-up-copy3_h2_staple_8,sw_src009,{A12;B12;C12;D12},D5,200,repeating_units_slats_regular_1,384PP_AQ_BP
layer1-slat9-up-copy3_h2_staple_9,sw_src009,{A13;B13;C13;D13},D5,200,repeating_units_slats_regular_1,384PP_AQ_BP
layer1-slat9-up-copy3_h2_staple_10,sw_src009,{A14;B14;C14;D14},D5,200,repeating_units_slats_regular_1,384PP_AQ_BP
layer1-slat9-up-copy3_h2_staple_11,sw_src009,{A15;B15;C15;D15},D5,200,repeating_units_slats_regular_1,384PP_AQ_BP
layer1-slat9-up-copy3_h2_staple_12,sw_src009,{A16;B16;C16;D16},D5,200,repeating_units_slats_regular_1,384PP_AQ_BP
layer1-slat9-up-copy3_h2_staple_13,sw_src009,{A17;B17;C17;D17},D5,200,repeating_units_slats_regular_1,384PP_AQ_BP
layer1-slat9-up-copy3_h2_staple_14,sw_src009,{A18;B18;C18;D18},D5,200,repeating_units_slats_regular_1,384PP_AQ_BP
layer1-slat9-up-copy3_h2_staple_15,sw_src009,{A19;B19;C19;D19},D5,200,repeating_units_slats_regular_1,384PP_AQ_BP
layer1-slat9-up-copy3_h2_staple_16,sw_src009,{A20;B20;C20;D20},D5,200,repeating_units_slats_regular_1,384PP_AQ_BP
layer1-slat9-up-copy3_h2_staple_17,sw_src009,{E5;F5;G5;H5},D5,200,repeating_units_slats_regular_1,384PP_AQ_BP
layer1-slat9-up-copy3_h2_staple_18,sw_src009,{E6;F6;G6;H6},D5,200,repeating_units_slats_regular_1,384PP_AQ_BP
layer1-slat9-up-copy3_h2_staple_19,sw_src009,{E7;F7;G7;H7},D5,200,repeating_units_slats_regular_1,384PP_AQ_BP
layer1-slat9-up-copy3_h2_staple_20,sw_src009,{E8;F8;G8;H8},D5,200,repeating_units_slats_regular_1,384PP_AQ_BP
layer1-slat9-up-copy3_h2_staple_21,sw_src009,{E9;F9;G9;H9},D5,200,repeating_units_slats_regular_1,384PP_AQ_BP
layer1-slat9-up-copy3_h2_staple_22,sw_src009,{E10;F10;G10;H10},D5,200,repeating_units_slats_regular_1,384PP_AQ_BP
layer1-slat9-up-copy3_h2_staple_23,sw_src009,{E11;F11;G11;H11},D5,200,repeating_units_slats_regular_1,384PP_AQ_BP
layer1-slat9-up-copy3_h2_staple_24,sw_src009,{E12;F12;G12;H12},D5,200,repeating_units_slats_regular_1,384PP_AQ_BP
layer1-slat9-up-copy3_h2_staple_25,sw_src009,{E13;F13;G13;H13},D5,200,repeating_units_slats_regular_1,384PP_AQ_BP
layer1-slat9-up-copy3_h2_staple_26,sw_src009,{E14;F14;G14;H14},D5,200,repeating_units_slats_regular_1,384PP_AQ_BP
layer1-slat9-up-copy3_h2_staple_27,sw_src009,{E15;F15;G15;H15},D5,200,repeating_units_slats_regular_1,384PP_AQ_BP
layer1-slat9-up-copy3_h2_staple_28,sw_src009,{E16;F16;G16;H16},D5,200,repeating_units_slats_regular_1,384PP_AQ_BP
layer1-slat9-up-copy3_h2_staple_29,sw_src009,{E17;F17;G17;H17},D5,200,repeating_units_slats_regular_1,384PP_AQ_BP
layer1-slat9-up-copy3_h2_staple_30,sw_src009,{E18;F18;G18;H18},D5,200,repeating_units_slats_regular_1,384PP_AQ_BP
layer1-slat9-up-copy3_h2_staple_31,sw_src009,{E19;F19;G19;H19},D5,200,repeating_units_slats_regular_1,384PP_AQ_BP
layer1-slat9-up-copy3_h2_staple_32,sw_src009,{E20;F20;G20;H20},D5,200,repeating_units_slats_regular_1,384PP_AQ_BP
layer1-slat9-up-copy3_h5_staple_1,P3652_MA,A11,D5,375,repeating_units_slats_regular_1,384PP_AQ_BP
layer1-slat9-up-copy3_h5_staple_2,P3652_MA,B20,D5,375,repeating_units_slats_regular_1,384PP_AQ_BP
layer1-slat9-up-copy3_h5_staple_3,P3649_MA,D21,D5,375,repeating_units_slats_regular_1,384PP_AQ_BP
layer1-slat9-up-copy3_h5_staple_4,P3649_MA,E9,D5,375,repeating_units_slats_regular_1,384PP_AQ_BP
layer1-slat9-up-copy3_h5_staple_5,P3649_MA,F17,D5,375,repeating_units_slats_regular_1,384PP_AQ_BP
layer1-slat9-up-copy3_h5_staple_6,P3649_MA,H13,D5,375,repeating_units_slats_regular_1,384PP_AQ_BP
layer1-slat9-up-copy3_h5_staple_7,P3652_MA,I21,D5,375,repeating_units_slats_regular_1,384PP_AQ_BP
layer1-slat9-up-copy3_h5_staple_8,P3649_MA,J19,D5,375,repeating_units_slats_regular_1,384PP_AQ_BP
layer1-slat9-up-copy3_h5_staple_9,P3649_MA,L22,D5,375,repeating_units_slats_regular_1,384PP_AQ_BP
layer1-slat9-up-copy3_h5_staple_10,P3652_MA,M12,D5,375,repeating_units_slats_regular_1,384PP_AQ_BP
layer1-slat9-up-copy3_h5_staple_11,P3652_MA,O3,D5,375,repeating_units_slats_regular_1,384PP_AQ_BP
layer1-slat9-up-copy3_h5_staple_12,P3652_MA,P23,D5,375,repeating_units_slats_regular_1,384PP_AQ_BP
layer1-slat9-up-copy3_h5_staple_13,P3653_MA,B2,D5,375,repeating_units_slats_regular_1,384PP_AQ_BP
layer1-slat9-up-copy3_h5_staple_14,P3653_MA,B14,D5,375,repeating_units_slats_regular_1,384PP_AQ_BP
layer1-slat9-up-copy3_h5_staple_15,P3650_MA,D19,D5,375,repeating_units_slats_regular_1,384PP_AQ_BP
layer1-slat9-up-copy3_h5_staple_16,P3650_MA,F1,D5,375,repeating_units_slats_regular_1,384PP_AQ_BP
layer1-slat9-up-copy3_h5_staple_17,P3653_MA,G13,D5,375,repeating_units_slats_regular_1,384PP_AQ_BP
layer1-slat9-up-copy3_h5_staple_18,P3653_MA,H5,D5,375,repeating_units_slats_regular_1,384PP_AQ_BP
layer1-slat9-up-copy3_h5_staple_19,P3650_MA,I9,D5,375,repeating_units_slats_regular_1,384PP_AQ_BP
layer1-slat9-up-copy3_h5_staple_20,P3653_MA,K13,D5,375,repeating_units_slats_regular_1,384PP_AQ_BP
layer1-slat9-up-copy3_h5_staple_21,P3650_MA,K19,D5,375,repeating_units_slats_regular_1,384PP_AQ_BP
layer1-slat9-up-copy3_h5_staple_22,P3653_MA,N1,D5,375,repeating_units_slats_regular_1,384PP_AQ_BP
layer1-slat9-up-copy3_h5_staple_23,P3653_MA,O12,D5,375,repeating_units_slats_regular_1,384PP_AQ_BP
layer1-slat9-up-copy3_h5_staple_24,P3650_MA,P5,D5,375,repeating_units_slats_regular_1,384PP_AQ_BP
layer1-slat9-up-copy3_h5_staple_25,P3654_MA,B1,D5,375,repeating_units_slats_regular_1,384PP_AQ_BP
layer1-slat9-up-copy3_h5_staple_26,P3654_MA,B13,D5,375,repeating_units_slats_regular_1,384PP_AQ_BP
layer1-slat9-up-copy3_h5_staple_27,P3654_MA,C17,D5,375,repeating_units_slats_regular_1,384PP_AQ_BP
layer1-slat9-up-copy3_h5_staple_28,P3654_MA,F2,D5,375,repeating_units_slats_regular_1,384PP_AQ_BP
layer1-slat9-up-copy3_h5_staple_29,P3654_MA,G5,D5,375,repeating_units_slats_regular_1,384PP_AQ_BP
layer1-slat9-up-copy3_h5_staple_30,P3654_MA,H24,D5,375,repeating_units_slats_regular_1,384PP_AQ_BP
layer1-slat9-up-copy3_h5_staple_31,P3654_MA,I2,D5,375,repeating_units_slats_regular_1,384PP_AQ_BP
layer1-slat9-up-copy3_h5_staple_32,P3654_MA,K4,D5,375,repeating_units_slats_regular_1,384PP_AQ_BP
layer1-slat10-up-copy3_h2_staple_1,sw_src009,{A5;B5;C5;D5},D6,200,repeating_units_slats_regular_1,384PP_AQ_BP
layer1-slat10-up-copy3_h2_staple_2,sw_src009,{A6;B6;C6;D6},D6,200,repeating_units_slats_regular_1,384PP_AQ_BP
layer1-slat10-up-copy3_h2_staple_3,sw_src009,{A7;B7;C7;D7},D6,200,repeating_units_slats_regular_1,384PP_AQ_BP
layer1-slat10-up-copy3_h2_staple_4,sw_src009,{A8;B8;C8;D8},D6,200,repeating_units_slats_regular_1,384PP_AQ_BP
layer1-slat10-up-copy3_h2_staple_5,sw_src009,{A9;B9;C9;D9},D6,200,repeating_units_slats_regular_1,384PP_AQ_BP
layer1-slat10-up-copy3_h2_staple_6,sw_src009,{A10;B10;C10;D10},D6,200,repeating_units_slats_regular_1,384PP_AQ_BP
layer1-slat10-up-copy3_h2_staple_7,sw_src009,{A11;B11;C11;D11},D6,200,repeating_units_slats_regular_1,384PP_AQ_BP
layer1-slat10-up-copy3_h2_staple_8,sw_src009,{A12;B12;C12;D12},D6,200,repeating_units_slats_regular_1,384PP_AQ_BP
layer1-slat10-up-copy3_h2_staple_9,sw_src009,{A13;B13;C13;D13},D6,200,repeating_units_slats_regular_1,384PP_AQ_BP
layer1-slat10-up-copy3_h2_staple_10,sw_src009,{A14;B14;C14;D14},D6,200,repeating_units_slats_regular_1,384PP_AQ_BP
layer1-slat10-up-copy3_h2_staple_11,sw_src009,{A15;B15;C15;D15},D6,200,repeating_units_slats_regular_1,384PP_AQ_BP
layer1-slat10-up-copy3_h2_staple_12,sw_src009,{A16;B16;C16;D16},D6,200,repeating_units_slats_regular_1,384PP_AQ_BP
layer1-slat10-up-copy3_h2_staple_13,sw_src009,{A17;B17;C17;D17},D6,200,repeating_units_slats_regular_1,384PP_AQ_BP
layer1-slat10-up-copy3_h2_staple_14,sw_src009,{A18;B18;C18;D18},D6,200,repeating_units_slats_regular_1,384PP_AQ_BP
layer1-slat10-up-copy3_h2_staple_15,sw_src009,{A19;B19;C19;D19},D6,200,repeating_units_slats_regular_1,384PP_AQ_BP
layer1-slat10-up-copy3_h2_staple_16,sw_src009,{A20;B20;C20;D20},D6,200,repeating_units_slats_regular_1,384PP_AQ_BP
layer1-slat10-up-copy3_h2_staple_17,sw_src009,{E5;F5;G5;H5},D6,200,repeating_units_slats_regular_1,384PP_AQ_BP
layer1-slat10-up-copy3_h2_staple_18,sw_src009,{E6;F6;G6;H6},D6,200,repeating_units_slats_regular_1,384PP_AQ_BP
layer1-slat10-up-copy3_h2_staple_19,sw_src009,{E7;F7;G7;H7},D6,200,repeating_units_slats_regular_1,384PP_AQ_BP
layer1-slat10-up-copy3_h2_staple_20,sw_src009,{E8;F8;G8;H8},D6,200,repeating_units_slats_regular_1,384PP_AQ_BP
layer1-slat10-up-copy3_h2_staple_21,sw_src009,{E9;F9;G9;H9},D6,200,repeating_units_slats_regular_1,384PP_AQ_BP
layer1-slat10-up-copy3_h2_staple_22,sw_src009,{E10;F10;G10;H10},D6,200,repeating_units_slats_regular_1,384PP_AQ_BP
layer1-slat10-up-copy3_h2_staple_23,sw_src009,{E11;F11;G11;H11},D6,200,repeating_units_slats_regular_1,384PP_AQ_BP
layer1-slat10-up-copy3_h2_staple_24,sw_src009,{E12;F12;G12;H12},D6,200,repeating_units_slats_regular_1,384PP_AQ_BP
layer1-slat10-up-copy3_h2_staple_25,sw_src009,{E13;F13;G13;H13},D6,200,repeating_units_slats_regular_1,384PP_AQ_BP
layer1-slat10-up-copy3_h2_staple_26,sw_src009,{E14;F14;G14;H14},D6,200,repeating_units_slats_regular_1,384PP_AQ_BP
layer1-slat10-up-copy3_h2_staple_27,sw_src009,{E15;F15;G15;H15},D6,200,repeating_units_slats_regular_1,384PP_AQ_BP
layer1-slat10-up-copy3_h2_staple_28,sw_src009,{E16;F16;G16;H16},D6,200,repeating_units_slats_regular_1,384PP_AQ_BP
layer1-slat10-up-copy3_h2_staple_29,sw_src009,{E17;F17;G17;H17},D6,200,repeating_units_slats_regular_1,384PP_AQ_BP
layer1-slat10-up-copy3_h2_staple_30,sw_src009,{E18;F18;G18;H18},D6,200,repeating_units_slats_regular_1,384PP_AQ_BP
layer1-slat10-up-copy3_h2_staple_31,sw_src009,{E19;F19;G19;H19},D6,200,repeating_units_slats_regular_1,384PP_AQ_BP
layer1-slat10-up-copy3_h2_staple_32,sw_src009,{E20;F20;G20;H20},D6,200,repeating_units_slats_regular_1,384PP_AQ_BP
layer1-slat10-up-copy3_h5_staple_1,P3652_MA,A6,D6,375,repeating_units_slats_regular_1,384PP_AQ_BP
layer1-slat10-up-copy3_h5_staple_2,P3652_MA,B17,D6,375,repeating_units_slats_regular_1,384PP_AQ_BP
layer1-slat10-up-copy3_h5_staple_3,P3652_MA,D22,D6,375,repeating_units_slats_regular_1,384PP_AQ_BP
layer1-slat10-up-copy3_h5_staple_4,P3649_MA,F2,D6,375,repeating_units_slats_regular_1,384PP_AQ_BP
layer1-slat10-up-copy3_h5_staple_5,P3649_MA,F15,D6,375,repeating_units_slats_regular_1,384PP_AQ_BP
layer1-slat10-up-copy3_h5_staple_6,P3652_MA,H17,D6,375,repeating_units_slats_regular_1,384PP_AQ_BP
layer1-slat10-up-copy3_h5_staple_7,P3649_MA,I3,D6,375,repeating_units_slats_regular_1,384PP_AQ_BP
layer1-slat10-up-copy3_h5_staple_8,P3652_MA,J14,D6,375,repeating_units_slats_regular_1,384PP_AQ_BP
layer1-slat10-up-copy3_h5_staple_9,P3652_MA,L11,D6,375,repeating_units_slats_regular_1,384PP_AQ_BP
layer1-slat10-up-copy3_h5_staple_10,P3649_MA,M8,D6,375,repeating_units_slats_regular_1,384PP_AQ_BP
layer1-slat10-up-copy3_h5_staple_11,P3652_MA,N24,D6,375,repeating_units_slats_regular_1,384PP_AQ_BP
layer1-slat10-up-copy3_h5_staple_12,P3649_MA,P4,D6,375,repeating_units_slats_regular_1,384PP_AQ_BP
layer1-slat10-up-copy3_h5_staple_13,P3653_MA,A1,D6,375,repeating_units_slats_regular_1,384PP_AQ_BP
layer1-slat10-up-copy3_h5_staple_14,P3653_MA,B18,D6,375,repeating_units_slats_regular_1,384PP_AQ_BP
layer1-slat10-up-copy3_h5_staple_15,P3650_MA,D15,D6,375,repeating_units_slats_regular_1,384PP_AQ_BP
layer1-slat10-up-copy3_h5_staple_16,P3653_MA,E4,D6,375,repeating_units_slats_regular_1,384PP_AQ_BP
layer1-slat10-up-copy3_h5_staple_17,P3650_MA,G2,D6,375,repeating_units_slats_regular_1,384PP_AQ_BP
layer1-slat10-up-copy3_h5_staple_18,P3653_MA,H15,D6,375,repeating_units_slats_regular_1,384PP_AQ_BP
layer1-slat10-up-copy3_h5_staple_19,P3650_MA,J2,D6,375,repeating_units_slats_regular_1,384PP_AQ_BP
layer1-slat10-up-copy3_h5_staple_20,P3653_MA,J17,D6,375,repeating_units_slats_regular_1,384PP_AQ_BP
layer1-slat10-up-copy3_h5_staple_21,P3653_MA,L12,D6,375,repeating_units_slats_regular_1,384PP_AQ_BP
layer1-slat10-up-copy3_h5_staple_22,P3650_MA,M11,D6,375,repeating_units_slats_regular_1,384PP_AQ_BP
layer1-slat10-up-copy3_h5_staple_23,P3650_MA,O4,D6,375,repeating_units_slats_regular_1,384PP_AQ_BP
layer1-slat10-up-copy3_h5_staple_24,P3653_MA,P19,D6,375,repeating_units_slats_regular_1,384PP_AQ_BP
layer1-slat10-up-copy3_h5_staple_25,P3654_MA,A19,D6,375,repeating_units_slats_regular_1,384PP_AQ_BP
layer1-slat10-up-copy3_h5_staple_26,P3651_MA,C10,D6,375,repeating_units_slats_regular_1,384PP_AQ_BP
layer1-slat10-up-copy3_h5_staple_27,P3654_MA,D22,D6,375,repeating_units_slats_regular_1,384PP_AQ_BP
layer1-slat10-up-copy3_h5_staple_28,P3654_MA,E11,D6,375,repeating_units_slats_regular_1,384PP_AQ_BP
layer1-slat10-up-copy3_h5_staple_29,P3651_MA,G12,D6,375,repeating_units_slats_regular_1,384PP_AQ_BP
layer1-slat10-up-copy3_h5_staple_30,P3651_MA,H17,D6,375,repeating_units_slats_regular_1,384PP_AQ_BP
layer1-slat10-up-copy3_h5_staple_31,P3654_MA,J5,D6,375,repeating_units_slats_regular_1,384PP_AQ_BP
layer1-slat10-up-copy3_h5_staple_32,P3651_MA,J23,D6,375,repeating_units_slats_regular_1,384PP_AQ_BP
layer1-slat11-up-copy3_h2_staple_1,sw_src009,{A5;B5;C5;D5},D7,200,repeating_units_slats_regular_1,384PP_AQ_BP
layer1-slat11-up-copy3_h2_staple_2,sw_src009,{A6;B6;C6;D6},D7,200,repeating_units_slats_regular_1,384PP_AQ_BP
layer1-slat11-up-copy3_h2_staple_3,sw_src009,{A7;B7;C7;D7},D7,200,repeating_units_slats_regular_1,384PP_AQ_BP
layer1-slat11-up-copy3_h2_staple_4,sw_src009,{A8;B8;C8;D8},D7,200,repeating_units_slats_regular_1,384PP_AQ_BP
layer1-slat11-up-copy3_h2_staple_5,sw_src009,{A9;B9;C9;D9},D7,200,repeating_units_slats_regular_1,384PP_AQ_BP
layer1-slat11-up-copy3_h2_staple_6,sw_src009,{A10;B10;C10;D10},D7,200,repeating_units_slats_regular_1,384PP_AQ_BP
layer1-slat11-up-copy3_h2_staple_7,sw_src009,{A11;B11;C11;D11},D7,200,repeating_units_slats_regular_1,384PP_AQ_BP
layer1-slat11-up-copy3_h2_staple_8,sw_src009,{A12;B12;C12;D12},D7,200,repeating_units_slats_regular_1,384PP_AQ_BP
layer1-slat11-up-copy3_h2_staple_9,sw_src009,{A13;B13;C13;D13},D7,200,repeating_units_slats_regular_1,384PP_AQ_BP
layer1-slat11-up-copy3_h2_staple_10,sw_src009,{A14;B14;C14;D14},D7,200,repeating_units_slats_regular_1,384PP_AQ_BP
layer1-slat11-up-copy3_h2_staple_11,sw_src009,{A15;B15;C15;D15},D7,200,repeating_units_slats_regular_1,384PP_AQ_BP
layer1-slat11-up-copy3_h2_staple_12,sw_src009,{A16;B16;C16;D16},D7,200,repeating_units_slats_regular_1,384PP_AQ_BP
layer1-slat11-up-copy3_h2_staple_13,sw_src009,{A17;B17;C17;D17},D7,200,repeating_units_slats_regular_1,384PP_AQ_BP
layer1-slat11-up-copy3_h2_staple_14,sw_src009,{A18;B18;C18;D18},D7,200,repeating_units_slats_regular_1,384PP_AQ_BP
layer1-slat11-up-copy3_h2_staple_15,sw_src009,{A19;B19;C19;D19},D7,200,repeating_units_slats_regular_1,384PP_AQ_BP
layer1-slat11-up-copy3_h2_staple_16,sw_src009,{A20;B20;C20;D20},D7,200,repeating_units_slats_regular_1,384PP_AQ_BP
layer1-slat11-up-copy3_h2_staple_17,sw_src009,{E5;F5;G5;H5},D7,200,repeating_units_slats_regular_1,384PP_AQ_BP
layer1-slat11-up-copy3_h2_staple_18,sw_src009,{E6;F6;G6;H6},D7,200,repeating_units_slats_regular_1,384PP_AQ_BP
layer1-slat11-up-copy3_h2_staple_19,sw_src009,{E7;F7;G7;H7},D7,200,repeating_units_slats_regular_1,384PP_AQ_BP
layer1-slat11-up-copy3_h2_staple_20,sw_src009,{E8;F8;G8;H8},D7,200,repeating_units_slats_regular_1,384PP_AQ_BP
layer1-slat11-up-copy3_h2_staple_21,sw_src009,{E9;F9;G9;H9},D7,200,repeating_units_slats_regular_1,384PP_AQ_BP
layer1-slat11-up-copy3_h2_staple_22,sw_src009,{E10;F10;G10;H10},D7,200,repeating_units_slats_regular_1,384PP_AQ_BP
layer1-slat11-up-copy3_h2_staple_23,sw_src009,{E11;F11;G11;H11},D7,200,repeating_units_slats_regular_1,384PP_AQ_BP
layer1-slat11-up-copy3_h2_staple_24,sw_src009,{E12;F12;G12;H12},D7,200,repeating_units_slats_regular_1,384PP_AQ_BP
layer1-slat11-up-copy3_h2_staple_25,sw_src009,{E13;F13;G13;H13},D7,200,repeating_units_slats_regular_1,384PP_AQ_BP
layer1-slat11-up-copy3_h2_staple_26,sw_src009,{E14;F14;G14;H14},D7,200,repeating_units_slats_regular_1,384PP_AQ_BP
layer1-slat11-up-copy3_h2_staple_27,sw_src009,{E15;F15;G15;H15},D7,200,repeating_units_slats_regular_1,384PP_AQ_BP
layer1-slat11-up-copy3_h2_staple_28,sw_src009,{E16;F16;G16;H16},D7,200,repeating_units_slats_regular_1,384PP_AQ_BP
layer1-slat11-up-copy3_h2_staple_29,sw_src009,{E17;F17;G17;H17},D7,200,repeating_units_slats_regular_1,384PP_AQ_BP
layer1-slat11-up-copy3_h2_staple_30,sw_src009,{E18;F18;G18;H18},D7,200,repeating_units_slats_regular_1,384PP_AQ_BP
layer1-slat11-up-copy3_h2_staple_31,sw_src009,{E19;F19;G19;H19},D7,200,repeating_units_slats_regular_1,384PP_AQ_BP
layer1-slat11-up-copy3_h2_staple_32,sw_src009,{E20;F20;G20;H20},D7,200,repeating_units_slats_regular_1,384PP_AQ_BP
layer1-slat11-up-copy3_h5_staple_1,P3649_MA,A2,D7,375,repeating_units_slats_regular_1,384PP_AQ_BP
layer1-slat11-up-copy3_h5_staple_2,P3652_MA,C7,D7,375,repeating_units_slats_regular_1,384PP_AQ_BP
layer1-slat11-up-copy3_h5_staple_3,P3649_MA,C23,D7,375,repeating_units_slats_regular_1,384PP_AQ_BP
layer1-slat11-up-copy3_h5_staple_4,P3652_MA,F7,D7,375,repeating_units_slats_regular_1,384PP_AQ_BP
layer1-slat11-up-copy3_h5_staple_5,P3649_MA,G8,D7,375,repeating_units_slats_regular_1,384PP_AQ_BP
layer1-slat11-up-copy3_h5_staple_6,P3649_MA,H9,D7,375,repeating_units_slats_regular_1,384PP_AQ_BP
layer1-slat11-up-copy3_h5_staple_7,P3649_MA,J7,D7,375,repeating_units_slats_regular_1,384PP_AQ_BP
layer1-slat11-up-copy3_h5_staple_8,P3652_MA,J12,D7,375,repeating_units_slats_regular_1,384PP_AQ_BP
layer1-slat11-up-copy3_h5_staple_9,P3649_MA,L11,D7,375,repeating_units_slats_regular_1,384PP_AQ_BP
layer1-slat11-up-copy3_h5_staple_10,P3649_MA,N8,D7,375,repeating_units_slats_regular_1,384PP_AQ_BP
layer1-slat11-up-copy3_h5_staple_11,P3652_MA,O12,D7,375,repeating_units_slats_regular_1,384PP_AQ_BP
layer1-slat11-up-copy3_h5_staple_12,P3652_MA,P12,D7,375,repeating_units_slats_regular_1,384PP_AQ_BP
layer1-slat11-up-copy3_h5_staple_13,P3650_MA,B1,D7,375,repeating_units_slats_regular_1,384PP_AQ_BP
layer1-slat11-up-copy3_h5_staple_14,P3650_MA,B14,D7,375,repeating_units_slats_regular_1,384PP_AQ_BP
layer1-slat11-up-copy3_h5_staple_15,P3650_MA,D18,D7,375,repeating_units_slats_regular_1,384PP_AQ_BP
layer1-slat11-up-copy3_h5_staple_16,P3650_MA,F4,D7,375,repeating_units_slats_regular_1,384PP_AQ_BP
layer1-slat11-up-copy3_h5_staple_17,P3650_MA,F18,D7,375,repeating_units_slats_regular_1,384PP_AQ_BP
layer1-slat11-up-copy3_h5_staple_18,P3653_MA,H12,D7,375,repeating_units_slats_regular_1,384PP_AQ_BP
layer1-slat11-up-copy3_h5_staple_19,P3650_MA,I18,D7,375,repeating_units_slats_regular_1,384PP_AQ_BP
layer1-slat11-up-copy3_h5_staple_20,P3653_MA,K11,D7,375,repeating_units_slats_regular_1,384PP_AQ_BP
layer1-slat11-up-copy3_h5_staple_21,P3650_MA,K17,D7,375,repeating_units_slats_regular_1,384PP_AQ_BP
layer1-slat11-up-copy3_h5_staple_22,P3653_MA,M17,D7,375,repeating_units_slats_regular_1,384PP_AQ_BP
layer1-slat11-up-copy3_h5_staple_23,P3653_MA,N14,D7,375,repeating_units_slats_regular_1,384PP_AQ_BP
layer1-slat11-up-copy3_h5_staple_24,P3653_MA,P1,D7,375,repeating_units_slats_regular_1,384PP_AQ_BP
layer1-slat11-up-copy3_h5_staple_25,P3654_MA,A17,D7,375,repeating_units_slats_regular_1,384PP_AQ_BP
layer1-slat11-up-copy3_h5_staple_26,P3651_MA,C2,D7,375,repeating_units_slats_regular_1,384PP_AQ_BP
layer1-slat11-up-copy3_h5_staple_27,P3651_MA,D6,D7,375,repeating_units_slats_regular_1,384PP_AQ_BP
layer1-slat11-up-copy3_h5_staple_28,P3651_MA,F2,D7,375,repeating_units_slats_regular_1,384PP_AQ_BP
layer1-slat11-up-copy3_h5_staple_29,P3654_MA,F17,D7,375,repeating_units_slats_regular_1,384PP_AQ_BP
layer1-slat11-up-copy3_h5_staple_30,P3651_MA,H2,D7,375,repeating_units_slats_regular_1,384PP_AQ_BP
layer1-slat11-up-copy3_h5_staple_31,P3654_MA,I18,D7,375,repeating_units_slats_regular_1,384PP_AQ_BP
layer1-slat11-up-copy3_h5_staple_32,P3651_MA,K9,D7,375,repeating_units_slats_regular_1,384PP_AQ_BP
layer1-slat12-up-copy3_h2_staple_1,sw_src009,{A5;B5;C5;D5},D8,200,repeating_units_slats_regular_1,384PP_AQ_BP
layer1-slat12-up-copy3_h2_staple_2,sw_src009,{A6;B6;C6;D6},D8,200,repeating_units_slats_regular_1,384PP_AQ_BP
layer1-slat12-up-copy3_h2_staple_3,sw_src009,{A7;B7;C7;D7},D8,200,repeating_units_slats_regular_1,384PP_AQ_BP
layer1-slat12-up-copy3_h2_staple_4,sw_src009,{A8;B8;C8;D8},D8,200,repeating_units_slats_regular_1,384PP_AQ_BP
layer1-slat12-up-copy3_h2_staple_5,sw_src009,{A9;B9;C9;D9},D8,200,repeating_units_slats_regular_1,384PP_AQ_BP
layer1-slat12-up-copy3_h2_staple_6,sw_src009,{A10;B10;C10;D10},D8,200,repeating_units_slats_regular_1,384PP_AQ_BP
layer1-slat12-up-copy3_h2_staple_7,sw_src009,{A11;B11;C11;D11},D8,200,repeating_units_slats_regular_1,384PP_AQ_BP
layer1-slat12-up-copy3_h2_staple_8,sw_src009,{A12;B12;C12;D12},D8,200,repeating_units_slats_regular_1,384PP_AQ_BP
layer1-slat12-up-copy3_h2_staple_9,sw_src009,{A13;B13;C13;D13},D8,200,repeating_units_slats_regular_1,384PP_AQ_BP
layer1-slat12-up-copy3_h2_staple_10,sw_src009,{A14;B14;C14;D14},D8,200,repeating_units_slats_regular_1,384PP_AQ_BP
layer1-slat12-up-copy3_h2_staple_11,sw_src009,{A15;B15;C15;D15},D8,200,repeating_units_slats_regular_1,384PP_AQ_BP
layer1-slat12-up-copy3_h2_staple_12,sw_src009,{A16;B16;C16;D16},D8,200,repeating_units_slats_regular_1,384PP_AQ_BP
layer1-slat12-up-copy3_h2_staple_13,sw_src009,{A17;B17;C17;D17},D8,200,repeating_units_slats_regular_1,384PP_AQ_BP
layer1-slat12-up-copy3_h2_staple_14,sw_src009,{A18;B18;C18;D18},D8,200,repeating_units_slats_regular_1,384PP_AQ_BP
layer1-slat12-up-copy3_h2_staple_15,sw_src009,{A19;B19;C19;D19},D8,200,repeating_units_slats_regular_1,384PP_AQ_BP
layer1-slat12-up-copy3_h2_staple_16,sw_src009,{A20;B20;C20;D20},D8,200,repeating_units_slats_regular_1,384PP_AQ_BP
layer1-slat12-up-copy3_h2_staple_17,sw_src009,{E5;F5;G5;H5},D8,200,repeating_units_slats_regular_1,384PP_AQ_BP
layer1-slat12-up-copy3_h2_staple_18,sw_src009,{E6;F6;G6;H6},D8,200,repeating_units_slats_regular_1,384PP_AQ_BP
layer1-slat12-up-copy3_h2_staple_19,sw_src009,{E7;F7;G7;H7},D8,200,repeating_units_slats_regular_1,384PP_AQ_BP
layer1-slat12-up-copy3_h2_staple_20,sw_src009,{E8;F8;G8;H8},D8,200,repeating_units_slats_regular_1,384PP_AQ_BP
layer1-slat12-up-copy3_h2_staple_21,sw_src009,{E9;F9;G9;H9},D8,200,repeating_units_slats_regular_1,384PP_AQ_BP
layer1-slat12-up-copy3_h2_staple_22,sw_src009,{E10;F10;G10;H10},D8,200,repeating_units_slats_regular_1,384PP_AQ_BP
layer1-slat12-up-copy3_h2_staple_23,sw_src009,{E11;F11;G11;H11},D8,200,repeating_units_slats_regular_1,384PP_AQ_BP
layer1-slat12-up-copy3_h2_staple_24,sw_src009,{E12;F12;G12;H12},D8,200,repeating_units_slats_regular_1,384PP_AQ_BP
layer1-slat12-up-copy3_h2_staple_25,sw_src009,{E13;F13;G13;H13},D8,200,repeating_units_slats_regular_1,384PP_AQ_BP
layer1-slat12-up-copy3_h2_staple_26,sw_src009,{E14;F14;G14;H14},D8,200,repeating_units_slats_regular_1,384PP_AQ_BP
layer1-slat12-up-copy3_h2_staple_27,sw_src009,{E15;F15;G15;H15},D8,200,repeating_units_slats_regular_1,384PP_AQ_BP
layer1-slat12-up-copy3_h2_staple_28,sw_src009,{E16;F16;G16;H16},D8,200,repeating_units_slats_regular_1,384PP_AQ_BP
layer1-slat12-up-copy3_h2_staple_29,sw_src009,{E17;F17;G17;H17},D8,200,repeating_units_slats_regular_1,384PP_AQ_BP
layer1-slat12-up-copy3_h2_staple_30,sw_src009,{E18;F18;G18;H18},D8,200,repeating_units_slats_regular_1,384PP_AQ_BP
layer1-slat12-up-copy3_h2_staple_31,sw_src009,{E19;F19;G19;H19},D8,200,repeating_units_slats_regular_1,384PP_AQ_BP
layer1-slat12-up-copy3_h2_staple_32,sw_src009,{E20;F20;G20;H20},D8,200,repeating_units_slats_regular_1,384PP_AQ_BP
layer1-slat12-up-copy3_h5_staple_1,P3652_MA,A14,D8,375,repeating_units_slats_regular_1,384PP_AQ_BP
layer1-slat12-up-copy3_h5_staple_2,P3649_MA,C16,D8,375,repeating_units_slats_regular_1,384PP_AQ_BP
layer1-slat12-up-copy3_h5_staple_3,P3649_MA,D17,D8,375,repeating_units_slats_regular_1,384PP_AQ_BP
layer1-slat12-up-copy3_h5_staple_4,P3649_MA,F7,D8,375,repeating_units_slats_regular_1,384PP_AQ_BP
layer1-slat12-up-copy3_h5_staple_5,P3649_MA,G8,D8,375,repeating_units_slats_regular_1,384PP_AQ_BP
layer1-slat12-up-copy3_h5_staple_6,P3649_MA,H1,D8,375,repeating_units_slats_regular_1,384PP_AQ_BP
layer1-slat12-up-copy3_h5_staple_7,P3652_MA,J1,D8,375,repeating_units_slats_regular_1,384PP_AQ_BP
layer1-slat12-up-copy3_h5_staple_8,P3649_MA,J22,D8,375,repeating_units_slats_regular_1,384PP_AQ_BP
layer1-slat12-up-copy3_h5_staple_9,P3652_MA,L13,D8,375,repeating_units_slats_regular_1,384PP_AQ_BP
layer1-slat12-up-copy3_h5_staple_10,P3649_MA,M4,D8,375,repeating_units_slats_regular_1,384PP_AQ_BP
layer1-slat12-up-copy3_h5_staple_11,P3652_MA,O13,D8,375,repeating_units_slats_regular_1,384PP_AQ_BP
layer1-slat12-up-copy3_h5_staple_12,P3652_MA,O22,D8,375,repeating_units_slats_regular_1,384PP_AQ_BP
layer1-slat12-up-copy3_h5_staple_13,P3653_MA,A11,D8,375,repeating_units_slats_regular_1,384PP_AQ_BP
layer1-slat12-up-copy3_h5_staple_14,P3650_MA,C8,D8,375,repeating_units_slats_regular_1,384PP_AQ_BP
layer1-slat12-up-copy3_h5_staple_15,P3650_MA,D7,D8,375,repeating_units_slats_regular_1,384PP_AQ_BP
layer1-slat12-up-copy3_h5_staple_16,P3650_MA,E16,D8,375,repeating_units_slats_regular_1,384PP_AQ_BP
layer1-slat12-up-copy3_h5_staple_17,P3650_MA,G15,D8,375,repeating_units_slats_regular_1,384PP_AQ_BP
layer1-slat12-up-copy3_h5_staple_18,P3650_MA,G17,D8,375,repeating_units_slats_regular_1,384PP_AQ_BP
layer1-slat12-up-copy3_h5_staple_19,P3650_MA,J6,D8,375,repeating_units_slats_regular_1,384PP_AQ_BP
layer1-slat12-up-copy3_h5_staple_20,P3653_MA,J17,D8,375,repeating_units_slats_regular_1,384PP_AQ_BP
layer1-slat12-up-copy3_h5_staple_21,P3653_MA,K22,D8,375,repeating_units_slats_regular_1,384PP_AQ_BP
layer1-slat12-up-copy3_h5_staple_22,P3653_MA,N8,D8,375,repeating_units_slats_regular_1,384PP_AQ_BP
layer1-slat12-up-copy3_h5_staple_23,P3650_MA,O7,D8,375,repeating_units_slats_regular_1,384PP_AQ_BP
layer1-slat12-up-copy3_h5_staple_24,P3653_MA,P6,D8,375,repeating_units_slats_regular_1,384PP_AQ_BP
layer1-slat12-up-copy3_h5_staple_25,P3651_MA,A1,D8,375,repeating_units_slats_regular_1,384PP_AQ_BP
layer1-slat12-up-copy3_h5_staple_26,P3651_MA,B14,D8,375,repeating_units_slats_regular_1,384PP_AQ_BP
layer1-slat12-up-copy3_h5_staple_27,P3654_MA,C23,D8,375,repeating_units_slats_regular_1,384PP_AQ_BP
layer1-slat12-up-copy3_h5_staple_28,P3654_MA,F2,D8,375,repeating_units_slats_regular_1,384PP_AQ_BP
layer1-slat12-up-copy3_h5_staple_29,P3651_MA,F15,D8,375,repeating_units_slats_regular_1,384PP_AQ_BP
layer1-slat12-up-copy3_h5_staple_30,P3654_MA,G21,D8,375,repeating_units_slats_regular_1,384PP_AQ_BP
layer1-slat12-up-copy3_h5_staple_31,P3654_MA,J5,D8,375,repeating_units_slats_regular_1,384PP_AQ_BP
layer1-slat12-up-copy3_h5_staple_32,P3651_MA,J19,D8,375,repeating_units_slats_regular_1,384PP_AQ_BP
layer1-slat13-up-copy3_h2_staple_1,sw_src009,{A5;B5;C5;D5},D9,200,repeating_units_slats_regular_1,384PP_AQ_BP
layer1-slat13-up-copy3_h2_staple_2,sw_src009,{A6;B6;C6;D6},D9,200,repeating_units_slats_regular_1,384PP_AQ_BP
layer1-slat13-up-copy3_h2_staple_3,sw_src009,{A7;B7;C7;D7},D9,200,repeating_units_slats_regular_1,384PP_AQ_BP
layer1-slat13-up-copy3_h2_staple_4,sw_src009,{A8;B8;C8;D8},D9,200,repeating_units_slats_regular_1,384PP_AQ_BP
layer1-slat13-up-copy3_h2_staple_5,sw_src009,{A9;B9;C9;D9},D9,200,repeating_units_slats_regular_1,384PP_AQ_BP
layer1-slat13-up-copy3_h2_staple_6,sw_src009,{A10;B10;C10;D10},D9,200,repeating_units_slats_regular_1,384PP_AQ_BP
layer1-slat13-up-copy3_h2_staple_7,sw_src009,{A11;B11;C11;D11},D9,200,repeating_units_slats_regular_1,384PP_AQ_BP
layer1-slat13-up-copy3_h2_staple_8,sw_src009,{A12;B12;C12;D12},D9,200,repeating_units_slats_regular_1,384PP_AQ_BP
layer1-slat13-up-copy3_h2_staple_9,sw_src009,{A13;B13;C13;D13},D9,200,repeating_units_slats_regular_1,384PP_AQ_BP
layer1-slat13-up-copy3_h2_staple_10,sw_src009,{A14;B14;C14;D14},D9,200,repeating_units_slats_regular_1,384PP_AQ_BP
layer1-slat13-up-copy3_h2_staple_11,sw_src009,{A15;B15;C15;D15},D9,200,repeating_units_slats_regular_1,384PP_AQ_BP
layer1-slat13-up-copy3_h2_staple_12,sw_src009,{A16;B16;C16;D16},D9,200,repeating_units_slats_regular_1,384PP_AQ_BP
layer1-slat13-up-copy3_h2_staple_13,sw_src009,{A17;B17;C17;D17},D9,200,repeating_units_slats_regular_1,384PP_AQ_BP
layer1-slat13-up-copy3_h2_staple_14,sw_src009,{A18;B18;C18;D18},D9,200,repeating_units_slats_regular_1,384PP_AQ_BP
layer1-slat13-up-copy3_h2_staple_15,sw_src009,{A19;B19;C19;D19},D9,200,repeating_units_slats_regular_1,384PP_AQ_BP
layer1-slat13-up-copy3_h2_staple_16,sw_src009,{A20;B20;C20;D20},D9,200,repeating_units_slats_regular_1,384PP_AQ_BP
layer1-slat13-up-copy3_h2_staple_17,sw_src009,{E5;F5;G5;H5},D9,200,repeating_units_slats_regular_1,384PP_AQ_BP
layer1-slat13-up-copy3_h2_staple_18,sw_src009,{E6;F6;G6;H6},D9,200,repeating_units_slats_regular_1,384PP_AQ_BP
layer1-slat13-up-copy3_h2_staple_19,sw_src009,{E7;F7;G7;H7},D9,200,repeating_units_slats_regular_1,384PP_AQ_BP
layer1-slat13-up-copy3_h2_staple_20,sw_src009,{E8;F8;G8;H8},D9,200,repeating_units_slats_regular_1,384PP_AQ_BP
layer1-slat13-up-copy3_h2_staple_21,sw_src009,{E9;F9;G9;H9},D9,200,repeating_units_slats_regular_1,384PP_AQ_BP
layer1-slat13-up-copy3_h2_staple_22,sw_src009,{E10;F10;G10;H10},D9,200,repeating_units_slats_regular_1,384PP_AQ_BP
layer1-slat13-up-copy3_h2_staple_23,sw_src009,{E11;F11;G11;H11},D9,200,repeating_units_slats_regular_1,384PP_AQ_BP
layer1-slat13-up-copy3_h2_staple_24,sw_src009,{E12;F12;G12;H12},D9,200,repeating_units_slats_regular_1,384PP_AQ_BP
layer1-slat13-up-copy3_h2_staple_25,sw_src009,{E13;F13;G13;H13},D9,200,repeating_units_slats_regular_1,384PP_AQ_BP
layer1-slat13-up-copy3_h2_staple_26,sw_src009,{E14;F14;G14;H14},D9,200,repeating_units_slats_regular_1,384PP_AQ_BP
layer1-slat13-up-copy3_h2_staple_27,sw_src009,{E15;F15;G15;H15},D9,200,repeating_units_slats_regular_1,384PP_AQ_BP
layer1-slat13-up-copy3_h2_staple_28,sw_src009,{E16;F16;G16;H16},D9,200,repeating_units_slats_regular_1,384PP_AQ_BP
layer1-slat13-up-copy3_h2_staple_29,sw_src009,{E17;F17;G17;H17},D9,200,repeating_units_slats_regular_1,384PP_AQ_BP
layer1-slat13-up-copy3_h2_staple_30,sw_src009,{E18;F18;G18;H18},D9,200,repeating_units_slats_regular_1,384PP_AQ_BP
layer1-slat13-up-copy3_h2_staple_31,sw_src009,{E19;F19;G19;H19},D9,200,repeating_units_slats_regular_1,384PP_AQ_BP
layer1-slat13-up-copy3_h2_staple_32,sw_src009,{E20;F20;G20;H20},D9,200,repeating_units_slats_regular_1,384PP_AQ_BP
layer1-slat13-up-copy3_h5_staple_1,P3649_MA,A18,D9,375,repeating_units_slats_regular_1,384PP_AQ_BP
layer1-slat13-up-copy3_h5_staple_2,P3652_MA,B13,D9,375,repeating_units_slats_regular_1,384PP_AQ_BP
layer1-slat13-up-copy3_h5_staple_3,P3649_MA,D21,D9,375,repeating_units_slats_regular_1,384PP_AQ_BP
layer1-slat13-up-copy3_h5_staple_4,P3649_MA,F3,D9,375,repeating_units_slats_regular_1,384PP_AQ_BP
layer1-slat13-up-copy3_h5_staple_5,P3649_MA,G12,D9,375,repeating_units_slats_regular_1,384PP_AQ_BP
layer1-slat13-up-copy3_h5_staple_6,P3652_MA,G23,D9,375,repeating_units_slats_regular_1,384PP_AQ_BP
layer1-slat13-up-copy3_h5_staple_7,P3649_MA,J3,D9,375,repeating_units_slats_regular_1,384PP_AQ_BP
layer1-slat13-up-copy3_h5_staple_8,P3652_MA,K4,D9,375,repeating_units_slats_regular_1,384PP_AQ_BP
layer1-slat13-up-copy3_h5_staple_9,P3652_MA,L7,D9,375,repeating_units_slats_regular_1,384PP_AQ_BP
layer1-slat13-up-copy3_h5_staple_10,P3652_MA,N1,D9,375,repeating_units_slats_regular_1,384PP_AQ_BP
layer1-slat13-up-copy3_h5_staple_11,P3652_MA,O14,D9,375,repeating_units_slats_regular_1,384PP_AQ_BP
layer1-slat13-up-copy3_h5_staple_12,P3652_MA,P14,D9,375,repeating_units_slats_regular_1,384PP_AQ_BP
layer1-slat13-up-copy3_h5_staple_13,P3650_MA,A6,D9,375,repeating_units_slats_regular_1,384PP_AQ_BP
layer1-slat13-up-copy3_h5_staple_14,P3653_MA,C5,D9,375,repeating_units_slats_regular_1,384PP_AQ_BP
layer1-slat13-up-copy3_h5_staple_15,P3650_MA,D15,D9,375,repeating_units_slats_regular_1,384PP_AQ_BP
layer1-slat13-up-copy3_h5_staple_16,P3653_MA,F6,D9,375,repeating_units_slats_regular_1,384PP_AQ_BP
layer1-slat13-up-copy3_h5_staple_17,P3653_MA,F19,D9,375,repeating_units_slats_regular_1,384PP_AQ_BP
layer1-slat13-up-copy3_h5_staple_18,P3650_MA,H2,D9,375,repeating_units_slats_regular_1,384PP_AQ_BP
layer1-slat13-up-copy3_h5_staple_19,P3650_MA,I16,D9,375,repeating_units_slats_regular_1,384PP_AQ_BP
layer1-slat13-up-copy3_h5_staple_20,P3650_MA,J11,D9,375,repeating_units_slats_regular_1,384PP_AQ_BP
layer1-slat13-up-copy3_h5_staple_21,P3650_MA,L11,D9,375,repeating_units_slats_regular_1,384PP_AQ_BP
layer1-slat13-up-copy3_h5_staple_22,P3653_MA,N6,D9,375,repeating_units_slats_regular_1,384PP_AQ_BP
layer1-slat13-up-copy3_h5_staple_23,P3650_MA,N14,D9,375,repeating_units_slats_regular_1,384PP_AQ_BP
layer1-slat13-up-copy3_h5_staple_24,P3653_MA,P4,D9,375,repeating_units_slats_regular_1,384PP_AQ_BP
layer1-slat13-up-copy3_h5_staple_25,P3654_MA,A5,D9,375,repeating_units_slats_regular_1,384PP_AQ_BP
layer1-slat13-up-copy3_h5_staple_26,P3654_MA,C11,D9,375,repeating_units_slats_regular_1,384PP_AQ_BP
layer1-slat13-up-copy3_h5_staple_27,P3651_MA,D5,D9,375,repeating_units_slats_regular_1,384PP_AQ_BP
layer1-slat13-up-copy3_h5_staple_28,P3654_MA,E22,D9,375,repeating_units_slats_regular_1,384PP_AQ_BP
layer1-slat13-up-copy3_h5_staple_29,P3654_MA,G16,D9,375,repeating_units_slats_regular_1,384PP_AQ_BP
layer1-slat13-up-copy3_h5_staple_30,P3654_MA,H24,D9,375,repeating_units_slats_regular_1,384PP_AQ_BP
layer1-slat13-up-copy3_h5_staple_31,P3654_MA,I8,D9,375,repeating_units_slats_regular_1,384PP_AQ_BP
layer1-slat13-up-copy3_h5_staple_32,P3654_MA,K2,D9,375,repeating_units_slats_regular_1,384PP_AQ_BP
layer1-slat14-up-copy3_h2_staple_1,sw_src009,{A5;B5;C5;D5},D10,200,repeating_units_slats_regular_1,384PP_AQ_BP
layer1-slat14-up-copy3_h2_staple_2,sw_src009,{A6;B6;C6;D6},D10,200,repeating_units_slats_regular_1,384PP_AQ_BP
layer1-slat14-up-copy3_h2_staple_3,sw_src009,{A7;B7;C7;D7},D10,200,repeating_units_slats_regular_1,384PP_AQ_BP
layer1-slat14-up-copy3_h2_staple_4,sw_src009,{A8;B8;C8;D8},D10,200,repeating_units_slats_regular_1,384PP_AQ_BP
layer1-slat14-up-copy3_h2_staple_5,sw_src009,{A9;B9;C9;D9},D10,200,repeating_units_slats_regular_1,384PP_AQ_BP
layer1-slat14-up-copy3_h2_staple_6,sw_src009,{A10;B10;C10;D10},D10,200,repeating_units_slats_regular_1,384PP_AQ_BP
layer1-slat14-up-copy3_h2_staple_7,sw_src009,{A11;B11;C11;D11},D10,200,repeating_units_slats_regular_1,384PP_AQ_BP
layer1-slat14-up-copy3_h2_staple_8,sw_src009,{A12;B12;C12;D12},D10,200,repeating_units_slats_regular_1,384PP_AQ_BP
layer1-slat14-up-copy3_h2_staple_9,sw_src009,{A13;B13;C13;D13},D10,200,repeating_units_slats_regular_1,384PP_AQ_BP
layer1-slat14-up-copy3_h2_staple_10,sw_src009,{A14;B14;C14;D14},D10,200,repeating_units_slats_regular_1,384PP_AQ_BP
layer1-slat14-up-copy3_h2_staple_11,sw_src009,{A15;B15;C15;D15},D10,200,repeating_units_slats_regular_1,384PP_AQ_BP
layer1-slat14-up-copy3_h2_staple_12,sw_src009,{A16;B16;C16;D16},D10,200,repeating_units_slats_regular_1,384PP_AQ_BP
layer1-slat14-up-copy3_h2_staple_13,sw_src009,{A17;B17;C17;D17},D10,200,repeating_units_slats_regular_1,384PP_AQ_BP
layer1-slat14-up-copy3_h2_staple_14,sw_src009,{A18;B18;C18;D18},D10,200,repeating_units_slats_regular_1,384PP_AQ_BP
layer1-slat14-up-copy3_h2_staple_15,sw_src009,{A19;B19;C19;D19},D10,200,repeating_units_slats_regular_1,384PP_AQ_BP
layer1-slat14-up-copy3_h2_staple_16,sw_src009,{A20;B20;C20;D20},D10,200,repeating_units_slats_regular_1,384PP_AQ_BP
layer1-slat14-up-copy3_h2_staple_17,sw_src009,{E5;F5;G5;H5},D10,200,repeating_units_slats_regular_1,384PP_AQ_BP
layer1-slat14-up-copy3_h2_staple_18,sw_src009,{E6;F6;G6;H6},D10,200,repeating_units_slats_regular_1,384PP_AQ_BP
layer1-slat14-up-copy3_h2_staple_19,sw_src009,{E7;F7;G7;H7},D10,200,repeating_units_slats_regular_1,384PP_AQ_BP
layer1-slat14-up-copy3_h2_staple_20,sw_src009,{E8;F8;G8;H8},D10,200,repeating_units_slats_regular_1,384PP_AQ_BP
layer1-slat14-up-copy3_h2_staple_21,sw_src009,{E9;F9;G9;H9},D10,200,repeating_units_slats_regular_1,384PP_AQ_BP
layer1-slat14-up-copy3_h2_staple_22,sw_src009,{E10;F10;G10;H10},D10,200,repeating_units_slats_regular_1,384PP_AQ_BP
layer1-slat14-up-copy3_h2_staple_23,sw_src009,{E11;F11;G11;H11},D10,200,repeating_units_slats_regular_1,384PP_AQ_BP
layer1-slat14-up-copy3_h2_staple_24,sw_src009,{E12;F12;G12;H12},D10,200,repeating_units_slats_regular_1,384PP_AQ_BP
layer1-slat14-up-copy3_h2_staple_25,sw_src009,{E13;F13;G13;H13},D10,200,repeating_units_slats_regular_1,384PP_AQ_BP
layer1-slat14-up-copy3_h2_staple_26,sw_src009,{E14;F14;G14;H14},D10,200,repeating_units_slats_regular_1,384PP_AQ_BP
layer1-slat14-up-copy3_h2_staple_27,sw_src009,{E15;F15;G15;H15},D10,200,repeating_units_slats_regular_1,384PP_AQ_BP
layer1-slat14-up-copy3_h2_staple_28,sw_src009,{E16;F16;G16;H16},D10,200,repeating_units_slats_regular_1,384PP_AQ_BP
layer1-slat14-up-copy3_h2_staple_29,sw_src009,{E17;F17;G17;H17},D10,200,repeating_units_slats_regular_1,384PP_AQ_BP
layer1-slat14-up-copy3_h2_staple_30,sw_src009,{E18;F18;G18;H18},D10,200,repeating_units_slats_regular_1,384PP_AQ_BP
layer1-slat14-up-copy3_h2_staple_31,sw_src009,{E19;F19;G19;H19},D10,200,repeating_units_slats_regular_1,384PP_AQ_BP
layer1-slat14-up-copy3_h2_staple_32,sw_src009,{E20;F20;G20;H20},D10,200,repeating_units_slats_regular_1,384PP_AQ_BP
layer1-slat14-up-copy3_h5_staple_1,P3652_MA,A12,D10,375,repeating_units_slats_regular_1,384PP_AQ_BP
layer1-slat14-up-copy3_h5_staple_2,P3649_MA,C4,D10,375,repeating_units_slats_regular_1,384PP_AQ_BP
layer1-slat14-up-copy3_h5_staple_3,P3649_MA,D20,D10,375,repeating_units_slats_regular_1,384PP_AQ_BP
layer1-slat14-up-copy3_h5_staple_4,P3652_MA,F3,D10,375,repeating_units_slats_regular_1,384PP_AQ_BP
layer1-slat14-up-copy3_h5_staple_5,P3652_MA,G12,D10,375,repeating_units_slats_regular_1,384PP_AQ_BP
layer1-slat14-up-copy3_h5_staple_6,P3649_MA,H14,D10,375,repeating_units_slats_regular_1,384PP_AQ_BP
layer1-slat14-up-copy3_h5_staple_7,P3649_MA,I18,D10,375,repeating_units_slats_regular_1,384PP_AQ_BP
layer1-slat14-up-copy3_h5_staple_8,P3649_MA,K3,D10,375,repeating_units_slats_regular_1,384PP_AQ_BP
layer1-slat14-up-copy3_h5_staple_9,P3652_MA,L14,D10,375,repeating_units_slats_regular_1,384PP_AQ_BP
layer1-slat14-up-copy3_h5_staple_10,P3652_MA,M19,D10,375,repeating_units_slats_regular_1,384PP_AQ_BP
layer1-slat14-up-copy3_h5_staple_11,P3649_MA,N19,D10,375,repeating_units_slats_regular_1,384PP_AQ_BP
layer1-slat14-up-copy3_h5_staple_12,P3649_MA,P22,D10,375,repeating_units_slats_regular_1,384PP_AQ_BP
layer1-slat14-up-copy3_h5_staple_13,P3653_MA,A20,D10,375,repeating_units_slats_regular_1,384PP_AQ_BP
layer1-slat14-up-copy3_h5_staple_14,P3650_MA,C2,D10,375,repeating_units_slats_regular_1,384PP_AQ_BP
layer1-slat14-up-copy3_h5_staple_15,P3650_MA,D24,D10,375,repeating_units_slats_regular_1,384PP_AQ_BP
layer1-slat14-up-copy3_h5_staple_16,P3653_MA,F3,D10,375,repeating_units_slats_regular_1,384PP_AQ_BP
layer1-slat14-up-copy3_h5_staple_17,P3650_MA,F16,D10,375,repeating_units_slats_regular_1,384PP_AQ_BP
layer1-slat14-up-copy3_h5_staple_18,P3653_MA,G18,D10,375,repeating_units_slats_regular_1,384PP_AQ_BP
layer1-slat14-up-copy3_h5_staple_19,P3653_MA,J6,D10,375,repeating_units_slats_regular_1,384PP_AQ_BP
layer1-slat14-up-copy3_h5_staple_20,P3653_MA,J16,D10,375,repeating_units_slats_regular_1,384PP_AQ_BP
layer1-slat14-up-copy3_h5_staple_21,P3650_MA,L11,D10,375,repeating_units_slats_regular_1,384PP_AQ_BP
layer1-slat14-up-copy3_h5_staple_22,P3653_MA,M19,D10,375,repeating_units_slats_regular_1,384PP_AQ_BP
layer1-slat14-up-copy3_h5_staple_23,P3653_MA,O8,D10,375,repeating_units_slats_regular_1,384PP_AQ_BP
layer1-slat14-up-copy3_h5_staple_24,P3650_MA,P24,D10,375,repeating_units_slats_regular_1,384PP_AQ_BP
layer1-slat14-up-copy3_h5_staple_25,P3651_MA,A17,D10,375,repeating_units_slats_regular_1,384PP_AQ_BP
layer1-slat14-up-copy3_h5_staple_26,P3654_MA,B23,D10,375,repeating_units_slats_regular_1,384PP_AQ_BP
layer1-slat14-up-copy3_h5_staple_27,P3654_MA,D6,D10,375,repeating_units_slats_regular_1,384PP_AQ_BP
layer1-slat14-up-copy3_h5_staple_28,P3654_MA,E16,D10,375,repeating_units_slats_regular_1,384PP_AQ_BP
layer1-slat14-up-copy3_h5_staple_29,P3654_MA,G7,D10,375,repeating_units_slats_regular_1,384PP_AQ_BP
layer1-slat14-up-copy3_h5_staple_30,P3654_MA,H7,D10,375,repeating_units_slats_regular_1,384PP_AQ_BP
layer1-slat14-up-copy3_h5_staple_31,P3654_MA,I16,D10,375,repeating_units_slats_regular_1,384PP_AQ_BP
layer1-slat14-up-copy3_h5_staple_32,P3654_MA,K5,D10,375,repeating_units_slats_regular_1,384PP_AQ_BP
layer1-slat15-up-copy3_h2_staple_1,sw_src009,{A5;B5;C5;D5},D11,200,repeating_units_slats_regular_1,384PP_AQ_BP
layer1-slat15-up-copy3_h2_staple_2,sw_src009,{A6;B6;C6;D6},D11,200,repeating_units_slats_regular_1,384PP_AQ_BP
layer1-slat15-up-copy3_h2_staple_3,sw_src009,{A7;B7;C7;D7},D11,200,repeating_units_slats_regular_1,384PP_AQ_BP
layer1-slat15-up-copy3_h2_staple_4,sw_src009,{A8;B8;C8;D8},D11,200,repeating_units_slats_regular_1,384PP_AQ_BP
layer1-slat15-up-copy3_h2_staple_5,sw_src009,{A9;B9;C9;D9},D11,200,repeating_units_slats_regular_1,384PP_AQ_BP
layer1-slat15-up-copy3_h2_staple_6,sw_src009,{A10;B10;C10;D10},D11,200,repeating_units_slats_regular_1,384PP_AQ_BP
layer1-slat15-up-copy3_h2_staple_7,sw_src009,{A11;B11;C11;D11},D11,200,repeating_units_slats_regular_1,384PP_AQ_BP
layer1-slat15-up-copy3_h2_staple_8,sw_src009,{A12;B12;C12;D12},D11,200,repeating_units_slats_regular_1,384PP_AQ_BP
layer1-slat15-up-copy3_h2_staple_9,sw_src009,{A13;B13;C13;D13},D11,200,repeating_units_slats_regular_1,384PP_AQ_BP
layer1-slat15-up-copy3_h2_staple_10,sw_src009,{A14;B14;C14;D14},D11,200,repeating_units_slats_regular_1,384PP_AQ_BP
layer1-slat15-up-copy3_h2_staple_11,sw_src009,{A15;B15;C15;D15},D11,200,repeating_units_slats_regular_1,384PP_AQ_BP
layer1-slat15-up-copy3_h2_staple_12,sw_src009,{A16;B16;C16;D16},D11,200,repeating_units_slats_regular_1,384PP_AQ_BP
layer1-slat15-up-copy3_h2_staple_13,sw_src009,{A17;B17;C17;D17},D11,200,repeating_units_slats_regular_1,384PP_AQ_BP
layer1-slat15-up-copy3_h2_staple_14,sw_src009,{A18;B18;C18;D18},D11,200,repeating_units_slats_regular_1,384PP_AQ_BP
layer1-slat15-up-copy3_h2_staple_15,sw_src009,{A19;B19;C19;D19},D11,200,repeating_units_slats_regular_1,384PP_AQ_BP
layer1-slat15-up-copy3_h2_staple_16,sw_src009,{A20;B20;C20;D20},D11,200,repeating_units_slats_regular_1,384PP_AQ_BP
layer1-slat15-up-copy3_h2_staple_17,sw_src009,{E5;F5;G5;H5},D11,200,repeating_units_slats_regular_1,384PP_AQ_BP
layer1-slat15-up-copy3_h2_staple_18,sw_src009,{E6;F6;G6;H6},D11,200,repeating_units_slats_regular_1,384PP_AQ_BP
layer1-slat15-up-copy3_h2_staple_19,sw_src009,{E7;F7;G7;H7},D11,200,repeating_units_slats_regular_1,384PP_AQ_BP
layer1-slat15-up-copy3_h2_staple_20,sw_src009,{E8;F8;G8;H8},D11,200,repeating_units_slats_regular_1,384PP_AQ_BP
layer1-slat15-up-copy3_h2_staple_21,sw_src009,{E9;F9;G9;H9},D11,200,repeating_units_slats_regular_1,384PP_AQ_BP
layer1-slat15-up-copy3_h2_staple_22,sw_src009,{E10;F10;G10;H10},D11,200,repeating_units_slats_regular_1,384PP_AQ_BP
layer1-slat15-up-copy3_h2_staple_23,sw_src009,{E11;F11;G11;H11},D11,200,repeating_units_slats_regular_1,384PP_AQ_BP
layer1-slat15-up-copy3_h2_staple_24,sw_src009,{E12;F12;G12;H12},D11,200,repeating_units_slats_regular_1,384PP_AQ_BP
layer1-slat15-up-copy3_h2_staple_25,sw_src009,{E13;F13;G13;H13},D11,200,repeating_units_slats_regular_1,384PP_AQ_BP
layer1-slat15-up-copy3_h2_staple_26,sw_src009,{E14;F14;G14;H14},D11,200,repeating_units_slats_regular_1,384PP_AQ_BP
layer1-slat15-up-copy3_h2_staple_27,sw_src009,{E15;F15;G15;H15},D11,200,repeating_units_slats_regular_1,384PP_AQ_BP
layer1-slat15-up-copy3_h2_staple_28,sw_src009,{E16;F16;G16;H16},D11,200,repeating_units_slats_regular_1,384PP_AQ_BP
layer1-slat15-up-copy3_h2_staple_29,sw_src009,{E17;F17;G17;H17},D11,200,repeating_units_slats_regular_1,384PP_AQ_BP
layer1-slat15-up-copy3_h2_staple_30,sw_src009,{E18;F18;G18;H18},D11,200,repeating_units_slats_regular_1,384PP_AQ_BP
layer1-slat15-up-copy3_h2_staple_31,sw_src009,{E19;F19;G19;H19},D11,200,repeating_units_slats_regular_1,384PP_AQ_BP
layer1-slat15-up-copy3_h2_staple_32,sw_src009,{E20;F20;G20;H20},D11,200,repeating_units_slats_regular_1,384PP_AQ_BP
layer1-slat15-up-copy3_h5_staple_1,P3649_MA,A19,D11,375,repeating_units_slats_regular_1,384PP_AQ_BP
layer1-slat15-up-copy3_h5_staple_2,P3652_MA,B24,D11,375,repeating_units_slats_regular_1,384PP_AQ_BP
layer1-slat15-up-copy3_h5_staple_3,P3649_MA,D24,D11,375,repeating_units_slats_regular_1,384PP_AQ_BP
layer1-slat15-up-copy3_h5_staple_4,P3649_MA,E14,D11,375,repeating_units_slats_regular_1,384PP_AQ_BP
layer1-slat15-up-copy3_h5_staple_5,P3649_MA,G7,D11,375,repeating_units_slats_regular_1,384PP_AQ_BP
layer1-slat15-up-copy3_h5_staple_6,P3649_MA,G21,D11,375,repeating_units_slats_regular_1,384PP_AQ_BP
layer1-slat15-up-copy3_h5_staple_7,P3652_MA,I6,D11,375,repeating_units_slats_regular_1,384PP_AQ_BP
layer1-slat15-up-copy3_h5_staple_8,P3649_MA,K9,D11,375,repeating_units_slats_regular_1,384PP_AQ_BP
layer1-slat15-up-copy3_h5_staple_9,P3652_MA,K21,D11,375,repeating_units_slats_regular_1,384PP_AQ_BP
layer1-slat15-up-copy3_h5_staple_10,P3649_MA,M1,D11,375,repeating_units_slats_regular_1,384PP_AQ_BP
layer1-slat15-up-copy3_h5_staple_11,P3652_MA,O11,D11,375,repeating_units_slats_regular_1,384PP_AQ_BP
layer1-slat15-up-copy3_h5_staple_12,P3649_MA,P24,D11,375,repeating_units_slats_regular_1,384PP_AQ_BP
layer1-slat15-up-copy3_h5_staple_13,P3650_MA,A21,D11,375,repeating_units_slats_regular_1,384PP_AQ_BP
layer1-slat15-up-copy3_h5_staple_14,P3653_MA,B14,D11,375,repeating_units_slats_regular_1,384PP_AQ_BP
layer1-slat15-up-copy3_h5_staple_15,P3653_MA,D21,D11,375,repeating_units_slats_regular_1,384PP_AQ_BP
layer1-slat15-up-copy3_h5_staple_16,P3650_MA,E17,D11,375,repeating_units_slats_regular_1,384PP_AQ_BP
layer1-slat15-up-copy3_h5_staple_17,P3653_MA,F9,D11,375,repeating_units_slats_regular_1,384PP_AQ_BP
layer1-slat15-up-copy3_h5_staple_18,P3653_MA,G23,D11,375,repeating_units_slats_regular_1,384PP_AQ_BP
layer1-slat15-up-copy3_h5_staple_19,P3650_MA,I7,D11,375,repeating_units_slats_regular_1,384PP_AQ_BP
layer1-slat15-up-copy3_h5_staple_20,P3650_MA,J23,D11,375,repeating_units_slats_regular_1,384PP_AQ_BP
layer1-slat15-up-copy3_h5_staple_21,P3653_MA,L22,D11,375,repeating_units_slats_regular_1,384PP_AQ_BP
layer1-slat15-up-copy3_h5_staple_22,P3653_MA,M4,D11,375,repeating_units_slats_regular_1,384PP_AQ_BP
layer1-slat15-up-copy3_h5_staple_23,P3653_MA,N16,D11,375,repeating_units_slats_regular_1,384PP_AQ_BP
layer1-slat15-up-copy3_h5_staple_24,P3653_MA,P18,D11,375,repeating_units_slats_regular_1,384PP_AQ_BP
layer1-slat15-up-copy3_h5_staple_25,P3654_MA,A7,D11,375,repeating_units_slats_regular_1,384PP_AQ_BP
layer1-slat15-up-copy3_h5_staple_26,P3654_MA,C7,D11,375,repeating_units_slats_regular_1,384PP_AQ_BP
layer1-slat15-up-copy3_h5_staple_27,P3654_MA,C19,D11,375,repeating_units_slats_regular_1,384PP_AQ_BP
layer1-slat15-up-copy3_h5_staple_28,P3651_MA,E11,D11,375,repeating_units_slats_regular_1,384PP_AQ_BP
layer1-slat15-up-copy3_h5_staple_29,P3651_MA,F24,D11,375,repeating_units_slats_regular_1,384PP_AQ_BP
layer1-slat15-up-copy3_h5_staple_30,P3654_MA,H5,D11,375,repeating_units_slats_regular_1,384PP_AQ_BP
layer1-slat15-up-copy3_h5_staple_31,P3654_MA,I4,D11,375,repeating_units_slats_regular_1,384PP_AQ_BP
layer1-slat15-up-copy3_h5_staple_32,P3651_MA,J20,D11,375,repeating_units_slats_regular_1,384PP_AQ_BP
layer1-slat16-up-copy3_h2_staple_1,sw_src009,{A5;B5;C5;D5},D12,200,repeating_units_slats_regular_1,384PP_AQ_BP
layer1-slat16-up-copy3_h2_staple_2,sw_src009,{A6;B6;C6;D6},D12,200,repeating_units_slats_regular_1,384PP_AQ_BP
layer1-slat16-up-copy3_h2_staple_3,sw_src009,{A7;B7;C7;D7},D12,200,repeating_units_slats_regular_1,384PP_AQ_BP
layer1-slat16-up-copy3_h2_staple_4,sw_src009,{A8;B8;C8;D8},D12,200,repeating_units_slats_regular_1,384PP_AQ_BP
layer1-slat16-up-copy3_h2_staple_5,sw_src009,{A9;B9;C9;D9},D12,200,repeating_units_slats_regular_1,384PP_AQ_BP
layer1-slat16-up-copy3_h2_staple_6,sw_src009,{A10;B10;C10;D10},D12,200,repeating_units_slats_regular_1,384PP_AQ_BP
layer1-slat16-up-copy3_h2_staple_7,sw_src009,{A11;B11;C11;D11},D12,200,repeating_units_slats_regular_1,384PP_AQ_BP
layer1-slat16-up-copy3_h2_staple_8,sw_src009,{A12;B12;C12;D12},D12,200,repeating_units_slats_regular_1,384PP_AQ_BP
layer1-slat16-up-copy3_h2_staple_9,sw_src009,{A13;B13;C13;D13},D12,200,repeating_units_slats_regular_1,384PP_AQ_BP
layer1-slat16-up-copy3_h2_staple_10,sw_src009,{A14;B14;C14;D14},D12,200,repeating_units_slats_regular_1,384PP_AQ_BP
layer1-slat16-up-copy3_h2_staple_11,sw_src009,{A15;B15;C15;D15},D12,200,repeating_units_slats_regular_1,384PP_AQ_BP
layer1-slat16-up-copy3_h2_staple_12,sw_src009,{A16;B16;C16;D16},D12,200,repeating_units_slats_regular_1,384PP_AQ_BP
layer1-slat16-up-copy3_h2_staple_13,sw_src009,{A17;B17;C17;D17},D12,200,repeating_units_slats_regular_1,384PP_AQ_BP
layer1-slat16-up-copy3_h2_staple_14,sw_src009,{A18;B18;C18;D18},D12,200,repeating_units_slats_regular_1,384PP_AQ_BP
layer1-slat16-up-copy3_h2_staple_15,sw_src009,{A19;B19;C19;D19},D12,200,repeating_units_slats_regular_1,384PP_AQ_BP
layer1-slat16-up-copy3_h2_staple_16,sw_src009,{A20;B20;C20;D20},D12,200,repeating_units_slats_regular_1,384PP_AQ_BP
layer1-slat16-up-copy3_h2_staple_17,sw_src009,{E5;F5;G5;H5},D12,200,repeating_units_slats_regular_1,384PP_AQ_BP
layer1-slat16-up-copy3_h2_staple_18,sw_src009,{E6;F6;G6;H6},D12,200,repeating_units_slats_regular_1,384PP_AQ_BP
layer1-slat16-up-copy3_h2_staple_19,sw_src009,{E7;F7;G7;H7},D12,200,repeating_units_slats_regular_1,384PP_AQ_BP
layer1-slat16-up-copy3_h2_staple_20,sw_src009,{E8;F8;G8;H8},D12,200,repeating_units_slats_regular_1,384PP_AQ_BP
layer1-slat16-up-copy3_h2_staple_21,sw_src009,{E9;F9;G9;H9},D12,200,repeating_units_slats_regular_1,384PP_AQ_BP
layer1-slat16-up-copy3_h2_staple_22,sw_src009,{E10;F10;G10;H10},D12,200,repeating_units_slats_regular_1,384PP_AQ_BP
layer1-slat16-up-copy3_h2_staple_23,sw_src009,{E11;F11;G11;H11},D12,200,repeating_units_slats_regular_1,384PP_AQ_BP
layer1-slat16-up-copy3_h2_staple_24,sw_src009,{E12;F12;G12;H12},D12,200,repeating_units_slats_regular_1,384PP_AQ_BP
layer1-slat16-up-copy3_h2_staple_25,sw_src009,{E13;F13;G13;H13},D12,200,repeating_units_slats_regular_1,384PP_AQ_BP
layer1-slat16-up-copy3_h2_staple_26,sw_src009,{E14;F14;G14;H14},D12,200,repeating_units_slats_regular_1,384PP_AQ_BP
layer1-slat16-up-copy3_h2_staple_27,sw_src009,{E15;F15;G15;H15},D12,200,repeating_units_slats_regular_1,384PP_AQ_BP
layer1-slat16-up-copy3_h2_staple_28,sw_src009,{E16;F16;G16;H16},D12,200,repeating_units_slats_regular_1,384PP_AQ_BP
layer1-slat16-up-copy3_h2_staple_29,sw_src009,{E17;F17;G17;H17},D12,200,repeating_units_slats_regular_1,384PP_AQ_BP
layer1-slat16-up-copy3_h2_staple_30,sw_src009,{E18;F18;G18;H18},D12,200,repeating_units_slats_regular_1,384PP_AQ_BP
layer1-slat16-up-copy3_h2_staple_31,sw_src009,{E19;F19;G19;H19},D12,200,repeating_units_slats_regular_1,384PP_AQ_BP
layer1-slat16-up-copy3_h2_staple_32,sw_src009,{E20;F20;G20;H20},D12,200,repeating_units_slats_regular_1,384PP_AQ_BP
layer1-slat16-up-copy3_h5_staple_1,P3649_MA,B6,D12,375,repeating_units_slats_regular_1,384PP_AQ_BP
layer1-slat16-up-copy3_h5_staple_2,P3649_MA,B20,D12,375,repeating_units_slats_regular_1,384PP_AQ_BP
layer1-slat16-up-copy3_h5_staple_3,P3652_MA,D7,D12,375,repeating_units_slats_regular_1,384PP_AQ_BP
layer1-slat16-up-copy3_h5_staple_4,P3649_MA,F6,D12,375,repeating_units_slats_regular_1,384PP_AQ_BP
layer1-slat16-up-copy3_h5_staple_5,P3652_MA,G2,D12,375,repeating_units_slats_regular_1,384PP_AQ_BP
layer1-slat16-up-copy3_h5_staple_6,P3649_MA,H23,D12,375,repeating_units_slats_regular_1,384PP_AQ_BP
layer1-slat16-up-copy3_h5_staple_7,P3649_MA,I24,D12,375,repeating_units_slats_regular_1,384PP_AQ_BP
layer1-slat16-up-copy3_h5_staple_8,P3649_MA,J13,D12,375,repeating_units_slats_regular_1,384PP_AQ_BP
layer1-slat16-up-copy3_h5_staple_9,P3649_MA,K19,D12,375,repeating_units_slats_regular_1,384PP_AQ_BP
layer1-slat16-up-copy3_h5_staple_10,P3649_MA,M11,D12,375,repeating_units_slats_regular_1,384PP_AQ_BP
layer1-slat16-up-copy3_h5_staple_11,P3652_MA,N15,D12,375,repeating_units_slats_regular_1,384PP_AQ_BP
layer1-slat16-up-copy3_h5_staple_12,P3649_MA,O18,D12,375,repeating_units_slats_regular_1,384PP_AQ_BP
layer1-slat16-up-copy3_h5_staple_13,P3650_MA,A16,D12,375,repeating_units_slats_regular_1,384PP_AQ_BP
layer1-slat16-up-copy3_h5_staple_14,P3653_MA,C15,D12,375,repeating_units_slats_regular_1,384PP_AQ_BP
layer1-slat16-up-copy3_h5_staple_15,P3653_MA,C24,D12,375,repeating_units_slats_regular_1,384PP_AQ_BP
layer1-slat16-up-copy3_h5_staple_16,P3653_MA,F6,D12,375,repeating_units_slats_regular_1,384PP_AQ_BP
layer1-slat16-up-copy3_h5_staple_17,P3650_MA,F15,D12,375,repeating_units_slats_regular_1,384PP_AQ_BP
layer1-slat16-up-copy3_h5_staple_18,P3653_MA,G21,D12,375,repeating_units_slats_regular_1,384PP_AQ_BP
layer1-slat16-up-copy3_h5_staple_19,P3650_MA,I20,D12,375,repeating_units_slats_regular_1,384PP_AQ_BP
layer1-slat16-up-copy3_h5_staple_20,P3653_MA,J11,D12,375,repeating_units_slats_regular_1,384PP_AQ_BP
layer1-slat16-up-copy3_h5_staple_21,P3650_MA,K18,D12,375,repeating_units_slats_regular_1,384PP_AQ_BP
layer1-slat16-up-copy3_h5_staple_22,P3650_MA,M9,D12,375,repeating_units_slats_regular_1,384PP_AQ_BP
layer1-slat16-up-copy3_h5_staple_23,P3653_MA,N22,D12,375,repeating_units_slats_regular_1,384PP_AQ_BP
layer1-slat16-up-copy3_h5_staple_24,P3653_MA,P22,D12,375,repeating_units_slats_regular_1,384PP_AQ_BP
layer1-slat16-up-copy3_h5_staple_25,P3654_MA,B7,D12,375,repeating_units_slats_regular_1,384PP_AQ_BP
layer1-slat16-up-copy3_h5_staple_26,P3651_MA,B16,D12,375,repeating_units_slats_regular_1,384PP_AQ_BP
layer1-slat16-up-copy3_h5_staple_27,P3654_MA,D5,D12,375,repeating_units_slats_regular_1,384PP_AQ_BP
layer1-slat16-up-copy3_h5_staple_28,P3654_MA,F8,D12,375,repeating_units_slats_regular_1,384PP_AQ_BP
layer1-slat16-up-copy3_h5_staple_29,P3654_MA,F10,D12,375,repeating_units_slats_regular_1,384PP_AQ_BP
layer1-slat16-up-copy3_h5_staple_30,P3654_MA,G22,D12,375,repeating_units_slats_regular_1,384PP_AQ_BP
layer1-slat16-up-copy3_h5_staple_31,P3654_MA,I17,D12,375,repeating_units_slats_regular_1,384PP_AQ_BP
layer1-slat16-up-copy3_h5_staple_32,P3654_MA,J15,D12,375,repeating_units_slats_regular_1,384PP_AQ_BP
